job_id,cluster_key,cluster_rank,rank_score,is_refined,wide_rank,selected
R1127015,dentsuaegis|wd3|dan_global||data & ai engineer,1,9.234375,False,1,True
R184217,maersk|wd3|maersk_careers||software engineer - dot net,2,8.8359375,False,2,True
8075011,babelstreet||software engineer,3,8.65625,False,3,True
4715753005,globalhealthcareexchangeinc||software engineer iii,4,8.5234375,False,4,True
RQ112661,bpinternational|wd3|bpcareers||software engineer,5,8.265625,False,5,True
5309141008,procaresolutions||software engineer,6,8.2265625,False,6,True
8068087,storyblocks||platforms engineer,7,7.828125,False,7,True
7235322,"mongodb||software engineer 3, search systems replication & routing",8,7.73046875,False,8,True
7775271003,oddball||back end engineer,9,7.6796875,False,9,True
5430088004,"vercel||software engineer, backend",10,7.59765625,False,10,True
7803020003,verisign||java software engineer,11,7.48828125,False,11,True
5caff613-773d-466d-9876-cd803811d30b,skyflow||software engineer,12,7.46484375,False,12,True
7523834,"mongodb||software engineer, data migration",13,7.4140625,False,13,True
7843774,redventures||software engineer | growth & transformation,14,7.37890625,False,14,True
6115695004,turing||software engineer,15,7.2421875,False,15,True
6099577004,redwoodmaterials||software engineer - ml/computer vision,16,7.17578125,False,16,True
7810449003,oddball||devops engineer,17,7.078125,False,17,True
8558761002,spacex||automation & controls engineer,18,7.0390625,False,18,True
5063929007,xai||software engineer– x core product,19,6.99609375,False,19,True
4674621006,accenturefederalservices||ai/ml engineer,20,6.9765625,False,20,True
5633880004,"vercel||software engineer, deployment infrastructure",21,6.9375,False,21,True
8632433002,moon||full-stack engineer - generalist,22,6.92578125,False,22,True
4643328006,accenturefederalservices||big data analytic developer - full stack,23,6.87109375,False,25,True
4609681006,accenturefederalservices||software engineer,24,6.87109375,False,24,True
0ca9484b-5eb3-45c2-9ea6-64c3f8144a3a,spreetail||software engineer ii,25,6.859375,False,26,True
8050714,rubrik||software engineer - hypervisor,26,6.85546875,False,27,True
4628511006,accenturefederalservices||full stack engineer,27,6.8515625,False,28,True
1208934,hpe|wd5|jobsathpe||ai/ml engineer,28,6.81640625,False,29,True
8398679002,"spacex||backend software engineer, gnc",29,6.78515625,False,30,True
4481921005,"scaleai||forward deployed software engineer, public sector",30,6.77734375,False,32,True
R26_820,arcticwolf|wd1|external||python backend developer,31,6.76953125,False,34,True
5551619004,"vercel||software engineer, compute",32,6.76953125,False,33,True
4960949,pfizer|wd1|pfizercareers||ds & ai full stack engineer,33,6.7421875,False,35,True
4681183006,astranis||software engineer- backend intern,34,6.73828125,False,36,True
7957794,"mongodb||technical services engineer, partners",35,6.70703125,False,37,True
8553080002,"spacex||full stack software engineer, data",36,6.703125,False,39,True
8421359002,spacex||full stack software engineer,37,6.703125,False,38,True
R-54185-2026,harman|wd3|harman||software engineer - java backend,38,6.68359375,False,43,True
8637712002,"spacex||software engineer, applied ai",39,6.68359375,False,42,True
8037730,thoughtworks||associate-graduate:developer,40,6.68359375,False,41,True
4906944101,cognite||software engineer - ai/ml systems,41,6.68359375,False,40,True
4608166006,accenturefederalservices||cleared ai/ml engineer,42,6.6640625,False,44,True
8639200002,"lyft||ml software engineer, eta",43,6.640625,False,45,True
5252722008,divergent||real-time systems engineer,44,6.60546875,False,47,True
6115863004,"googlefiber||backend engineer, ai systems",45,6.57421875,False,50,True
4698536006,orioninnovation||backend java developer,46,6.57421875,False,49,True
7650609003,tulip||applied ai engineer,47,6.5703125,False,52,True
5365365008,getwellnetwork||ai engineer,48,6.5703125,False,51,True
4686185006,accenturefederalservices||sap devops engineer,49,6.5234375,False,54,True
4689805006,accenturefederalservices||cloud / devops engineer,50,6.5,False,55,True
8054991,"mongodb||software engineer 3, documentation platform",51,6.48828125,False,56,True
5041977007,xai||exceptional designer,52,6.47265625,False,57,True
8633661002,fieldwire||mid-level backend engineer,53,6.46484375,False,58,True
7908785,mongodb||software engineer 3,54,6.453125,False,60,True
R005736,adtran|wd3|adtran||software engineer,55,6.4453125,False,62,True
8551478002,spacex||production supervisor,56,6.4453125,False,61,True
8420526002,"spacex||application software engineer, data",57,6.44140625,False,63,True
5159092007,andurilindustries||2026 early career engineering finance associate,58,6.42578125,False,64,True
4673485006,accenturefederalservices||custom software engineer,59,6.421875,False,65,True
42296,guidehouse|wd1|external||software developer,60,6.40234375,False,67,True
4692256006,accenturefederalservices||forward deployed data engineer - databricks,61,6.38671875,False,68,True
7800617003,axontalentcommunity||2027 us software engineering internship,62,6.375,False,69,True
8493473002,spacex||automation & controls specialist,63,6.37109375,False,70,True
4669270006,accenturefederalservices||generative ai applications engineer,64,6.35546875,False,71,True
1209483,hpe|wd5|jobsathpe||software engineer,65,6.34765625,False,75,True
8560018002,"spacex||chemical process specialist, pcb",66,6.33984375,False,78,True
8558858002,spacex||software engineer,67,6.33984375,False,76,True
4022384009,arcanaanalytics||devops engineer,68,6.3359375,False,79,True
7523920,"mongodb||software engineer 3, atlas search systems",69,6.33203125,False,82,True
R264053,analogdevices|wd1|external||cloud software engineer,70,6.3203125,False,85,True
8566918002,axs||software engineer,71,6.3203125,False,84,True
8404440002,axogen||ai/ml engineer,72,6.3203125,False,83,True
7810360003,freeformfuturecorp||it system administrator,73,6.31640625,False,86,True
8450986002,"spacex||automation & controls specialist, silicon process manufacturing",74,6.30859375,False,88,True
7938794,wehrtyou||site reliability engineer - enterprise technology,75,6.30859375,False,87,True
8016515,fanduel||software engineer,76,6.3046875,False,89,True
5191603007,clerkie||backend engineer,77,6.30078125,False,90,True
8584481002,"spacex||production supervisor, injection molding - night shift",78,6.296875,False,91,True
8031341,fanduel||security engineer,79,6.28515625,False,92,True
8584468002,"spacex||production supervisor, injection molding",80,6.2734375,False,94,True
8584271002,"spacex||software engineer, pcba",81,6.26953125,False,96,True
5428982004,"vercel||software engineer, observability",82,6.26953125,False,95,True
8356627002,spacex||welder/fabricator,83,6.2578125,False,98,True
4644242006,accenturefederalservices||ai / ml engineer,84,6.25390625,False,99,True
8551502002,spacex||production supervisor - assembly & smt,85,6.24609375,False,100,True
4845016101,nebius||developer advocate - token factory,86,6.2421875,False,102,True
4689887006,accenturefederalservices||software developer/engineer,87,6.2421875,False,101,True
5152408007,"xai||software engineer, ads product",88,6.23046875,False,105,True
5167865007,andurilindustries||early career firmware engineer,89,6.2265625,False,106,True
65148649-2d74-4af6-a0b0-cad793083d78,tradeify||full stack engineer,90,6.22265625,False,108,True
5165240008,trueclassicteesllc||ai engineer,91,6.22265625,False,107,True
7985390,purestorage||production engineer,92,6.21484375,False,109,True
5252716008,divergent||robotics systems software engineer,93,6.2109375,False,110,True
5613601004,"vercel||software engineer, growth",94,6.20703125,False,111,True
8582141002,"spacex||test engineer, avionics",95,6.19140625,False,114,True
5798406004,"vercel||software engineer, ai gateway",96,6.19140625,False,113,True
4855435101,nice||specialist software architect,97,6.1796875,False,115,True
5191142007,xai||software engineer - platform infrastructure,98,6.17578125,False,116,True
6098390004,"vercel||software engineer, eve",99,6.14453125,False,117,True
8562284002,"spacex||software engineer, flight software",100,6.140625,False,118,True
8632103002,"spacex||application software engineer, employee experience",101,6.1328125,False,119,False
5285921008,gruve||network security engineer,102,6.11328125,False,121,False
8022942,"reddit||machine learning systems engineer, ads ml platform",103,6.1015625,False,122,False
8508640002,"spacex||water treatment specialist, upw & wastewater",104,6.09375,False,124,False
5191113007,"redcellpartners||forward deployed engineer, federal/national security",105,6.09375,False,123,False
6112682004,five9||wem aqm prompt engineer,106,6.0859375,False,127,False
8041664,"mongodb||software engineer 3, voyage control plane",107,6.07421875,False,129,False
5704320004,"vercel||software engineer, agent",108,6.07421875,False,128,False
8546215002,spacex||industrial controls technician,109,6.0625,False,130,False
4655607006,accenturefederalservices||software development engineer,110,6.04296875,False,131,False
8638457002,"spacex||full stack software engineer, observability",111,6.0390625,False,132,False
4326546009,beaconbiosignals||front-end software engineer,112,6.03125,False,134,False
8621621002,"spacex||software engineer, product development",113,6.01953125,False,135,False
8617175002,"spacex||mechanical engineer (structures), starship infrastructure",114,6.015625,False,136,False
8414648002,"spacex||software engineer, tracking",115,6.01171875,False,137,False
R436537,comcast|wd5|comcast_careers||engineer 3 - machine learning,116,5.99609375,False,138,False
6113913004,nymbusinc||product operations,117,5.9921875,False,139,False
6120133004,"kargo||software engineer, edge",118,5.98046875,False,143,False
4324424009,itd||data engineer iv,119,5.98046875,False,142,False
4243668009,redwoodsoftware||software engineer,120,5.98046875,False,141,False
5829711004,diligentcorporation||forward deployed engineer,121,5.9765625,False,145,False
4618777006,accenturefederalservices||cloud platform engineer,122,5.9765625,False,144,False
8604664002,"spacex||application software engineer (c#/ python), data",123,5.95703125,False,146,False
R-108690,mrisoftware|wd501|external_careersite||software engineer iii,124,5.94921875,False,148,False
7807087003,phonepe||software engineer-backend,125,5.94921875,False,147,False
7800446003,"affirm||software engineer ii, backend",126,5.9453125,False,149,False
8590099002,aegworldwide||software engineer- ch- axs,127,5.94140625,False,150,False
8636180002,"spacex||supplier development engineer, hardware & fasteners",128,5.9375,False,152,False
8053843,latitude||embedded software engineer ii - (c++) realtime platform,129,5.93359375,False,153,False
8397683002,"spacex||software engineer, collision avoidance",130,5.92578125,False,155,False
1210565,hpe|wd5|jobsathpe||sw engineering,131,5.92578125,False,154,False
8435953002,spacex||r&d machinist/fabricator,132,5.91796875,False,157,False
7195528,phdata||machine learning solutions architect,133,5.91015625,False,159,False
5788954004,"vercel||software engineer, trust & safety",134,5.91015625,False,158,False
8600019002,"spacex||application software engineer, manufacturing systems",135,5.89453125,False,160,False
5798416004,"vercel||software engineer, workflows",136,5.88671875,False,162,False
5052038007,xai||software engineer - internal tools,137,5.88671875,False,161,False
5189877007,andurilindustries||production software engineer,138,5.8828125,False,163,False
6119171004,twosixtechnologies||software engineer,139,5.87890625,False,164,False
8393557002,spacex||starlink production associate,140,5.87109375,False,165,False
5133682007,andurilindustries||software engineer,141,5.8671875,False,166,False
5364783008,gigaenergy||warehouse technician,142,5.86328125,False,167,False
5254965008,mesh||full stack software engineer - web3,143,5.859375,False,169,False
4685018006,accenturefederalservices||aws cloud engineer,144,5.859375,False,168,False
4533894007,xai||software engineer - training/inference,145,5.85546875,False,171,False
4657188006,accenturefederalservices||infra tech support practitioner,146,5.8515625,False,173,False
5267636008,divergent||am service specialist,147,5.84765625,False,177,False
3ccd9185-0138-4211-a757-428092170dfe,sift||full-stack engineer,148,5.84765625,False,176,False
8402132002,spacex||chemical process engineer,149,5.84375,False,181,False
7939631,nextdoor||gtm engineer,150,5.84375,False,180,False
4691998006,accenturefederalservices||forward data engineer,151,5.84375,False,179,False
4683032006,accenturefederalservices||full stack software engineer,152,5.84375,False,178,False
8398604002,"spacex||full stack software engineer, constellation tools",153,5.83984375,False,182,False
4609467006,accenturefederalservices||data engineer,154,5.8359375,False,184,False
4612894006,accenturefederalservices||cloud engineer,155,5.83203125,False,185,False
R000064918,chevron|wd5|jobs||cloud engineer – hpc compute.,156,5.828125,False,186,False
6105394004,"vercel||software engineer, cdn content",157,5.82421875,False,187,False
8633227002,databricks||solutions architect,158,5.8125,False,194,False
8612903002,spacex||factory build engineer,159,5.8125,False,193,False
5350445008,divergent||am service specialist - interview day 7/24,160,5.8125,False,192,False
5179639004,"vercel||software engineer, cdn",161,5.8125,False,191,False
5166602007,andurilindustries||software engineer - maritime integrated systems,162,5.8125,False,190,False
8603667002,"spacex||application software engineer, manufacturing",163,5.7890625,False,197,False
8436708002,"spacex||software engineer, embedded software",164,5.7890625,False,196,False
5156713007,"andurilindustries||mission software engineer, intelligence systems",165,5.76953125,False,199,False
4708376005,"koboldmetals||assistant general counsel, employment",166,5.765625,False,200,False
8578923002,"spacex||software engineer, low latency computing",167,5.76171875,False,203,False
5112335007,"andurilindustries||software engineer, agentic modeling & simulation",168,5.76171875,False,201,False
8563304002,spacex||fluids engineer,169,5.75390625,False,206,False
8551485002,spacex||wastewater treatment supervisor,170,5.75390625,False,205,False
8449846002,"spacex||software engineer, data - top secret clearance",171,5.75390625,False,204,False
26WD99923,autodesk|wd1|ext||software engineer,172,5.75,False,207,False
8598038002,"spacex||software engineer, c++",173,5.74609375,False,209,False
8010102,"mongodb||software engineer 3, query integration",174,5.74609375,False,208,False
8014448,stitchfix||ml platform engineer,175,5.7421875,False,210,False
8420823002,spacex||production engineer,176,5.73828125,False,212,False
8637755002,"spacex||software engineer, starlink ux",177,5.72265625,False,215,False
4688445006,accenturefederalservices||devops engineer,178,5.72265625,False,213,False
8587084002,spacex||operations engineer,179,5.71484375,False,218,False
8443290002,"spacex||software engineer, simulation",180,5.71484375,False,217,False
4243666009,redwoodsoftware||associate software engineer,181,5.71484375,False,216,False
8612094002,spacex||factory engineer,182,5.7109375,False,219,False
8551470002,spacex||manufacturing supervisor,183,5.703125,False,222,False
8533859002,"spacex||software engineer, continuous integration",184,5.703125,False,221,False
4693021006,accenturefederalservices||cloud engineer - terraform + gitlab,185,5.703125,False,220,False
8391268002,spacex||automation & controls specialist (starship) - level 4/5,186,5.69921875,False,223,False
4609468006,accenturefederalservices||cleared data engineer,187,5.6953125,False,225,False
8612924002,"spacex||automation & controls engineer, insource manufacturing",188,5.68359375,False,227,False
J-81501,travelhrportal|wd1|jobs||etl developer,189,5.6796875,False,229,False
8490537002,"spacex||pvd process engineer, solar cells",190,5.6796875,False,228,False
7310607,zuora||dev. ops engineer,191,5.67578125,False,230,False
4956028007,xai||exceptional software engineer,192,5.66796875,False,232,False
8522992002,"spacex||supervisor, production scheduling",193,5.66015625,False,235,False
8112909002,workato||software engineer - ai agent platforms,194,5.66015625,False,234,False
8583930002,spacex||manufacturing supervisor - night shift,195,5.65625,False,239,False
8533686002,"spacex||software engineer, telemetry - top secret clearance",196,5.65625,False,238,False
4991618007,"andurilindustries||software engineer, data engineering",197,5.65625,False,237,False
8593183002,"spacex||software engineer, flight software c++",198,5.65234375,False,241,False
8042468,urbancompass||software engineer ii,199,5.640625,False,244,False
7719651003,affirm||machine learning engineer ii,200,5.640625,False,243,False
4687505006,pitchbookdata||machine learning engineer,201,5.640625,False,242,False
8624761002,spacex||rf software engineer,202,5.6328125,False,249,False
R10267462,"veralto|wd1|videojetjobs||production engineering, supervisor",203,5.62890625,False,254,False
8540363002,"spacex||propulsion engineer, chamber and nozzle manufacturing",204,5.62890625,False,253,False
7807556003,doitintl||cloud architect - productivity,205,5.62890625,False,252,False
6983933,phdata||solutions architect,206,5.62890625,False,251,False
4005123009,"kodiak||software engineer, embedded",207,5.62890625,False,250,False
5058466007,"andurilindustries||tactical network & mission systems engineer, maritime",208,5.62109375,False,256,False
8052726,"waymo||machine learning engineer, gpu kernel and runtime",209,5.61328125,False,263,False
6115993004,nymbusinc||ai product builder - payments,210,5.61328125,False,262,False
4695183006,accenturefederalservices||google cloud platform (gcp) data engineer,211,5.61328125,False,261,False
8075469,"stripe||software engineer, optimized checkout & link",212,5.609375,False,264,False
8577262002,"spacex||software engineer, network observability",213,5.59765625,False,268,False
8413684002,spacex||critical lift & transport engineer,214,5.59765625,False,266,False
8470330002,"spacex||launch engineer, stage 0 propellant generation",215,5.59375,False,271,False
7810232003,rocketlab||gnc engineer ii,216,5.59375,False,270,False
5182183007,xai||software engineer - x data,217,5.58984375,False,272,False
5064165007,"andurilindustries||software engineer, intelligence systems",218,5.58203125,False,274,False
4685954006,accenturefederalservices||cleared devops engineer,219,5.58203125,False,273,False
8069662,sonicwall||distinguished engineer – ai/ml,220,5.578125,False,277,False
5217166008,pointwild||backend architect - golang,221,5.578125,False,276,False
5179367007,xai||software engineer - network,222,5.578125,False,275,False
8583051002,spacex||manufacturing specialist (optical production) - 2nd shift,223,5.57421875,False,279,False
7723260003,verisign||software engineer - automation,224,5.57421875,False,278,False
8495213002,"spacex||electrical test specialist, pcb",225,5.5703125,False,281,False
7523911,"mongodb||software engineer 3, atlas vector search",226,5.5703125,False,280,False
7619114003,nearform||forward deployed engineer,227,5.56640625,False,282,False
8627507002,"spacex||december 2026 new graduate engineer, mechanical",228,5.55859375,False,284,False
4608156006,accenturefederalservices||data architect,229,5.5546875,False,285,False
5191452007,"andurilindustries||production associate, sentry",230,5.55078125,False,288,False
5116367007,"andurilindustries||npi engineer, actuators",231,5.55078125,False,287,False
8458001002,"spacex||software engineer, starlink network",232,5.546875,False,290,False
4697735006,accenturefederalservices||snowflake developer,233,5.546875,False,289,False
8586076002,spacex||water treatment engineer,234,5.54296875,False,292,False
8494238002,spacex||application software engineer,235,5.5390625,False,297,False
8476427002,"spacex||software engineer, data",236,5.5390625,False,296,False
5185576008,backblaze||software engineer iii,237,5.5390625,False,294,False
4681652006,accenturefederalservices||cno developer,238,5.5390625,False,293,False
8599644002,janestreet||software engineer,239,5.53515625,False,301,False
8556861002,"unchainedlabs||software engineer, custom automation",240,5.53515625,False,300,False
7697783003,rocketlab||manufacturing engineer ii,241,5.53515625,False,299,False
8578931002,"spacex||software engineer, high performance computing",242,5.53125,False,305,False
8559015002,spacex||ai software engineer,243,5.53125,False,304,False
5124616007,xai||software engineer - data,244,5.53125,False,302,False
8317901002,spacex||build coordinator,245,5.52734375,False,307,False
5052040007,xai||software engineer - kernels/cuda,246,5.52734375,False,306,False
8508315002,"spacex||manufacturing engineer, machining",247,5.5234375,False,309,False
8497499002,"spacex||new graduate engineer, mechanical",248,5.5234375,False,308,False
8624953002,"spacex||software engineer, cdn",249,5.51953125,False,311,False
4678796006,accenturefederalservices||ai/ml strategist,250,5.515625,False,312,False
8593365002,"spacex||application software engineer, safety & training",251,5.51171875,False,314,False
dad058bc-c45a-4723-9e22-405b65c07a3a,vanta||people automation & ai partner,252,5.5078125,False,317,False
4946696007,xai||software engineer - networking software and services,253,5.5078125,False,316,False
8382088002,"spacex||software engineer, satellite operations",254,5.50390625,False,320,False
5191430007,"andurilindustries||production associate, missiles",255,5.50390625,False,319,False
4309675009,vianttechnology||cloud reliability engineer,256,5.50390625,False,318,False
8052759,newsela||contractor: php website developer,257,5.5,False,323,False
4662623006,accenturefederalservices||cloud devops engineer,258,5.5,False,321,False
5973065004,stage||software engineer - data distribution / data intelligence,259,5.49609375,False,324,False
5159251007,xai||operations engineer,260,5.4921875,False,326,False
7535796,alphasights||mid-level frontend engineer (remote) - uk,261,5.48828125,False,330,False
5474915004,"vercel||software engineer, ai sdk",262,5.48828125,False,329,False
4655610006,accenturefederalservices||ai architect,263,5.48828125,False,328,False
8376990002,"spacex||new graduate engineer, software",264,5.484375,False,333,False
6100885004,extrahopnetworks||software engineer iii | ai/ml,265,5.484375,False,332,False
8637713002,"spacex||software engineer, design engineering",266,5.47265625,False,338,False
4871633007,xai||it systems engineer,267,5.47265625,False,336,False
4680072101,tamara||product engineer ii - web,268,5.47265625,False,335,False
4674322006,accenturefederalservices||python / aws developer,269,5.47265625,False,334,False
8632389002,spacex||propulsion engineer,270,5.46875,False,341,False
7803261003,flyzipline||software engineer - hardware test,271,5.46875,False,340,False
5191604007,"verkada||backend engineer, alarms",272,5.46875,False,339,False
8435949002,spacex||development technician,273,5.46484375,False,343,False
8395307002,"spacex||software engineer, power systems controls",274,5.46484375,False,342,False
8466905002,"spacex||software engineer, design software",275,5.4609375,False,345,False
8052083,wehrtyou||software engineering internship (c++ or python) – summer 2027,276,5.4609375,False,344,False
7968124,"relaypro||associate software engineer, embedded development",277,5.45703125,False,347,False
4768862007,"andurilindustries||head of production, space",278,5.45703125,False,346,False
8051390,"waymo||machine learning engineer, sensor pipelines",279,5.44921875,False,349,False
4599640006,accenturefederalservices||software engineering analyst,280,5.44921875,False,348,False
4668793006,accenturefederalservices||cloud services engineer,281,5.44140625,False,351,False
8533949002,"spacex||supplier development engineer, photovoltaics",282,5.4375,False,353,False
8395341002,spacex||satellite systems software engineer,283,5.4375,False,352,False
5131150007,"andurilindustries||software engineer, tooling",284,5.43359375,False,354,False
8493500002,"spacex||structures engineer, build",285,5.4296875,False,360,False
8483062002,"spacex||production supervisor, starlink silicon assembly",286,5.4296875,False,358,False
5063490007,xai||ai tutor - software engineering specialist,287,5.4296875,False,357,False
8377329002,"spacex||casting specialist, heat shield manufacturing",288,5.42578125,False,361,False
7762930,phdata||forward deployed ai product engineer,289,5.41796875,False,362,False
8576029002,spacex||integration engineer,290,5.41015625,False,364,False
4671061006,accenturefederalservices||devops / platform engineer,291,5.41015625,False,363,False
8527462002,spacex||integration engineer (starship) - night shift,292,5.40625,False,367,False
8451998002,"spacex||software engineer, telemetry",293,5.40625,False,366,False
8621649002,spacex||software engineer (starshield) - top secret clearance,294,5.40234375,False,373,False
8377326002,"spacex||leaching specialist, heat shield manufacturing",295,5.40234375,False,372,False
7565921003,rocketlab||composite technician - all levels,296,5.40234375,False,370,False
4961005007,"andurilindustries||software engineer (active clearance), intelligence systems",297,5.40234375,False,369,False
8524776002,"spacex||machine maintenance specialist, solar cells",298,5.3984375,False,375,False
7302931,cloudflare||software engineer: resiliency - deploy at scale,299,5.3984375,False,374,False
8578929002,"spacex||software engineer, beam planning",300,5.39453125,False,376,False
7821316,mongodb||site reliability engineer 3,301,5.390625,False,377,False
8515065002,wpp||azure dev ops engineer,302,5.38671875,False,378,False
5808568004,"vercel||software engineer, dashboard",303,5.3828125,False,379,False
8635208002,"spacex||automation & controls specialist, solar cell manufacturing",304,5.37890625,False,381,False
7993006002,"gotion||production supervisor, cell line",305,5.37890625,False,380,False
8568970002,spacex||software engineer (special projects) - top secret clearance,306,5.37109375,False,384,False
8530798002,"spacex||embedded software engineer, os/platform",307,5.37109375,False,383,False
6021978004,clickhouse||solutions architect,308,5.3671875,False,385,False
7570898,workatbackbase||ai applied software engineer,309,5.36328125,False,387,False
8578936002,"spacex||embedded software engineer, laser mesh routing",310,5.359375,False,390,False
5248857008,"scoutai||software engineer, agent harnessing",311,5.359375,False,389,False
4689025006,accenturefederalservices||jr. software engineer,312,5.359375,False,388,False
8562076002,"spacex||chemical engineer, pcb",313,5.35546875,False,393,False
5182903007,nerostechnologies||manufacturing systems engineer,314,5.35546875,False,392,False
4675089006,accenturefederalservices||oracle epm consultant,315,5.35546875,False,391,False
R13716,creditacceptance|wd5|credit_acceptance||software engineer ii,316,5.3515625,False,394,False
8551579002,"spacex||manufacturing supervisor, starlink silicon assembly",317,5.34765625,False,396,False
5364760008,gigaenergy||assembly technician,318,5.34765625,False,395,False
5752684004,vercel||forward-deployed engineer,319,5.33984375,False,398,False
5181289007,octus||software engineer,320,5.3359375,False,399,False
5151287007,"andurilindustries||perception engineer, machine learning",321,5.33203125,False,400,False
8553658002,spacex||integration & test engineer,322,5.328125,False,402,False
5624231004,"vercel||account executive- startups, greenfield",323,5.328125,False,401,False
8593342002,"spacex||manufacturing engineer, starship - materials production",324,5.32421875,False,403,False
8573204002,"spacex||software engineer, devops",325,5.3203125,False,407,False
8395276002,"spacex||automation & controls engineer, infrastructure & utility",326,5.3203125,False,405,False
8327721002,"spacex||software engineer, additive manufacturing",327,5.3203125,False,404,False
8571876002,"spacex||kiln technician, thermal hardware",328,5.31640625,False,411,False
4666348006,coreweave||talent programs specialist,329,5.31640625,False,409,False
3da64d98-72d3-4477-a43f-2277501ac556,"arcadia||analytics engineer, life sciences delivery operations",330,5.31640625,False,408,False
b8bc9bef-2dd4-452f-bf07-769dddd1a6c0,"hims-and-hers||software engineer ii, patient platform",331,5.3125,False,413,False
4670863006,accenturefederalservices||cleared software engineer,332,5.3125,False,412,False
8607223002,spacex||production coordinator - multiple shifts,333,5.30859375,False,417,False
8397596002,"spacex||software engineer, hitl - top secret clearance",334,5.30859375,False,415,False
7738475003,rocketlab||spacecraft operations engineer ii,335,5.30859375,False,414,False
6635595,monzo||backend engineer iii,336,5.3046875,False,418,False
R260021171,bmo|wd3|external||mainframe z/os systems programmer,337,5.30078125,False,421,False
8603628002,"spacex||embedded software engineer, satellite antenna",338,5.30078125,False,420,False
8397609002,spacex||full stack software engineer - top secret clearance,339,5.30078125,False,419,False
5160667007,"andurilindustries||infrastructure software engineer, active clearance",340,5.296875,False,422,False
8545793002,"spacex||automation & controls engineer, solar cell factory",341,5.29296875,False,425,False
8530800002,"spacex||machine maintenance technician, solar cells (starlink) - day shift",342,5.29296875,False,424,False
5135863007,andurilindustries||production scheduler,343,5.29296875,False,423,False
8578082002,"spacex||mechanical engineer, fluid systems",344,5.2890625,False,428,False
8575795002,spacex||gateway manufacturing specialist,345,5.2890625,False,427,False
6011651004,vercel||product strategy & operations,346,5.2890625,False,426,False
8565741002,spacex||fleet maintenance technician,347,5.28515625,False,431,False
"Unit 2A & 2B (Octave Block), 6th floor, Parcel - 4, Salarpuria Sattva - Knowledge City, Madhapur, Hyderabad, Telangana, India, Zip/Postal Code: 500081",otis|wd5|rec_ext_gateway||associate engineer,348,5.28125,False,433,False
8506464002,"spacex||automation & controls specialist, assembly manufacturing",349,5.28125,False,432,False
8559054002,"spacex||software engineer, engineering simulation & automation",350,5.27734375,False,435,False
8054878,"thealleninstitute||predoctoral young investigator, open ecosystem",351,5.27734375,False,434,False
8463192002,"spacex||operations analyst, reliability",352,5.2734375,False,438,False
8346155002,"spacex||fluids systems engineer, solar cell factory",353,5.2734375,False,437,False
7738964,"mongodb||contract sourcer, talent discovery",354,5.2734375,False,436,False
8470780002,spacex||propulsion technician,355,5.26171875,False,441,False
8397354002,"spacex||test specialist, factory automation",356,5.2578125,False,442,False
R0007832,"welocalize|wd1|welocalize||head of technology and product, welo data",357,5.25,False,445,False
8633051002,"spacex||build engineer, copvs",358,5.24609375,False,447,False
8489582002,optiverus||trading automation and operations intern,359,5.2421875,False,449,False
7786443003,rocketlab||spacecraft operations engineer i/ii,360,5.2421875,False,448,False
4660560006,accenturefederalservices||devops architect,361,5.23828125,False,450,False
8614098002,"spacex||manufacturing automation engineer, solar",362,5.234375,False,455,False
8592882002,"spacex||scada & controls engineer, infrastructure & utility",363,5.234375,False,454,False
7807138003,rocketlab||test and launch operations engineer i,364,5.234375,False,453,False
5146677007,"andurilindustries||production test specialist, ew",365,5.234375,False,452,False
8607193002,"spacex||mechanical engineer, printer design & manufacturing",366,5.23046875,False,456,False
8621508002,"spacex||software engineer, satellite systems",367,5.22265625,False,458,False
5732855004,vercel||site engineer,368,5.22265625,False,457,False
8562456002,"spacex||build engineer, structures",369,5.21875,False,461,False
82c4c13c-0a9e-4afe-a0cb-d925cf7a15b8,helpscout||brand designer,370,5.21875,False,459,False
8490223002,spacex||mechatronics maintenance engineer,371,5.21484375,False,465,False
4698580006,eulerity||forward deployed engineer,372,5.21484375,False,463,False
4688013006,accenturefederalservices||site reliability engineer,373,5.2109375,False,466,False
8340749002,"spacex||hardware development engineer, pcba manufacturing",374,5.20703125,False,469,False
7528402003,parsebiosciences||general application for future consideration,375,5.20703125,False,468,False
5158899007,"andurilindustries||finance associate, engineering",376,5.20703125,False,467,False
5252728008,divergent||industrial robotics engineer,377,5.203125,False,470,False
8434111002,spacex||shipping specialist,378,5.19921875,False,471,False
8626500002,spacex||data engineer,379,5.1953125,False,477,False
8545873002,spacex||product development engineer,380,5.1953125,False,476,False
8492935002,"workato||intern, ai engineering",381,5.1953125,False,475,False
5175828007,"codepath||account executive, higher education",382,5.1953125,False,474,False
4681370006,specialty1||it server engineer,383,5.1953125,False,473,False
4680742006,accenturefederalservices||full stack developer,384,5.1953125,False,472,False
8045688,mongodb||cloud operations engineer,385,5.19140625,False,478,False
5147847007,"andurilindustries||financial analyst, production",386,5.1875,False,479,False
8553662002,spacex||build specialist,387,5.18359375,False,483,False
7950142,"relaypro||associate software engineer, site reliability",388,5.18359375,False,482,False
Req-48429,"edwards|wd5|edwardscareers||associate salesforce developer, it",389,5.1796875,False,486,False
8439627002,spacex||rf silicon software engineer,390,5.1796875,False,485,False
7783549,appian||junior software engineer - java,391,5.1796875,False,484,False
5189900007,andurilindustries||technical operations engineer,392,5.17578125,False,487,False
8589257002,spacex||starlink production technician - entry level,393,5.1640625,False,493,False
7805049003,phoenixcontact||software development engineer ii,394,5.1640625,False,492,False
5979111004,vercel||head of field engineering operations,395,5.1640625,False,491,False
8550844002,"spacex||production technician, gateways",396,5.16015625,False,496,False
8544608002,"spacex||welding automation engineer, chamber and nozzle",397,5.16015625,False,495,False
8384974002,spacex||maintenance engineer,398,5.15625,False,499,False
4318529009,thepacgroup||material packaging engineer,399,5.15625,False,498,False
8596733002,spacex||starlink production technician,400,5.15234375,False,501,False
8565008002,relativity||shipping & receiving specialist i,401,5.1484375,False,504,False
5136287007,"xai||x developer platform – forward deployed engineer, x api",402,5.1484375,False,503,False
5061295007,andurilindustries||2nd shift production coordinator,403,5.1484375,False,502,False
6119481004,mrbeastyoutube||head of production,404,5.14453125,False,509,False
5160664007,"andurilindustries||head of production, missiles",405,5.14453125,False,508,False
5086631007,"andurilindustries||flight software platform engineer, embedded c/c++, air dominance & strike",406,5.14453125,False,507,False
5042166004,"vercel||commercial account executive, greenfield",407,5.14453125,False,506,False
5025358007,"andurilindustries||head of production, rocket motor systems",408,5.14453125,False,505,False
8369820002,spacex||pcb process technician,409,5.140625,False,512,False
5102393007,"andurilindustries||software engineer, robotics",410,5.140625,False,511,False
4209667009,"redwoodsoftware||solutions engineer, new business",411,5.140625,False,510,False
8440865002,workato||forward deployed engineer,412,5.13671875,False,516,False
8383450002,"spacex||process controls engineer, solar cell factory",413,5.13671875,False,515,False
8459660002,"spacex||gnc engineer, satellite power systems",414,5.1328125,False,520,False
5238831008,trueclassicteesllc||data & analytics engineer,415,5.1328125,False,519,False
4620112006,accenturefederalservices||infrastructure engineer,416,5.1328125,False,517,False
7368213,mongodb||technical services engineer- weekends,417,5.12890625,False,522,False
5167428007,"andurilindustries||quality engineer, maritime",418,5.12890625,False,521,False
8506443002,"spacex||automation & controls engineer, assembly manufacturing",419,5.12109375,False,528,False
8445432002,spacex||production coordinator,420,5.12109375,False,527,False
8601223002,spacex||site reliability engineer,421,5.1171875,False,532,False
8593713002,databricks||ai engineer - fde,422,5.1171875,False,531,False
8585072002,"spacex||software engineer, test infrastructure",423,5.11328125,False,539,False
8568976002,gotion||production supervisor - pack line,424,5.11328125,False,538,False
8565657002,spacex||equipment maintenance technician,425,5.11328125,False,537,False
5806749004,vercel||solutions architect,426,5.11328125,False,536,False
4695151006,accenturefederalservices||google cloud platform (gcp) cloud engineer,427,5.11328125,False,535,False
4601135006,"astranis||embedded software developer, network/payload software intern",428,5.11328125,False,534,False
4324888004,warp||software engineer,429,5.11328125,False,533,False
8473726002,spacex||engineering technician,430,5.109375,False,542,False
4675065006,accenturefederalservices||oracle epm analyst,431,5.109375,False,540,False
e50376f9-befe-42db-88d4-b74173757daa,andromeda||founding product designer,432,5.10546875,False,549,False
8582792002,spacex||build supervisor (starship) - 2nd shift,433,5.10546875,False,548,False
8527038002,spacex||manufacturing specialist - 2nd shift,434,5.10546875,False,547,False
5152591007,"andurilindustries||software engineer, sensor simulation",435,5.10546875,False,545,False
5152463007,andurilindustries||it systems engineer,436,5.10546875,False,544,False
8626648002,spacex||mechanical engineer,437,5.1015625,False,551,False
5737879004,"redwoodmaterials||infrastructure software engineer, energy storage",438,5.1015625,False,550,False
8609228002,"spacex||software engineer, vehicle operations",439,5.09765625,False,556,False
8544694002,"spacex||manufacturing automation engineer, chamber and nozzle",440,5.09765625,False,555,False
8534711002,spacex||development technician (pcba) - 2nd shift,441,5.09765625,False,554,False
8042511,dominodatalab||solution architect,442,5.09765625,False,553,False
5149286007,"andurilindustries||quality specialist, roadrunner",443,5.09765625,False,552,False
R00027904,erm|wd3|erm_earlycareers||data scientist/automation,444,5.08984375,False,561,False
8395371002,"spacex||gnc engineer, device navigation and beam pointing",445,5.08984375,False,560,False
8377056002,"spacex||software engineer, c++ - top secret clearance",446,5.08984375,False,559,False
7777284003,prizepicks||data engineer,447,5.08984375,False,558,False
5191611007,clerkie||full-stack engineer,448,5.08984375,False,557,False
8573279002,spacex||software infrastructure engineer,449,5.0859375,False,567,False
8520607002,"spacex||equipment reliability engineer, solar cells",450,5.0859375,False,566,False
7926448,"boxinc||machine learning engineer iii, search relevance",451,5.0859375,False,565,False
7800628003,axontalentcommunity||2027 us firmware engineering internship,452,5.0859375,False,564,False
4955431007,andurilindustries||chief engineer,453,5.0859375,False,563,False
4643762006,"accenturefederalservices||azure data engineer in st. louis, mo",454,5.0859375,False,562,False
8574243002,"spacex||software engineer, hardware test & automation",455,5.08203125,False,570,False
8533959002,"spacex||supplier development engineer, assembly processes",456,5.08203125,False,569,False
8545886002,spacex||manufacturing specialist,457,5.078125,False,574,False
5178850007,"andurilindustries||head of production, imaging",458,5.078125,False,573,False
4363202006,astranis||embedded software engineer - network software,459,5.078125,False,572,False
0eecd153-c7e7-4098-987c-7d34e9d2850b,hirehangar||frontend-focused full stack developer,460,5.078125,False,571,False
8559200002,"spacex||mechanical engineer, machine design",461,5.07421875,False,576,False
6009442004,ionq||production support engineer,462,5.07421875,False,575,False
5177896007,"andurilindustries||software engineer, 3rd-party integrations",463,5.0703125,False,578,False
4609464006,accenturefederalservices||data scientist,464,5.0703125,False,577,False
8631298002,spacex||wi-fi software engineer,465,5.06640625,False,581,False
8583058002,spacex||manufacturing specialist (satellite transceiver) - 2nd shift,466,5.06640625,False,580,False
8560090002,"spacex||automation & controls specialist, pcb manufacturing",467,5.06640625,False,579,False
8602985002,"spacex||mechanical design engineer, pcb",468,5.0625,False,587,False
8484568002,spacex||product compliance engineer,469,5.0625,False,586,False
8375300002,"spacex||yield engineer, rf final test integration",470,5.0625,False,585,False
4696348006,"figureai||project coordinator, data creators",471,5.0625,False,584,False
4692382006,accenturefederalservices||information system security engineer,472,5.0625,False,583,False
R-102323,riministreet|wd1|riministreet||associate support engineer,473,5.05859375,False,590,False
4644875006,accenturefederalservices||cleared java developer,474,5.05859375,False,589,False
4931246101,roboyo||rpa support engineer - uipath,475,5.0546875,False,591,False
8557504002,spacex||smt process specialist,476,5.05078125,False,598,False
8355208002,"spacex||facilities technician, mechanical",477,5.05078125,False,597,False
7766899003,verisign||junior software engineer,478,5.05078125,False,596,False
5192455007,andurilindustries||test automation engineer,479,5.05078125,False,595,False
5063930007,xai||web engineer - x,480,5.05078125,False,594,False
4835611007,xai||software engineer - platform security,481,5.05078125,False,593,False
8368715002,spacex||embedded software engineer,482,5.046875,False,601,False
5062357007,andurilindustries||software engineer - modeling & simulation,483,5.046875,False,600,False
8565743002,spacex||fleet maintenance technician (starship) - level 4/5,484,5.04296875,False,603,False
4711506007,"tenstorrent||software engineer, tt-distributed",485,5.04296875,False,602,False
cdaaed4d-638d-4348-b2ca-f539a5f0fef5,gohighlevel||accounts payable specialist ii,486,5.0390625,False,607,False
8402121002,spacex||propulsion build engineer,487,5.0390625,False,606,False
4696942006,accenturefederalservices||aws solution architect,488,5.0390625,False,605,False
4669508006,accenturefederalservices||azure infrastructure engineer,489,5.0390625,False,604,False
8632059002,spacex||entry level - laser production technician,490,5.03515625,False,611,False
8592321002,spacex||production project engineer,491,5.03515625,False,610,False
8565726002,"spacex||new graduate engineer, electrical",492,5.03515625,False,609,False
5174717007,"andurilindustries||software engineer, agent platform",493,5.03515625,False,608,False
8384965002,spacex||equipment reliability engineer,494,5.03125,False,613,False
7599452003,"rocketlab||mechanical engineer ii, neutron avionics",495,5.03125,False,612,False
5609732004,turing||forward deployed ai engineer,496,5.02734375,False,617,False
5189898007,andurilindustries||technical field operations engineer,497,5.02734375,False,616,False
5087125007,andurilindustries||warhead design engineer - modeling & simulation,498,5.02734375,False,615,False
5071538007,"andurilindustries||electrical engineer, surface maritime",499,5.02734375,False,614,False
8421017002,"spacex||loads and dynamics engineer, satellites",500,5.0234375,False,620,False
8047815,"roblox||software engineer, ads platform",501,5.0234375,False,619,False
5993753004,"vercel||software engineer, next.js",502,5.0234375,False,618,False
a27c05d4-d8a0-4193-8999-6814d8d447c6,element84||software engineer - federal geospatial,503,5.01953125,False,622,False
8588040002,spacex||starlink production technician - 2nd shift,504,5.015625,False,625,False
5362404008,gruve||it service operations specialist,505,5.015625,False,623,False
8608546002,gitlab||business development representative - mena,506,5.01171875,False,629,False
7943868,mongodb||engineer 3 - gtm tech,507,5.01171875,False,628,False
5149335007,banyansoftware||chief product & technology officer (cpto) - aequitas solutions,508,5.01171875,False,627,False
5043498007,andurilindustries||product sourcing engineer,509,5.01171875,False,626,False
8477422002,spacex||test stand design & build engineer,510,5.0078125,False,635,False
8359713002,spacex||machine maintenance supervisor (starlink) - multiple shifts,511,5.0078125,False,634,False
5196173008,"block||software engineer, cash app - lending products",512,5.0078125,False,632,False
5178115007,"andurilindustries||software engineer, robotics tracking and fusion",513,5.0078125,False,630,False
7806422003,doitintl||corporate fp&a analyst,514,5.00390625,False,638,False
5148199007,andurilindustries||enterprise applications engineer,515,5.00390625,False,636,False
4689020006,accenturefederalservices||jr. devops engineer,516,5.0,False,639,False
7576969003,axon||software engineer i,517,4.99609375,False,640,False
8553649002,spacex||build engineer,518,4.9921875,False,645,False
8394899002,"spacex||gnc engineer, starlink controls",519,4.9921875,False,644,False
5158245007,"andurilindustries||mission software infrastructure engineer, active clearance",520,4.9921875,False,643,False
4919201007,andurilindustries||materials associate,521,4.9921875,False,642,False
8533943002,"spacex||supplier development engineer, mechanical metrology",522,4.98828125,False,649,False
8402254002,spacex||satellite on-orbit operations engineer,523,4.98828125,False,648,False
7938955,piaggiofastforward||dev ops engineer,524,4.98828125,False,647,False
8618424002,cannondesign||project architect iv,525,4.98046875,False,658,False
8506522002,"spacex||manufacturing specialist, pcba",526,4.98046875,False,657,False
8377059002,"spacex||supervisor, it network infrastructure",527,4.98046875,False,656,False
8045205,latitude||gis production analyst,528,4.98046875,False,655,False
5364901008,gigaenergy||people operations generalist,529,4.98046875,False,654,False
1209711,hpe|wd5|jobsathpe||qa automation engineer - networking,530,4.98046875,False,653,False
8004104,"okta||cloud infrastructure architect, okta federal",531,4.97265625,False,663,False
7647797003,"launchdarkly||sdk software engineer, ai",532,4.97265625,False,662,False
5175168007,"andurilindustries||software engineer, training platform",533,4.97265625,False,661,False
8552269002,spacex||fire protection engineer,534,4.96875,False,667,False
4697592006,accenturefederalservices||mid-level servicenow developer,535,4.96875,False,666,False
8552671002,"spacex||mechanical engineer, insource manufacturing",536,4.96484375,False,670,False
7420443002,gotion||mes engineer,537,4.96484375,False,669,False
4711767005,careerteam||devops engineer,538,4.9609375,False,672,False
4657323006,accenturefederalservices||cloud architect,539,4.9609375,False,671,False
8564126002,"spacex||gnc engineer, fleet management",540,4.95703125,False,677,False
8557073002,"spacex||ai engineer, special programs - top secret clearance",541,4.95703125,False,675,False
7460019,"mongodb||technical services engineer, infrastructure - weekend",542,4.95703125,False,674,False
5120404007,andurilindustries||production optical assembly technician,543,4.95703125,False,673,False
8771d8f5-eb2b-49d7-a419-79dba5561b94,fluidstack||project executive,544,4.953125,False,680,False
5129324007,"andurilindustries||software engineer, rapid integration and test",545,4.953125,False,678,False
8544711002,"spacex||manufacturing engineer, chamber and nozzle",546,4.94921875,False,683,False
4851158101,nice||forward deployed engineer,547,4.94921875,False,681,False
8596339002,"spacex||mechanical engineer, tower & launch mount",548,4.9453125,False,687,False
5022011007,"andurilindustries||business operations, international",549,4.9453125,False,686,False
8532395002,"spacex||software engineer, development test",550,4.94140625,False,688,False
7751601003,cookunity||ai native engineer,551,4.9375,False,689,False
8615802002,spacex||pcb technician,552,4.93359375,False,692,False
8397245002,spacex||test technician,553,4.93359375,False,691,False
8623357002,"spacex||manufacturing engineer, machine shop",554,4.9296875,False,695,False
8484560002,spacex||environmental & materials compliance engineer,555,4.9296875,False,694,False
4697289006,accenturefederalservices||cloud migration engineer,556,4.9296875,False,693,False
R-10398711,"fiserv|wd5|ext||advisor, software development engineering",557,4.92578125,False,698,False
8597455002,"spacex||site reliability engineer, kubernetes platform",558,4.92578125,False,697,False
7819100,purestorage||service solutions engineer,559,4.92578125,False,696,False
8603368002,"spacex||integration engineer, heatshield",560,4.921875,False,702,False
7992938002,"gotion||production specialist, cell line",561,4.921875,False,701,False
5124340007,"andurilindustries||chief engineer, radar",562,4.91796875,False,704,False
8560746002,spacex||gnc software engineer - top secret clearance,563,4.9140625,False,706,False
4615154006,accenturefederalservices||innovation and automation specialist,564,4.9140625,False,705,False
8574053002,spacex||factory software engineer,565,4.91015625,False,711,False
7580025,"boxinc||software engineer iii, kubernetes",566,4.91015625,False,710,False
6117204004,"vercel||security software engineer, open source frameworks",567,4.91015625,False,709,False
4715314005,assetwatch||marketing operations analyst,568,4.91015625,False,708,False
8529553002,"spacex||civil engineer, land development",569,4.90625,False,713,False
8418457002,"spacex||instrumentation & controls engineer, solar cell factory",570,4.90625,False,712,False
8601643002,"spacex||process technician, injection molding (starlink) - 2nd shift",571,4.90234375,False,717,False
8506543002,"spacex||equipment maintenance technician, heatshield",572,4.90234375,False,715,False
5082537007,andurilindustries||explosives system safety engineer,573,4.90234375,False,714,False
8552882002,spacex||os/platform software engineer,574,4.8984375,False,720,False
7898756,mongodb||associate tse ii,575,4.8984375,False,719,False
4690994006,accenturefederalservices||junior devops engineer,576,4.8984375,False,718,False
8282400002,gotion||machine learning engineer,577,4.890625,False,723,False
4028247009,woolpert||internships - expression of interest,578,4.890625,False,722,False
1191584,hpe|wd5|acjobsite||experienced .net systems engineer,579,4.890625,False,721,False
d3cb1c9b-ce3a-4da2-9ef6-6b512f514582,gohighlevel||affiliate payment ops specialist ii,580,4.88671875,False,729,False
8584156002,spacex||manufacturing integration engineer,581,4.88671875,False,728,False
8568130002,"spacex||equipment reliability engineer, pcb maintenance",582,4.88671875,False,727,False
4575089006,accenturefederalservices||embedded developer ii,583,4.88671875,False,726,False
7680250,"roku||software engineer, embedded systems",584,4.8828125,False,732,False
6114147004,turing||product owner,585,4.8828125,False,731,False
5134342007,"andurilindustries||quality specialist, maritime",586,4.8828125,False,730,False
8585915002,spacex||test technician (starlink) - temporary,587,4.87890625,False,740,False
8563891002,spacex||build engineer (starship) - nights,588,4.87890625,False,739,False
8543668002,spacex||security software engineer,589,4.87890625,False,737,False
8517361002,"spacex||new graduate engineer, propulsion",590,4.87890625,False,736,False
7650076003,tekion||implementation specialist,591,4.87890625,False,735,False
5178127007,"andurilindustries||systems engineer, battlespace",592,4.87890625,False,734,False
8572162002,"spacex||materials engineer, metals",593,4.875,False,742,False
8568127002,"spacex||equipment maintenance & reliability engineer, pcb",594,4.875,False,741,False
8612995002,workato||field chief technology officer,595,4.87109375,False,745,False
8534757002,"spacex||power electronics engineer, satellites",596,4.87109375,False,744,False
4679080006,"astranis||assembly, integration, and test intern fall 2026",597,4.87109375,False,743,False
R-10398965,"fiserv|wd5|ext||specialist, software development engineering",598,4.86328125,False,752,False
8628456002,spacex||laser production technician,599,4.86328125,False,751,False
8521636002,"spacex||supplier development engineer, mechanical",600,4.86328125,False,749,False
6097367004,"redwoodmaterials||software engineer - site controller, energy storage",601,4.86328125,False,748,False
4324825009,onenergy||agile coach,602,4.86328125,False,747,False
1193164,hpe|wd5|jobsathpe||golang developer,603,4.86328125,False,746,False
8612778002,"spacex||harness design engineer, satellites",604,4.859375,False,757,False
8563892002,spacex||welding build engineer,605,4.859375,False,756,False
6102335004,"vercel||security engineer, cloud",606,4.859375,False,755,False
5101666007,"verkada||full stack engineer, go-to-market systems",607,4.859375,False,754,False
4667196006,accenturefederalservices||pl/sql developer,608,4.859375,False,753,False
R439301,comcast|wd5|comcast_careers||development engineer 3,609,4.85546875,False,760,False
7991641,"roku||software engineer, embedded agentic ai",610,4.85546875,False,759,False
5190195007,"andurilindustries||embedded software engineer, c++",611,4.85546875,False,758,False
7810418003,metrostarsystems||chief enterprise solutions architect,612,4.8515625,False,761,False
8450056002,spacex||power systems engineer,613,4.84765625,False,762,False
8641563002,spacex||transport logistics specialist,614,4.84375,False,769,False
8533953002,"spacex||supplier development engineer, power electronics",615,4.84375,False,768,False
8533945002,"spacex||supplier development engineer, cables",616,4.84375,False,767,False
8436568002,"spacex||electrical engineer, power systems",617,4.84375,False,766,False
8398439002,spacex||warehouse associate,618,4.84375,False,765,False
5356640008,trueclassicteesllc||head of technology,619,4.84375,False,764,False
5118745007,andurilindustries||supplier industrialization engineer,620,4.84375,False,763,False
7681467003,rocketlab||spacecraft mechanical engineer ii - ts/sci,621,4.83984375,False,771,False
4609465006,accenturefederalservices||cleared data scientist,622,4.83984375,False,770,False
8506759002,spacex||manufacturing specialist (starlink) - 2nd shift,623,4.83203125,False,775,False
5042174004,vercel||enterprise account executive,624,4.83203125,False,774,False
32059,csgi|wd5|csgcareers||test engineer ii,625,4.83203125,False,773,False
8584997002,workato||technical product instructor – curriculum & platform education,626,4.828125,False,779,False
8535169002,"spacex||mechanical engineer, propellant generation",627,4.828125,False,778,False
4696545006,accenturefederalservices||icam engineer,628,4.828125,False,777,False
8025021,"roblox||software engineer, data engineering",629,4.82421875,False,785,False
7962270,"boxinc||machine learning engineer iii, core agents",630,4.82421875,False,784,False
7867202,accordion||ai operations associate,631,4.82421875,False,783,False
5156779007,"andurilindustries||modeling, simulation & analysis (msa) engineer - hitl focus",632,4.82421875,False,782,False
4714580005,aviatrix||cloud network architect,633,4.82421875,False,781,False
JR112456,ptc|wd1|ptc||forward deployment engineer - automation (python) & airflow,634,4.8203125,False,789,False
8628379002,spacex||maintenance technician (starlink) - level 4/5,635,4.8203125,False,788,False
8568855002,"spacex||production coordinator, heatshield (starship) - night shift",636,4.8203125,False,787,False
5130014007,"andurilindustries||program financial analyst, autonomous airpower",637,4.8203125,False,786,False
8601631002,"spacex||production scheduler, starship components",638,4.81640625,False,795,False
8533957002,"spacex||supplier development engineer, automation & controls",639,4.81640625,False,794,False
8153173002,cannondesign||architect iii,640,4.81640625,False,793,False
6006419004,monks||business systems analyst,641,4.81640625,False,792,False
4620959006,accenturefederalservices||sap application developer,642,4.81640625,False,791,False
4619283006,astranis||flight software intern,643,4.81640625,False,790,False
8625617002,"spacex||software engineer, components",644,4.8125,False,800,False
8614967002,"spacex||materials engineer, welding",645,4.8125,False,799,False
8535755002,udacity||data technical mentor - independent contractor,646,4.8125,False,798,False
7786028003,prizepicks||software engineer ii,647,4.8125,False,797,False
6026762004,insider||life partnerships fellow,648,4.8125,False,796,False
8570123002,workato||customer centric engineer,649,4.80859375,False,803,False
8504994002,"spacex||launch engineer, fluid systems",650,4.80859375,False,802,False
8395296002,"spacex||automation & controls technician, infrastructure & utility",651,4.80859375,False,801,False
8581299002,"spacex||software engineer, propulsion simulation & data analysis",652,4.8046875,False,808,False
8575857002,"spacex||software engineer, site reliability engineering",653,4.8046875,False,807,False
4688819006,accenturefederalservices||cloud cost/finance ops engineer,654,4.8046875,False,804,False
8559982002,"spacex||mechanical engineer, pcb",655,4.80078125,False,809,False
8623954002,udacity||claude ai engineer technical mentor - independent contractor,656,4.796875,False,811,False
7765684003,verisign||software engineer ii,657,4.796875,False,810,False
8478283002,"spacex||software infrastructure engineer, flight software",658,4.79296875,False,817,False
8383510002,"spacex||mechanical engineer, solar cell factory",659,4.79296875,False,816,False
7902817,"airbnb||software engineer, biztech",660,4.79296875,False,815,False
6093255004,"vercel||security software engineer, iam",661,4.79296875,False,814,False
5365014008,phizenix||asic physical design engineer,662,4.79296875,False,813,False
5120884007,xai||data engineer,663,4.79296875,False,812,False
8636627002,workato||technical instructor,664,4.7890625,False,819,False
8440246002,"spacex||manufacturing engineer, pcba",665,4.7890625,False,818,False
8550962002,spacex||integration & test specialist (bus & payload sub-assemblies) - 2nd shift,666,4.78515625,False,824,False
8453372002,gotion||production quality supervisor,667,4.78515625,False,823,False
6693436,wolt||support associate,668,4.78515625,False,822,False
4666233006,accenturefederalservices||lc/nc administrator/developer,669,4.78515625,False,821,False
8578087002,"spacex||new graduate engineer, launch & test",670,4.78125,False,828,False
8480418002,"spacex||rf/microwave engineer, satellites",671,4.78125,False,827,False
4610676006,accenturefederalservices||data engineer specialist,672,4.78125,False,826,False
7807409003,fivetran||sales engineer enterprise,673,4.77734375,False,833,False
5192290007,"andurilindustries||precision metal fabricator/plate rolling operator, maritime",674,4.77734375,False,832,False
4677697005,rebuildmanufacturing||process quality engineer,675,4.77734375,False,831,False
4608068006,accenturefederalservices||cleared genai engineer,676,4.77734375,False,830,False
8365425002,spacex||tooling design & automation engineer,677,4.7734375,False,837,False
8356343002,spacex||baw filter design engineer,678,4.7734375,False,836,False
8038977,"boxinc||software engineer iii , caching",679,4.7734375,False,835,False
4017276006,"astranis||guidance, navigation & control (gnc) simulation software engineer",680,4.7734375,False,834,False
8632439002,workato||learning management system administrator,681,4.76953125,False,843,False
7895913,latitude||integration & test engineer ii - system test strategy & execution,682,4.76953125,False,842,False
6116617004,turing||strategy and operations associate,683,4.76953125,False,841,False
8397623002,"spacex||gnc engineer, adcs",684,4.765625,False,846,False
5144455007,"andurilindustries||mechanical engineer, production - connected warfare",685,4.765625,False,845,False
5131154007,andurilindustries||phased array engineer,686,4.765625,False,844,False
4697865005,"astspacemobile||technician 1 plm / micron (production, assembly, manufacturing) 4 different shifts available",687,4.76171875,False,847,False
8632982002,spacex||eda engineer,688,4.7578125,False,855,False
8613825002,"spacex||thermal mechanical test engineer, silicon packaging",689,4.7578125,False,853,False
8603366002,"spacex||mechanical engineer, heatshield",690,4.7578125,False,852,False
8543671002,spacex||product security engineer,691,4.7578125,False,851,False
8536717002,"spacex||automation & controls engineer, launch pad",692,4.7578125,False,850,False
7938792,"wehrtyou||site reliability engineer, storage - enterprise technology",693,4.7578125,False,849,False
5166928007,"andurilindustries||commercial hvac/r & mechanical systems technician, maritime",694,4.7578125,False,848,False
R-281017,mastercard|wd1|corporatecareers||software engineer ii - cs,695,4.75390625,False,859,False
8532471002,"spacex||electrical test engineer, pcb",696,4.75390625,False,858,False
8075962,trace3||integration/cds engineer,697,4.75390625,False,857,False
4863272101,davinciderivatives||low latency engineer,698,4.75390625,False,856,False
8623602002,"spacex||propulsion engineer, avionics manufacturing",699,4.75,False,862,False
4696901006,accenturefederalservices||technical writer,700,4.75,False,860,False
8578079002,"spacex||supervisor, nde operations",701,4.74609375,False,867,False
8509293002,"spacex||electrical engineer, pcb",702,4.74609375,False,866,False
5815357004,"vercel||vercel development representative, startups",703,4.74609375,False,865,False
4651798006,accenturefederalservices||sap abap developer,704,4.74609375,False,864,False
8614546002,"spacex||materials engineer, test",705,4.7421875,False,871,False
8027105,zuora||customer solution engineer - ai native/consumption quote to cash,706,4.7421875,False,870,False
5010419007,"xai||supervisor, site operations",707,4.7421875,False,869,False
5124669007,xai||construction superintendent (night shift) – mechanical,708,4.734375,False,874,False
4692035006,accenturefederalservices||front end developer,709,4.734375,False,873,False
8622390002,spacex||thermal hardware engineer,710,4.73046875,False,882,False
8580469002,"spacex||supervisor, nde operations (starship) - nights",711,4.73046875,False,881,False
8550390002,"spacex||water treatment engineer, solar cell factory",712,4.73046875,False,880,False
8487534002,"spacex||software engineer, simulations",713,4.73046875,False,879,False
8454694002,workato||chief strategic architect,714,4.73046875,False,878,False
8392605002,spacex||tig welder,715,4.73046875,False,877,False
7781906003,fossainc||sales engineer,716,4.73046875,False,876,False
5179553007,"shapercapital||founding engineer, beamrail",717,4.73046875,False,875,False
4716215005,maravailifesciences||process development & manufacturing specialist i,718,4.7265625,False,883,False
8533951002,"spacex||supplier development engineer, silicon",719,4.72265625,False,890,False
8420866002,spacex||machine maintenance associate,720,4.72265625,False,889,False
8382583002,"spacex||gnc engineer, orbit determination/stargaze",721,4.72265625,False,888,False
5251604008,senrasystems||hardware recruiter,722,4.72265625,False,887,False
4689900006,coreweave||learning partner- technical development,723,4.72265625,False,886,False
4651087006,accenturefederalservices||java developer,724,4.72265625,False,885,False
8540057002,"spacex||gnc engineer, orbit control",725,4.71484375,False,895,False
5169941007,"andurilindustries||metal plate former/fabricator, maritime",726,4.71484375,False,894,False
5039945004,"vercel||business development representative, majors",727,4.71484375,False,893,False
4715494005,shipbobinc||business development representative - wms,728,4.71484375,False,892,False
8624122002,spacex||production technician,729,4.7109375,False,898,False
5101280007,"andurilindustries||program operations, maritime",730,4.7109375,False,896,False
8634955002,"spacex||operations engineer, facilities",731,4.70703125,False,902,False
8633741002,databricks||solutions architect - public sector,732,4.70703125,False,901,False
8542709002,"spacex||mechanical design engineer, consumer hardware",733,4.70703125,False,900,False
4693017006,accenturefederalservices||performance & reliability engineer,734,4.70703125,False,899,False
8592867002,spacex||power generation engineer,735,4.703125,False,907,False
8497122002,"spacex||mechanical engineer, satellite bus",736,4.703125,False,906,False
5980197004,"vercel||media engineer, social",737,4.703125,False,905,False
5187843007,"andurilindustries||materials and process engineer, air dominance and strike",738,4.703125,False,904,False
4697446006,accenturefederalservices||design technologist,739,4.703125,False,903,False
7918638,intercom||it systems engineer,740,4.6953125,False,911,False
5365130008,emporiarevolutionizinghomeenergy||hardware quality engineer,741,4.6953125,False,910,False
4324873009,acilearning||adjunct career services instructor,742,4.6953125,False,909,False
8579221002,"spacex||manufacturing engineer, tool & die machining",743,4.69140625,False,919,False
8500856002,"spacex||electrical engineer, propellant generation",744,4.69140625,False,917,False
8362795002,spacex||site reliability engineer - top secret clearance,745,4.69140625,False,916,False
8044218,mongodb||associate technical services engineer ii,746,4.69140625,False,915,False
5184586007,xai||reliability engineer,747,4.69140625,False,914,False
4647429006,astranis||production master scheduler,748,4.69140625,False,913,False
8557503002,"spacex||manufacturing engineering specialist, pcba",749,4.6875,False,924,False
5182374007,xai||facilities infrastructure engineer,750,4.6875,False,923,False
5152403007,andurilindustries||product line chief engineer,751,4.6875,False,922,False
5043570007,xai||network engineer - ml infrastructure,752,4.6875,False,921,False
4673138006,accenturefederalservices||software developer,753,4.6875,False,920,False
8564989002,spacex||microelectronics production supervisor (starlink) - 2nd shift,754,4.68359375,False,931,False
8533961002,"spacex||supplier development engineer, routers",755,4.68359375,False,930,False
5166825007,"andurilindustries||hydraulic assembly technician, maritime",756,4.68359375,False,928,False
4697913006,accenturefederalservices||oracle scrum master,757,4.68359375,False,927,False
4688864006,accenturefederalservices||ux researcher,758,4.68359375,False,926,False
4207392009,redwoodsoftware||site reliability engineer,759,4.68359375,False,925,False
JR107861,centific|wd1|centific_global||quality analyst – medical scribing & transcription,760,4.6796875,False,934,False
8622779002,"spacex||launch engineer, spacecraft integration",761,4.6796875,False,933,False
4019475009,eudia||ai engineer,762,4.6796875,False,932,False
8613971002,spacex||hardware development engineer- microelectronics,763,4.67578125,False,940,False
8575988002,"spacex||mechanical engineer, facilities",764,4.67578125,False,939,False
8546761002,spacex||pcb reliability engineer,765,4.67578125,False,938,False
8389697002,"spacex||rf systems analysis engineer, regulatory",766,4.67578125,False,937,False
4691240006,accenturefederalservices||servicenow nuvolo integration engineer,767,4.67578125,False,936,False
4614659006,accenturefederalservices||sap production planning and controlling consultant,768,4.67578125,False,935,False
8621662002,"spacex||materials engineer, additive manufacturing",769,4.671875,False,947,False
8561461002,"spacex||maintenance engineer, pcb",770,4.671875,False,945,False
5166903007,"andurilindustries||electrician, electrical assembly, maritime",771,4.671875,False,944,False
5158936007,zscaler||production engineer,772,4.671875,False,943,False
4648419006,accenturefederalservices||secdevops engineer,773,4.671875,False,942,False
4015622006,astranis||flight software engineer,774,4.671875,False,941,False
R264724,"blackrock|wd1|blackrock_professional||software engineer (python,sql) , portfolio management group, analyst",775,4.66796875,False,952,False
8637826002,spacex||wireless software engineer,776,4.66796875,False,951,False
8500921002,"spacex||tig welder, heatshield",777,4.66796875,False,950,False
4623400006,accenturefederalservices||sap process integration (pi) developer,778,4.66796875,False,949,False
4622162006,accenturefederalservices||servicenow developer,779,4.66796875,False,948,False
8530785002,"spacex||production technician, solar cells (starlink) - day shift",780,4.6640625,False,955,False
7722011,d2l||solutions engineer,781,4.6640625,False,954,False
4742120007,"andurilindustries||chief engineer, advanced effects",782,4.6640625,False,953,False
R440549,comcast|wd5|comcast_careers||data engineer 3,783,4.66015625,False,965,False
R000071331,chevron|wd5|jobs||web developer,784,4.66015625,False,964,False
8f96b791-a170-4959-a772-74e1872f5841,jump-app||application product security engineer,785,4.66015625,False,963,False
8524843002,"spacex||manufacturing specialist, solar cells",786,4.66015625,False,960,False
8407018002,spacex||integration & test specialist (starlink propulsion) - 1st shift,787,4.66015625,False,959,False
8402511002,"spacex||water treatment technician, upw & wastewater",788,4.66015625,False,958,False
5192072007,andurilindustries||production coordinator,789,4.66015625,False,957,False
4685911006,accenturefederalservices||database engineer,790,4.66015625,False,956,False
8575996002,spacex||facilities engineer,791,4.65625,False,968,False
7810502003,flyzipline||new products ground systems mechanical design engineer,792,4.65625,False,967,False
4928202007,"andurilindustries||software test engineer, intelligence systems",793,4.65625,False,966,False
8612730002,"spacex||mechanical engineer, satellites",794,4.65234375,False,975,False
8585929002,atlassand||network engineer,795,4.65234375,False,974,False
8477142002,"spacex||supply chain engineer, pcb",796,4.65234375,False,973,False
7947082,"toast||gtm engineer - sales workflow automation, revenue intelligence",797,4.65234375,False,972,False
7589442,samsara||ai engineer,798,4.65234375,False,971,False
6112143004,"vercel||enterprise account executive, retail",799,4.65234375,False,970,False
5123845007,xai||construction superintendent – mechanical,800,4.65234375,False,969,False
8639139002,"spacex||mechanical designer, automation & controls",801,4.6484375,False,984,False
8611123002,spacex||production reliability engineer,802,4.6484375,False,983,False
8581270002,"spacex||production scheduler, starship",803,4.6484375,False,982,False
8389500002,spacex||structural engineer,804,4.6484375,False,981,False
7786015003,cookunity||food production supervisor,805,4.6484375,False,980,False
7635802003,cookunity||kitchen operations supervisor,806,4.6484375,False,979,False
4689035006,accenturefederalservices||systems engineer,807,4.6484375,False,977,False
4680287006,sharkninjaoperatingllc||applied ai & analytics associate opportunities,808,4.6484375,False,976,False
8570805002,"workato||intern, customer experience",809,4.64453125,False,987,False
8570046002,spacex||it network infrastructure engineer,810,4.64453125,False,986,False
8558285002,"spacex||operations engineer, starlink satellites",811,4.64453125,False,985,False
8579720002,"spacex||starlink specialist, tool and die machining",812,4.640625,False,994,False
8030936,"mongodb||technical services engineer, 1st shift, est hours",813,4.640625,False,992,False
5136434007,andurilindustries||developer experience engineer,814,4.640625,False,990,False
4628919006,accenturefederalservices||data science practitioner,815,4.640625,False,988,False
7511689003,anchanto||security engineer,816,4.63671875,False,997,False
4679074006,"astranis||assembly, integration, and test associate engineer",817,4.63671875,False,996,False
5085890007,xai||data center operations technician,818,4.6328125,False,1001,False
5060066007,"andurilindustries||chief engineer, fury science & tech",819,4.6328125,False,1000,False
4639447006,accenturefederalservices||sap analytics cloud front end developer,820,4.6328125,False,999,False
JR2730,shi|wd12|shicareers||solutions architect - vmware,821,4.62890625,False,1008,False
8627510002,"spacex||december 2026 new graduate engineer, propulsion",822,4.62890625,False,1007,False
8614963002,spacex||site reliability engineer — hpc & automation,823,4.62890625,False,1006,False
8524791002,"spacex||facilities engineer, solar cell factory",824,4.625,False,1015,False
7810003003,fivetran||product counsel,825,4.625,False,1014,False
6118673004,boomilp||systems development engineer 2,826,4.625,False,1013,False
6003203004,"redwoodmaterials||embedded software engineer – power electronics, energy storage",827,4.625,False,1012,False
5126776007,andurilindustries||fpga dsp engineer,828,4.625,False,1010,False
4975955007,"andurilindustries||software engineer, game development",829,4.625,False,1009,False
8573281002,spacex||kubernetes platform infrastructure engineer,830,4.62109375,False,1024,False
8508417002,gotion||qms engineer,831,4.62109375,False,1023,False
8462757002,spacex||build reliability engineer,832,4.62109375,False,1022,False
7839416,"thealleninstitute||predoctoral young investigator, robotics",833,4.62109375,False,1021,False
7572075,cloudflare||forward deployed engineer,834,4.62109375,False,1020,False
5131257007,andurilindustries||product sourcing engineer raw materials,835,4.62109375,False,1019,False
4799423007,andurilindustries||cnc programmer,836,4.62109375,False,1018,False
008e7a74-06c5-4020-b165-103921002e17,element84||ai systems engineer,837,4.62109375,False,1016,False
8527089002,spacex||production scheduler,838,4.6171875,False,1030,False
8355234002,spacex||hvac technician (starlink) - level 4/5,839,4.6171875,False,1029,False
8075709,"datadog||product designer ii, metrics",840,4.6171875,False,1028,False
7ec9eaf4-8cfc-4977-9041-86f73e7ab10b,"cohere||research scientist, cohere labs",841,4.6171875,False,1027,False
4694011006,pitchbookdata||ai enablement specialist,842,4.6171875,False,1026,False
4657329006,accenturefederalservices||devsecops engineer,843,4.6171875,False,1025,False
8555804002,spacex||process development engineer,844,4.61328125,False,1036,False
5148583007,andurilindustries||oracle fusion solution architect,845,4.61328125,False,1034,False
4659911006,accenturefederalservices||cyber r&d engineer,846,4.61328125,False,1033,False
4656459006,accenturefederalservices||peoplesoft application developer,847,4.61328125,False,1032,False
4648420006,accenturefederalservices||solution architect,848,4.61328125,False,1031,False
8597945002,spacex||facilities controls & automation engineer,849,4.609375,False,1044,False
8574247002,spacex||production shift supervisor,850,4.609375,False,1043,False
8541336002,"spacex||new graduate engineer, electrical - satellites",851,4.609375,False,1042,False
5989803004,vercel||developer success engineer,852,4.609375,False,1041,False
5163958007,andurilindustries||mission operations engineer,853,4.609375,False,1040,False
47920ccd-db54-4ed4-a865-70857e865fff,confluent||distributed systems software engineer - warpsteam,854,4.609375,False,1039,False
4693259006,accenturefederalservices||pega application developer,855,4.609375,False,1038,False
4679031006,accenturefederalservices||cybersecurity engineer-ii,856,4.609375,False,1037,False
J-83571,travelhrportal|wd1|jobs||middleware platform engineer,857,4.60546875,False,1052,False
8546238002,"spacex||electrical engineer, facilities",858,4.60546875,False,1051,False
8498606002,zoominfo||forward deployed data engineer,859,4.60546875,False,1049,False
4715171005,shipbobinc||business development representative,860,4.60546875,False,1047,False
4663057006,accenturefederalservices||palantir data engineer,861,4.60546875,False,1046,False
4625132006,accenturefederalservices||servicenow business analyst,862,4.60546875,False,1045,False
8440972002,"spacex||hardware test automation engineer, satellites",863,4.6015625,False,1054,False
7771359003,flyzipline||battery modeling engineer,864,4.6015625,False,1053,False
8328528002,"spacex||supervisor, welding",865,4.59765625,False,1056,False
7774173003,"smxtech||unmanned surface vehicle (usv) craft maintainer / operator, maritime",866,4.59375,False,1059,False
7758311003,nearform||field cto,867,4.59375,False,1058,False
4644934006,"accenturefederalservices||data engineer in st. louis, mo",868,4.59375,False,1057,False
JR346860,salesforce|wd12|external_career_site||technical architect - mulesoft,869,4.58984375,False,1072,False
8612766002,"spacex||mechanical engineer, satellite harnessing",870,4.58984375,False,1071,False
8601649002,spacex||injection molding technician - 2nd shift,871,4.58984375,False,1070,False
8534765002,"spacex||hardware development engineer, power",872,4.58984375,False,1069,False
8398061002,"spacex||manufacturing engineer – supplier development, optics & optomechanical systems",873,4.58984375,False,1068,False
7527300,"roku||software engineer, embedded ui",874,4.58984375,False,1067,False
7505525002,gotion||production planning specialist,875,4.58984375,False,1066,False
5363314008,alliancedefendingfreedom||systems administrator,876,4.58984375,False,1065,False
5124681007,xai||construction superintendent (night shift) – structural,877,4.58984375,False,1064,False
4681756006,accenturefederalservices||ux designer,878,4.58984375,False,1063,False
4681414006,accenturefederalservices||sap project systems (ps) consultant,879,4.58984375,False,1062,False
4648958006,accenturefederalservices||pega developer,880,4.58984375,False,1061,False
5081020007,"andurilindustries||chief engineer, fury development",881,4.5859375,False,1073,False
8625615002,"spacex||software engineer, components test",882,4.58203125,False,1077,False
4619726006,astranis||communications/dsp intern,883,4.58203125,False,1074,False
8634575002,spacex||electrical engineer,884,4.578125,False,1080,False
8477451002,spacex||flight software infrastructure engineer,885,4.578125,False,1079,False
8585048002,"spacex||starlink specialist, tool and die machining - 2nd shift",886,4.57421875,False,1088,False
8484564002,spacex||rf & wireless compliance engineer,887,4.57421875,False,1087,False
8477140002,"spacex||supplier industrialization engineer, pcb",888,4.57421875,False,1086,False
7947324,relaypro||production graphic designer,889,4.57421875,False,1085,False
7810045003,flyzipline||logistics specialist,890,4.57421875,False,1084,False
5112663008,apexcompanies||engineer 2,891,4.57421875,False,1083,False
4716716005,rebuildmanufacturing||production associate,892,4.57421875,False,1082,False
4715789005,rebuildmanufacturing||composite technician,893,4.57421875,False,1081,False
8641196002,"relativity||quality engineer ii, test & launch",894,4.5703125,False,1093,False
8574353002,"spacex||manufacturing engineer, tool & die machining - 2nd shift",895,4.5703125,False,1092,False
8477099002,"spacex||supplier development engineer, pcb",896,4.5703125,False,1091,False
8357111002,spacex||baw device engineer,897,4.5703125,False,1090,False
4643648006,accenturefederalservices||servicenow architect,898,4.5703125,False,1089,False
99cc333f-10e7-46b4-bd03-e116d327fa6f,campus||ai instructor,899,4.56640625,False,1101,False
8599648002,spacex||network software integration engineer,900,4.56640625,False,1099,False
8597840002,"spacex||production scheduler, starlink machining operations",901,4.56640625,False,1098,False
8563638002,cannondesign||architect - entry level,902,4.56640625,False,1097,False
8524877002,"spacex||silicon packaging process engineer, production",903,4.56640625,False,1096,False
7918310,relaypro||solutions engineer,904,4.56640625,False,1095,False
6092680004,boomilp||ai full stack engineer,905,4.56640625,False,1094,False
8631837002,"lyft||software engineer, async platform",906,4.5625,False,1109,False
8583074002,"spacex||software engineer, hardware-in-the-loop",907,4.5625,False,1108,False
8581417002,spacex||hardware reliability specialist,908,4.5625,False,1107,False
8335230002,"spacex||thermal hardware specialist, casting & leaching",909,4.5625,False,1106,False
5186018007,"andurilindustries||engineering technical fellow, solid rocket motors",910,4.5625,False,1104,False
5108653007,andurilindustries||game development engineer,911,4.5625,False,1103,False
4697435006,"vast||manufacturing planner, fluid systems manufacturing",912,4.5625,False,1102,False
6102654004,vercel||grc analyst,913,4.55859375,False,1114,False
4619289006,astranis||flight software associate,914,4.55859375,False,1112,False
4596812006,astranis||machinist/programmer,915,4.55859375,False,1111,False
4315044009,industrialelectricmanufacturing||operations supervisor - fabrication 2nd shift,916,4.55859375,False,1110,False
8530730002,"spacex||gas & chemical technician, solar cells (starlink) - day shift",917,4.5546875,False,1117,False
4599650006,accenturefederalservices||data and ai analyst,918,4.5546875,False,1116,False
8637182002,"axogen||intern, operations",919,4.55078125,False,1122,False
8542789002,"spacex||mechanical design engineer, gateways",920,4.55078125,False,1121,False
8478286002,"spacex||platform engineer, flight software",921,4.55078125,False,1120,False
4627901006,accenturefederalservices||junior systems engineer,922,4.55078125,False,1119,False
4594694006,accenturefederalservices||sap solution architect,923,4.55078125,False,1118,False
8635006002,spacex||facilities operations engineer,924,4.546875,False,1126,False
8463185002,"spacex||manufacturing engineer, raptor turbomachinery",925,4.546875,False,1125,False
5175601007,andurilindustries||product quality engineer,926,4.546875,False,1124,False
4716870005,astspacemobile||ate associate software engineer,927,4.546875,False,1123,False
8559317002,"spacex||thermal engineer, satellites",928,4.54296875,False,1133,False
5823618004,"redwoodmaterials||service engineer, energy storage",929,4.54296875,False,1131,False
5191467007,"andurilindustries||firmware engineer, space embedded systems",930,4.54296875,False,1130,False
5088628007,andurilindustries||data product enablement specialist,931,4.54296875,False,1129,False
4676282006,accenturefederalservices||integration engineer,932,4.54296875,False,1128,False
4592027006,accenturefederalservices||forward deployed engineer - palantir foundry,933,4.54296875,False,1127,False
8525726002,"spacex||antenna engineer, satellites",934,4.5390625,False,1138,False
5189505007,"andurilindustries||mission integration engineer, intelligence systems",935,4.5390625,False,1137,False
5184789007,andurilindustries||firmware engineer,936,4.5390625,False,1136,False
5177879007,"andurilindustries||infrastructure engineer, kubernetes",937,4.5390625,False,1135,False
4616472006,"accenturefederalservices||forward deployed engineer, palantir foundry",938,4.5390625,False,1134,False
8631618002,"spacex||electrical hardware engineer, satellites",939,4.53515625,False,1142,False
8558875002,spacex||smt specialist - 2nd shift,940,4.53515625,False,1141,False
5285585008,thenuclearcompany||ai engineer 1 - platform integration & ai/data,941,4.53515625,False,1139,False
8624152002,spacex||rf test engineer,942,4.53125,False,1144,False
5115371007,andurilindustries||programs chief engineer,943,4.53125,False,1143,False
8565654002,spacex||equipment maintenance technician (starship) - level 4/5,944,4.52734375,False,1147,False
8514969002,spacex||support technician (starship) - temporary,945,4.52734375,False,1146,False
8631780002,spacex||it network infrastructure specialist,946,4.5234375,False,1155,False
8582829002,spacex||build supervisor,947,4.5234375,False,1154,False
5176746007,andurilindustries||systems engineer,948,4.5234375,False,1152,False
5153667007,andurilindustries||mechanical engineer,949,4.5234375,False,1151,False
4690980006,"sharkninjaoperatingllc||vice president, systems engineering",950,4.5234375,False,1150,False
4679102006,astranis||propulsion manufacturing intern,951,4.5234375,False,1149,False
4661466006,accenturefederalservices||cno software developer,952,4.5234375,False,1148,False
8586083002,"spacex||process engineer, industrial water treatment",953,4.51953125,False,1162,False
7930725,mongodb||ai natives enterprise account executive,954,4.51953125,False,1161,False
6121289004,sonyinteractiveentertainmentglobal||platform engineer ii,955,4.51953125,False,1160,False
6102343004,vercel||product security engineer,956,4.51953125,False,1159,False
5986543004,monks||battery test engineer,957,4.51953125,False,1158,False
4599609006,"astranis||guidance, navigation, and control engineer associate",958,4.51953125,False,1157,False
8633450002,"relativity||tps technician ii, first shift",959,4.515625,False,1168,False
8551784002,spacex||facilities specialist,960,4.515625,False,1167,False
8406833002,"spacex||manufacturing engineer, solar",961,4.515625,False,1165,False
5179714007,"andurilindustries||systems engineer, c2 networking - edge compute and communications",962,4.515625,False,1164,False
4695627006,"sharkninjaoperatingllc||fall 2026: codeshark, dtc digital experience web development",963,4.515625,False,1163,False
7665958,"mongodb||technical services engineer, 2nd shift",964,4.51171875,False,1170,False
4538639007,xai||facilities operations technician,965,4.51171875,False,1169,False
8420304002,"spacex||silicon packaging process engineer, silicon technology",966,4.5078125,False,1176,False
8377312002,"spacex||manufacturing engineer, avionics",967,4.5078125,False,1175,False
7948530,"mongodb||salesforce engineer iii, fedramp",968,4.5078125,False,1174,False
5996188004,redwoodmaterials||production associate,969,4.5078125,False,1173,False
5178254007,"andurilindustries||mechanical engineer, maritime",970,4.5078125,False,1172,False
4709899005,rebuildmanufacturing||customer service representative,971,4.5078125,False,1171,False
R031368,ciena|wd5|careers||professional services inventory software developer,972,4.50390625,False,1184,False
8603098002,"relativity||manufacturing engineer ii, integration & test, second shift",973,4.50390625,False,1183,False
7810444003,flyzipline||new products mechanical design engineer,974,4.50390625,False,1182,False
7810363003,flyzipline||planning & development specialist,975,4.50390625,False,1181,False
5318944008,block||data scientist,976,4.50390625,False,1180,False
5132442007,andurilindustries||air-vehicle multidisciplinary design analysis and optimization (mdao) engineer,977,4.50390625,False,1179,False
5034688007,"andurilindustries||product quality engineer, intelligence systems",978,4.50390625,False,1178,False
R265233,"blackrock|wd1|blackrock_professional||artificial intelligence engineer, portfolio management group, vice president",979,4.5,False,1192,False
7810252003,flyzipline||simulation engineer - avionics,980,4.5,False,1190,False
5141579007,xometry||dfm project engineer,981,4.5,False,1189,False
4696629006,accenturefederalservices||data platform architect,982,4.5,False,1186,False
8569184002,"spacex||mission integration engineer, ai (starshield) - top secret clearance",983,4.49609375,False,1201,False
6114235004,turing||technical business analyst,984,4.49609375,False,1199,False
5349707008,fiveringsllc||summer intern 2027 - software developer,985,4.49609375,False,1198,False
5123852007,xai||construction superintendent - structural,986,4.49609375,False,1196,False
5113213008,lexingtonmedical||supply chain analyst,987,4.49609375,False,1195,False
4697244006,accenturefederalservices||product designer,988,4.49609375,False,1194,False
4027677009,arcanaanalytics||sdet,989,4.49609375,False,1193,False
8558345002,spacex||smt process engineer,990,4.4921875,False,1206,False
8516396002,wpp||data engineer,991,4.4921875,False,1205,False
5182046007,xai||mechanical engineer,992,4.4921875,False,1204,False
4671978006,accenturefederalservices||sap production planning (pp) and quality management (qm) consultant,993,4.4921875,False,1203,False
8045240,latitude||mission operator,994,4.48828125,False,1211,False
7979540,ardentmc||full stack software developer,995,4.48828125,False,1210,False
4697647006,accenturefederalservices||cleared full stack developer,996,4.48828125,False,1209,False
8583754002,"spacex||civil engineer, starbase infrastructure",997,4.484375,False,1218,False
8525383002,spacex||manufacturing engineer,998,4.484375,False,1216,False
8488324002,"spacex||battery test engineer, satellites",999,4.484375,False,1215,False
8426059002,"spacex||mechanical engineer, cabin structures",1000,4.484375,False,1214,False
8603113002,spacex||it systems engineer,1001,4.48046875,False,1223,False
8561097002,spacex||process engineer,1002,4.48046875,False,1222,False
8536510002,spacex||loads & dynamics engineer,1003,4.48046875,False,1221,False
5114702007,"andurilindustries||electrical integration engineer, air vehicle",1004,4.48046875,False,1220,False
4925835007,xai||data science tutor,1005,4.48046875,False,1219,False
8642283002,spacex||operations specialist,1006,4.4765625,False,1227,False
8631636002,"spacex||hardware engineer - electrical, satellites",1007,4.4765625,False,1226,False
5113760007,"andurilindustries||quality specialist, 2nd shift",1008,4.4765625,False,1225,False
5081059007,"andurilindustries||chief engineer, fury advanced concepts",1009,4.4765625,False,1224,False
R-50744,bcbst|wd1|external||procurement consultant,1010,4.47265625,False,1235,False
8359659002,spacex||thermal protection engineer,1011,4.47265625,False,1231,False
8352158002,spacex||entry level production technician - pcba,1012,4.47265625,False,1230,False
8350884002,"spacex||supply chain engineer, pcb/pcba",1013,4.47265625,False,1229,False
4689655006,accenturefederalservices||power platform developer,1014,4.47265625,False,1228,False
8633831002,gotion||software development engineer – full stack,1015,4.46875,False,1239,False
5167525007,"andurilindustries||metrology engineer, maritime",1016,4.46875,False,1238,False
5034610007,andurilindustries||quality inspector,1017,4.46875,False,1237,False
5032221007,"andurilindustries||chief engineer, intel systems",1018,4.46875,False,1236,False
8638628002,"spacex||sourcing specialist, mechanical commodities",1019,4.46484375,False,1245,False
8511177002,"spacex||propulsion engineer, combustion devices manufacturing",1020,4.46484375,False,1244,False
8506512002,"spacex||material handler, heatshield",1021,4.46484375,False,1243,False
8465286002,spacex||data center specialist,1022,4.46484375,False,1242,False
5148170007,"andurilindustries||manufacturing specialist, propulsion",1023,4.46484375,False,1241,False
4695330006,accenturefederalservices||sap pp (production planning) and qm (quality management) functional consultant,1024,4.46484375,False,1240,False
b76d4d5a-68cc-4193-a4b4-cfabecfb3c89,pyyne||qa automation engineer,1025,4.4609375,False,1248,False
8642064002,spacex||silicon photonics design engineer,1026,4.4609375,False,1247,False
5134986007,andurilindustries||security software engineer,1027,4.4609375,False,1246,False
5147041007,"andurilindustries||structures design engineer, omen",1028,4.45703125,False,1251,False
4683539006,accenturefederalservices||enterprise architect,1029,4.45703125,False,1250,False
c6d119df-b5e3-4d94-8a4f-22d5040a0924,thought-machine||forward deployed engineer,1030,4.453125,False,1258,False
8605067002,spacex||microelectronics process engineer,1031,4.453125,False,1257,False
8010529,"mongodb||associate recruiter, early talent",1032,4.453125,False,1256,False
8007613,mongodb||technical services engineer,1033,4.453125,False,1255,False
4693087006,accenturefederalservices||technology strategy & roadmap architect,1034,4.453125,False,1254,False
4663556007,shapercapital||shaper portfolio engineering & product talent community,1035,4.453125,False,1253,False
8628971002,"spacex||mechanical engineer, electro-mechanical",1036,4.44921875,False,1265,False
8571923002,"spacex||systems analyst, supply chain",1037,4.44921875,False,1264,False
7629223003,northspyre||data journalist,1038,4.44921875,False,1263,False
4697575006,accenturefederalservices||oracle hcm reporting/cloud developer,1039,4.44921875,False,1261,False
4690993006,accenturefederalservices||enterprise solutions architect,1040,4.44921875,False,1260,False
4599603006,"astranis||guidance, navigation, and control engineer intern",1041,4.44921875,False,1259,False
8593276002,"relativity||mechanisms technician ii, first shift",1042,4.4453125,False,1269,False
8532939002,aegworldwide||database engineer ii,1043,4.4453125,False,1268,False
8532930002,axs||database engineer ii,1044,4.4453125,False,1267,False
4676915006,astranis||mission engineering associate,1045,4.4453125,False,1266,False
WD225459,flextronics|wd1|careers||analyst- accounts receivables,1046,4.44140625,False,1275,False
8205991002,"relativity||manufacturing engineer ii, integration & test",1047,4.44140625,False,1273,False
5166809007,"andurilindustries||oxy-fuel/plasma cutting technician, maritime",1048,4.44140625,False,1272,False
4682911006,accenturefederalservices||salesforce developer,1049,4.44140625,False,1271,False
8604710002,"spacex||mechanical engineer, flight termination system",1050,4.4375,False,1281,False
8335423002,spacex||fluids systems technician,1051,4.4375,False,1279,False
5145310007,andurilindustries||production technician,1052,4.4375,False,1277,False
5048075007,"andurilindustries||technical writer, maritime",1053,4.4375,False,1276,False
JR112359,ptc|wd1|ptc||software technical consultant,1054,4.43359375,False,1287,False
8075958,trace3||global integration engineer,1055,4.43359375,False,1286,False
5179593007,"andurilindustries||pcb designer, air dominance and strike",1056,4.43359375,False,1285,False
4690287006,accenturefederalservices||jr. systems engineer,1057,4.43359375,False,1284,False
4593587006,accenturefederalservices||ebs soa developer,1058,4.43359375,False,1283,False
4317730009,fanaticsfbg||data engineer ii,1059,4.43359375,False,1282,False
8618487002,cannondesign||project architect v,1060,4.4296875,False,1296,False
8582736002,spacex||welding supervisor,1061,4.4296875,False,1295,False
8399474002,"spacex||supplier development engineer, manufacturing",1062,4.4296875,False,1294,False
8383931002,gotion||production planner specialist,1063,4.4296875,False,1293,False
8170233002,cannondesign||mechanical ii,1064,4.4296875,False,1292,False
5166506007,xai||commercial counsel - procurement,1065,4.4296875,False,1291,False
5096506007,"andurilindustries||robotics software engineer, sensor integration",1066,4.4296875,False,1290,False
4608262006,accenturefederalservices||servicenow technical architect,1067,4.4296875,False,1289,False
4600175006,sharkninjaoperatingllc||machine learning and ai opportunities,1068,4.4296875,False,1288,False
8561565002,workato||outbound sales development representative,1069,4.42578125,False,1299,False
4716913005,indigenouspactpbcinc||data platform & analytics engineer,1070,4.42578125,False,1297,False
8504788002,"spacex||mechanical engineer, tower/launch and test",1071,4.421875,False,1305,False
8377628002,spacex||avionics systems engineer,1072,4.421875,False,1304,False
6007028004,turing||head of platform operations,1073,4.421875,False,1303,False
5043504007,"andurilindustries||master scheduler, air dominance & strike",1074,4.421875,False,1302,False
8639268002,"spacex||power electronics engineer, ai satellites",1075,4.41796875,False,1307,False
5167159007,"andurilindustries||optical engineer, design & architecture",1076,4.41796875,False,1306,False
JR102868,infios|wd502|infios||technical architect,1077,4.4140625,False,1310,False
8440611002,"spacex||hardware development engineer, gateway failure analysis",1078,4.4140625,False,1309,False
7805425003,flyzipline||autonomy droid perception swe - offboard systems,1079,4.4140625,False,1308,False
7807509,"intercom||business development representative, emerging ai products",1080,4.41015625,False,1312,False
5043104007,"andurilindustries||deputy chief engineer, pes",1081,4.41015625,False,1311,False
8543670002,spacex||embedded security engineer,1082,4.40625,False,1320,False
8479578002,"spacex||space lasers engineer, satellites",1083,4.40625,False,1319,False
8420343002,"spacex||advanced packaging process engineer, silicon technology",1084,4.40625,False,1318,False
5135086007,xai||technical recruiter,1085,4.40625,False,1317,False
5127590007,"andurilindustries||head of classified infrastructure, frontier systems",1086,4.40625,False,1316,False
4273892009,acilearning||admissions advisor,1087,4.40625,False,1315,False
8452742002,"spacex||sourcing specialist, mechanical",1088,4.40234375,False,1323,False
5122503007,"andurilindustries||technical operations engineer, intelligence systems",1089,4.40234375,False,1322,False
4686965101,lotusworks||us: general interest submission,1090,4.40234375,False,1321,False
8633640002,spacex||quality systems engineer,1091,4.3984375,False,1328,False
8586647002,"spacex||rf engineer, hardware reliability",1092,4.3984375,False,1327,False
6004536004,twosixtechnologies||ui developer,1093,4.3984375,False,1325,False
4683650006,"accenturefederalservices||product, ip, and ai counsel",1094,4.3984375,False,1324,False
8623199002,spacex||power plant engineer,1095,4.39453125,False,1334,False
8570121002,spacex||rcdd / ict design engineer,1096,4.39453125,False,1332,False
5349839008,fiveringsllc||campus full time 2027 - software developer,1097,4.39453125,False,1331,False
5175158007,xai||fiber foreman,1098,4.39453125,False,1330,False
5112514007,xai||data analyst - physical infrastructure,1099,4.39453125,False,1329,False
R-116513,ingrammicro|wd5|ingrammicro||business development representative,1100,4.390625,False,1340,False
8639544002,"spacex||starlink specialist, tool and die machining - level 4/5",1101,4.390625,False,1339,False
8477466002,spacex||test engineer,1102,4.390625,False,1338,False
5123837007,xai||construction superintendent - electrical,1103,4.390625,False,1336,False
5048073007,"andurilindustries||technical writer, warfighter systems",1104,4.390625,False,1335,False
7811710003,flyzipline||field tech | phx,1105,4.38671875,False,1344,False
7604600002,gotion||production quality engineer,1106,4.38671875,False,1343,False
4649261007,"andurilindustries||mechanical engineer, edge compute and communications",1107,4.38671875,False,1342,False
4173897007,shapercapital||open positions,1108,4.38671875,False,1341,False
8560034002,"spacex||mechanical specialist, pcb",1109,4.3828125,False,1351,False
8355250002,spacex||journeyman electrician,1110,4.3828125,False,1350,False
7918962,greenthumbindustries||production scheduler,1111,4.3828125,False,1349,False
5177893007,"andurilindustries||site reliability engineer, intelligence systems",1112,4.3828125,False,1348,False
5045817007,zscaler||site reliability engineer-skillbridge intern,1113,4.3828125,False,1347,False
4560681006,accenturefederalservices||computer scientist l2,1114,4.3828125,False,1345,False
JR345336,salesforce|wd12|external_career_site||contract specialist,1115,4.37890625,False,1358,False
8015761,"roku||architect, front-end/client engineering",1116,4.37890625,False,1357,False
5147775007,andurilindustries||frontend software engineer,1117,4.37890625,False,1356,False
4338015006,astranis||pcba manufacturing engineer,1118,4.37890625,False,1353,False
8641290002,"spacex||it systems administrator, it applications",1119,4.375,False,1361,False
8624730002,"spacex||launch engineer, falcon engineering",1120,4.375,False,1360,False
8544410002,spacex||data center administrator,1121,4.375,False,1359,False
5081383007,"andurilindustries||product operations associate, tier 1",1122,4.37109375,False,1362,False
8629044002,"relativity||manufacturing engineer ii, integrated components",1123,4.3671875,False,1369,False
8559035002,"spacex||ml engineer, surrogate modeling",1124,4.3671875,False,1368,False
8407781002,"spacex||mechanical engineer, mechanisms",1125,4.3671875,False,1366,False
5051350007,"andurilindustries||systems reliability engineer, surveillance tower",1126,4.3671875,False,1365,False
4552924006,sharkninjaoperatingllc||advanced development opportunities at sharkninja,1127,4.3671875,False,1364,False
8544587002,"relativity||mechanisms technician ii, second shift",1128,4.36328125,False,1377,False
8532641002,"spacex||development test engineer, satellites",1129,4.36328125,False,1376,False
8476268002,"spacex||electrical test and reliability engineer, satellites",1130,4.36328125,False,1375,False
5169683007,"xai||supervisor, fiber",1131,4.36328125,False,1374,False
4678772006,accenturefederalservices||service-oriented architecture (soa) developer,1132,4.36328125,False,1372,False
4667335006,astranis||product security engineer,1133,4.36328125,False,1371,False
4298100006,astranis||propulsion manufacturing engineer,1134,4.36328125,False,1370,False
8350432002,"spacex||build specialist, automation & controls",1135,4.359375,False,1378,False
8614571002,"spacex||machine maintenance technician, pcb",1136,4.35546875,False,1387,False
8611035002,"spacex||quality specialist, precision machining",1137,4.35546875,False,1386,False
8355063002,spacex||machine maintenance technician,1138,4.35546875,False,1384,False
8170190002,cannondesign||mechanical ib,1139,4.35546875,False,1383,False
5161190007,"andurilindustries||it technician, classified programs",1140,4.35546875,False,1382,False
4691258006,accenturefederalservices||iam engineer,1141,4.35546875,False,1381,False
4628847006,astranis||mission engineering intern,1142,4.35546875,False,1380,False
8632953002,spacex||telecommunications engineer,1143,4.3515625,False,1393,False
8533338002,spacex||antenna engineer,1144,4.3515625,False,1392,False
4949035007,"verkada||project architect, global services",1145,4.3515625,False,1390,False
4303062009,cadwell||manufacturing engineer,1146,4.3515625,False,1389,False
8612860002,spacex||production coordinator (starlink) - 2nd shift,1147,4.34765625,False,1399,False
7811715003,flyzipline||field tech | hou,1148,4.34765625,False,1397,False
5995130004,boomilp||cloud security engineer,1149,4.34765625,False,1396,False
5363194008,"emporiarevolutionizinghomeenergy||business analyst: electric utility rate, tax equity and financial forecasting",1150,4.34765625,False,1395,False
4694820006,accenturefederalservices||sap solution architect – onsite in st. louis,1151,4.34765625,False,1394,False
8641217002,blinkhealth||early career pharmacy operations associate,1152,4.34375,False,1405,False
8506508002,spacex||physical design engineer ii,1153,4.34375,False,1404,False
6115991004,"vercel||visual designer, web",1154,4.34375,False,1403,False
4957889008,buzzsolutions||solutions engineer,1155,4.34375,False,1402,False
4693133006,accenturefederalservices||enterprise atlassian engineer,1156,4.34375,False,1401,False
8604712002,"spacex||production scheduler, precision machining",1157,4.33984375,False,1411,False
5189147007,xai||power systems engineer,1158,4.33984375,False,1408,False
4715220005,shipbobinc||business development representative - mid market,1159,4.33984375,False,1407,False
4689946006,"accenturefederalservices||palantir forward deployed engineer, washington dc",1160,4.33984375,False,1406,False
8362950002,"spacex||mechanical design engineer, production",1161,4.3359375,False,1416,False
7318036,mongodb||account development representative,1162,4.3359375,False,1414,False
5142936007,xai||civil engineer,1163,4.3359375,False,1413,False
5128245007,"xai||safety trainer, monetization",1164,4.3359375,False,1412,False
8584260002,spacex||facilities specialist (janitorial) - 2nd shift,1165,4.33203125,False,1420,False
6018566004,boomilp||field engineer - data integration & ai,1166,4.33203125,False,1418,False
4665845006,sharkninjaoperatingllc||platform administrator,1167,4.33203125,False,1417,False
4934341007,"andurilindustries||systems reliability engineer, sentry tower",1168,4.328125,False,1421,False
5159373007,andurilindustries||service desk analyst,1169,4.32421875,False,1424,False
5091048007,andurilindustries||training simulation engineer,1170,4.32421875,False,1423,False
4691609006,accenturefederalservices||cleared c# / .net developer,1171,4.32421875,False,1422,False
WD223051,flextronics|wd1|anord_mardix_careers||engineering systems it support,1172,4.3203125,False,1434,False
8594706002,spacex||gateway fleet specialist,1173,4.3203125,False,1432,False
8562126002,gotion||junior lean engineer,1174,4.3203125,False,1431,False
8420864002,"spacex||automation build engineer, development",1175,4.3203125,False,1430,False
6894478002,gotion||manufacturing process engineer,1176,4.3203125,False,1429,False
5165555007,"andurilindustries||technical operations engineer, air defense usaf",1177,4.3203125,False,1428,False
4644819006,accenturefederalservices||cloud platform architect,1178,4.3203125,False,1426,False
8627675002,"spacex||propulsion engineer, chamber and nozzle",1179,4.31640625,False,1437,False
5117940007,"andurilindustries||metrology specialist, maritime",1180,4.31640625,False,1436,False
5012694007,xai||structural engineer - data centers,1181,4.31640625,False,1435,False
8562385002,"spacex||propulsion engineer, thermal & fluid analysis",1182,4.3125,False,1441,False
8527620002,cannondesign||technical designer iii,1183,4.3125,False,1440,False
8378489002,spacex||hardware reliability engineer,1184,4.3125,False,1439,False
4992581007,xai||operations & maintenance technician,1185,4.3125,False,1438,False
8540414002,spacex||hvac specialist (chilled water/data center) - level 4/5,1186,4.30859375,False,1447,False
8417814002,"spacex||mechanical development test engineer, satellites",1187,4.30859375,False,1445,False
8041641,"mongodb||technical services engineer, named accounts",1188,4.30859375,False,1444,False
5363037008,liveviewtechnologiesinc||machine operator,1189,4.30859375,False,1443,False
5166701007,andurilindustries||developmental operations technician,1190,4.30859375,False,1442,False
8623675002,"spacex||launch pad engineer, fluid systems",1191,4.3046875,False,1452,False
8581449002,"spacex||electrical engineer, hardware reliability",1192,4.3046875,False,1451,False
7802294003,postman||enterprise account executive,1193,4.3046875,False,1449,False
4716495005,infuse||presentation designer,1194,4.3046875,False,1448,False
8619339002,workato||inbound sales development representative,1195,4.30078125,False,1460,False
8614735002,spacex||hvac supervisor,1196,4.30078125,False,1459,False
8521383002,"spacex||mechanical engineer, hardware reliability",1197,4.30078125,False,1457,False
8473166002,"spacex||test specialist, avionics",1198,4.30078125,False,1456,False
8045211,latitude||nomadic mission operator,1199,4.30078125,False,1455,False
6119783004,stokespacetechnologies||avionics - stage integration & test engineer,1200,4.30078125,False,1454,False
5832853004,ionq||systems engineer,1201,4.30078125,False,1453,False
8625508002,workato||embedded account executive,1202,4.296875,False,1465,False
8553654002,spacex||ropes access technician,1203,4.296875,False,1464,False
8546587002,"relativity||propulsion manufacturing engineer ii, combustion devices",1204,4.296875,False,1463,False
8350877002,"spacex||supplier development engineer, pcb/pcba",1205,4.296875,False,1462,False
5136064007,xai||gas pipeline engineer,1206,4.296875,False,1461,False
JR00041650,abb|wd3|external_career_page||production planner,1207,4.29296875,False,1469,False
7546762,rubrik||corporate it architect,1208,4.29296875,False,1468,False
5171787007,"andurilindustries||tooling engineer, sentry",1209,4.29296875,False,1467,False
5147005007,"andurilindustries||structures analyst, omen",1210,4.29296875,False,1466,False
93e0949a-bf76-467e-a8e1-b771c32ad7fe,snowflake||account engineer - public sector/sled,1211,4.2890625,False,1479,False
8627635002,spacex||production operations engineer,1212,4.2890625,False,1478,False
8611231002,"spacex||quality specialist, precision machining (starlink) - level 4/5",1213,4.2890625,False,1477,False
8069686,towerresearchcapital||market data strategist,1214,4.2890625,False,1475,False
5743828004,insurify||business analyst,1215,4.2890625,False,1474,False
JR107689,sabre|wd1|sabrejobs||sales operations automation specialist,1216,4.28515625,False,1487,False
8614601002,spacex||plp/sip maintenance technician,1217,4.28515625,False,1486,False
8592612002,gotion||production associate 2nd shift,1218,4.28515625,False,1485,False
8561432002,spacex||gnc engineer,1219,4.28515625,False,1484,False
8075885,trace3||test analyst,1220,4.28515625,False,1483,False
8069620,sonicwall||distinguished engineer - data architect,1221,4.28515625,False,1482,False
4601744006,accenturefederalservices||servicenow developer - hrsd,1222,4.28515625,False,1480,False
R-083054,jj|wd5|displacedemployees||engineering technician,1223,4.28125,False,1493,False
8525554002,"torcrobotics||ml engineer, ii - app engine",1224,4.28125,False,1491,False
7650739003,verisign||research engineer,1225,4.28125,False,1489,False
4521317007,xai||front desk ambassador,1226,4.28125,False,1488,False
8612742002,spacex||mechanical engineer - satellite payload,1227,4.27734375,False,1503,False
8525199002,"relativity||supervisor, tank fabrication, second shift",1228,4.27734375,False,1502,False
8512813002,"spacex||propulsion engineer, components manufacturing",1229,4.27734375,False,1501,False
7955995,roku||machine learning engineer,1230,4.27734375,False,1500,False
6140280,relaypro||associate qa engineer,1231,4.27734375,False,1499,False
5832366004,vercel||head of developer community,1232,4.27734375,False,1498,False
5150089007,andurilindustries||product data engineer,1233,4.27734375,False,1497,False
8038696,intercom||business development representative,1234,4.2734375,False,1506,False
5127519007,xai||mechanical commissioning technician,1235,4.2734375,False,1505,False
4870731007,xai||network engineer,1236,4.2734375,False,1504,False
8451034002,"spacex||mechanical engineer, infrastructure",1237,4.26953125,False,1510,False
8414256002,"spacex||materials r&d technician, silicon crystal growth",1238,4.26953125,False,1509,False
5139926007,andurilindustries||maritime technical operations engineer,1239,4.26953125,False,1508,False
4700296005,"tebra||systems analyst, customer operations",1240,4.26953125,False,1507,False
8573793002,"spacex||structural engineer, launch pad",1241,4.265625,False,1515,False
8532544002,spacex||chemical lab technician,1242,4.265625,False,1514,False
5294486008,block||gtm strategy & operations - global account management,1243,4.265625,False,1513,False
5192428007,altentechnologyusa||data architect,1244,4.265625,False,1512,False
8597371002,"relativity||integration technician ii, subassemblies, first shift",1245,4.26171875,False,1522,False
8397638002,"spacex||gnc engineer, phased array devices",1246,4.26171875,False,1520,False
5157846007,"andurilindustries||warfighting systems analyst, maritime",1247,4.26171875,False,1518,False
5091503007,"andurilindustries||technical writer, autonomous airpower",1248,4.26171875,False,1517,False
4598778006,accenturefederalservices||extend developer,1249,4.26171875,False,1516,False
R0135071,hitachi|wd1|hitachi||application developer,1250,4.2578125,False,1529,False
8398621002,"spacex||maintenance engineer, high pressure die casting",1251,4.2578125,False,1526,False
5835346004,"redwoodmaterials||field quality engineer, energy storage",1252,4.2578125,False,1525,False
5191423007,"harbingermotors||manufacturing engineer, battery",1253,4.2578125,False,1524,False
4350927006,astranis||cad engineer,1254,4.2578125,False,1523,False
8642056002,spacex||rf/microwave engineer,1255,4.25390625,False,1534,False
8621532002,blinkhealth||customer support supervisor l onsite - pittsburgh,1256,4.25390625,False,1533,False
6117147004,alpaca||settlements associate,1257,4.25390625,False,1532,False
4924593007,"andurilindustries||electro-mechanical engineer, r&d",1258,4.25390625,False,1531,False
4697775006,"accenturefederalservices||oracle ebs scm projects billing, ar and costing functional",1259,4.25390625,False,1530,False
8504224002,"spacex||equipment maintenance technician, silicon assembly",1260,4.25,False,1543,False
8445519002,"spacex||electrical test and reliability engineer, gateways",1261,4.25,False,1542,False
5145334007,andurilindustries||project engineer - mission autonomy,1262,4.25,False,1541,False
5134220007,xai||electrical commissioning technician,1263,4.25,False,1538,False
5047093007,"andurilindustries||electrical test engineer, air dominance and strike",1264,4.25,False,1537,False
5033593007,xai||it services technician,1265,4.25,False,1536,False
4326584009,acilearning||technical instructor i - dallas,1266,4.25,False,1535,False
8517733002,"spacex||supervisor, machining",1267,4.24609375,False,1549,False
4694018006,accenturefederalservices||scrum master,1268,4.24609375,False,1548,False
4681773006,accenturefederalservices||enterprise data engineer,1269,4.24609375,False,1547,False
4625923006,astranis||power electronics intern,1270,4.24609375,False,1546,False
4621283006,astranis||avionics engineer associate,1271,4.24609375,False,1545,False
8589648002,spacex||spmt critical lift technician,1272,4.2421875,False,1555,False
8397612002,spacex||gnc engineer - top secret clearance,1273,4.2421875,False,1554,False
8045166,latitude||mission analyst,1274,4.2421875,False,1552,False
5180868007,"andurilindustries||manufacturing engineer, fury",1275,4.2421875,False,1551,False
4658254006,accenturefederalservices||sap data services developer,1276,4.2421875,False,1550,False
8516594002,"spacex||manufacturing specialist, components test",1277,4.23828125,False,1562,False
8377562002,"spacex||propulsion analyst, structures",1278,4.23828125,False,1561,False
5356588008,block||oracle fusion techno-functional developer,1279,4.23828125,False,1560,False
5155026007,"andurilindustries||chief architect, ew",1280,4.23828125,False,1559,False
4683623006,accenturefederalservices||software system tester/business analyst,1281,4.23828125,False,1558,False
4572174006,astranis||production quality engineer,1282,4.23828125,False,1557,False
4240279009,redwoodsoftware||people operations specialist,1283,4.23828125,False,1556,False
8642045002,spacex||rfic design engineer,1284,4.234375,False,1569,False
8597377002,"relativity||integration technician ii, subassemblies, second shift",1285,4.234375,False,1568,False
8571958002,"spacex||operations engineer, supply chain",1286,4.234375,False,1567,False
8530898002,workato||commercial account executive,1287,4.234375,False,1566,False
8466346002,spacex||rtl design engineer,1288,4.234375,False,1565,False
5191522007,"harbingermotors||manufacturing engineer, powertrain",1289,4.234375,False,1564,False
5127609007,"andurilindustries||facilities strategy & operations, frontier systems",1290,4.234375,False,1563,False
8569580002,"spacex||test engineer - electric propulsion, satellites",1291,4.23046875,False,1574,False
5286244008,"quince||data scientist, storefront",1292,4.23046875,False,1573,False
4619716006,astranis||communications/dsp associate engineer,1293,4.23046875,False,1571,False
REQ-1000050800,sbdinc|wd1|stanley_black_decker_career_site||production assembler,1294,4.2265625,False,1583,False
8642055002,spacex||rfic layout designer,1295,4.2265625,False,1582,False
8560022002,spacex||fpga/asic design engineer,1296,4.2265625,False,1579,False
8549553002,blinkhealth||call center specialist | hiring now | onsite- pittsburgh,1297,4.2265625,False,1578,False
5154234007,"andurilindustries||hpc systems engineer, modeling & simulation",1298,4.2265625,False,1576,False
4593956006,accenturefederalservices||soa architect,1299,4.2265625,False,1575,False
8381785002,spacex||facilities infrastructure engineer,1300,4.22265625,False,1588,False
5169966007,andurilindustries||buyer/planner,1301,4.22265625,False,1587,False
5007789007,andurilindustries||technical documentation illustrator,1302,4.22265625,False,1586,False
4677931005,shipbobinc||account executive - smb,1303,4.22265625,False,1585,False
8564124002,"spacex||gnc engineer, beam planning",1304,4.21875,False,1593,False
4954307007,"andurilindustries||fuel systems engineer, air vehicles",1305,4.21875,False,1592,False
4679250006,accenturefederalservices||fiori developer,1306,4.21875,False,1591,False
4650351006,accenturefederalservices||sap hana developer,1307,4.21875,False,1590,False
8632015002,"spacex||wi-fi engineer, hardware reliability",1308,4.21484375,False,1600,False
8612875002,spacex||avionics harness technician,1309,4.21484375,False,1599,False
8297135002,gotion||process engineer - cell line,1310,4.21484375,False,1598,False
7593406,intercom||solutions engineer - latam,1311,4.21484375,False,1597,False
5161421007,andurilindustries||2026 early career finance coordinator,1312,4.21484375,False,1596,False
5048076007,"andurilindustries||technical writer, ghost",1313,4.21484375,False,1595,False
8461337002,spacex||material flow engineer,1314,4.2109375,False,1605,False
7810357003,flyzipline||test equipment design engineer,1315,4.2109375,False,1603,False
6596365003,"neuralink||software engineer, bci applications",1316,4.2109375,False,1602,False
4677171006,mettel||software development engineer in test,1317,4.2109375,False,1601,False
8350883002,"spacex||supplier industrialization engineer, pcb/pcba",1318,4.20703125,False,1611,False
5057060007,"andurilindustries||technical documentation illustrator, s1000d",1319,4.20703125,False,1609,False
4821683007,"xai||supervisor, facility operations",1320,4.20703125,False,1608,False
4676201006,accenturefederalservices||powerapps developer,1321,4.20703125,False,1607,False
4278498009,acilearning||channel account executive,1322,4.20703125,False,1606,False
8633820002,gotion||systems engineer,1323,4.203125,False,1621,False
8511273002,"spacex||manufacturing engineer, components test",1324,4.203125,False,1619,False
7122157,intercom||technical support engineer,1325,4.203125,False,1618,False
5323679008,"quince||data scientist, planning and forecasting",1326,4.203125,False,1617,False
5267672008,apexcompanies||project administrator,1327,4.203125,False,1616,False
5059872007,"andurilindustries||electrical engineer, avionics design",1328,4.203125,False,1615,False
5046050007,zscaler||site reliability engineer federal- skillbridge intern,1329,4.203125,False,1614,False
4608723006,accenturefederalservices||data insights & visualization practitioner,1330,4.203125,False,1613,False
R00197575,alliance|wd3|nissanprivateexternal||canton production technician - direct hire,1331,4.19921875,False,1626,False
8061176002,gotion||production associate,1332,4.19921875,False,1623,False
7810247003,flyzipline||electrical pcb layout engineer,1333,4.19921875,False,1622,False
R-143415,nttlimited|wd3|ntt_careers||ms engineer - vc,1334,4.1953125,False,1632,False
8553652002,spacex||critical lift technician,1335,4.1953125,False,1631,False
8483539002,spacex||nde inspector,1336,4.1953125,False,1630,False
4626712006,accenturefederalservices||sailpoint developer,1337,4.1953125,False,1627,False
8077516,"behavox||account executive, enterprise",1338,4.19140625,False,1637,False
4052862009,redwoodsoftware||full stack java engineer,1339,4.19140625,False,1633,False
8495845002,spacex||mechanical engineer - satellite solar array,1340,4.1875,False,1640,False
5179798007,andurilindustries||integration and test engineer,1341,4.1875,False,1639,False
4695981006,accenturefederalservices||test engineer,1342,4.1875,False,1638,False
R438460,"comcast|wd5|comcast_careers||engineer 3,quality and automation",1343,4.18359375,False,1653,False
8639247002,"spacex||electrical hardware engineer, ai satellites",1344,4.18359375,False,1652,False
8604794002,spacex||mechanical design engineer,1345,4.18359375,False,1651,False
8580936002,"spacex||supervisor, critical transport",1346,4.18359375,False,1649,False
8525179002,"relativity||supervisor, structures technician - second shift",1347,4.18359375,False,1648,False
8113847002,cannondesign||mechanical iii,1348,4.18359375,False,1647,False
8041318,payoneer||marketing automation & operations specialist,1349,4.18359375,False,1646,False
7862786,"intercom||account executive, midmarket",1350,4.18359375,False,1645,False
5179794007,"andurilindustries||integration and test engineer, maritime",1351,4.18359375,False,1644,False
8595129002,spacex||rf engineer,1352,4.1796875,False,1658,False
8405092002,"spacex||microelectronics technician, starlink",1353,4.1796875,False,1657,False
5180865007,"andurilindustries||manufacturing engineer, rocket motor systems",1354,4.1796875,False,1656,False
4713352005,"maravailifesciences||temporary manufacturing associate i, oligo",1355,4.1796875,False,1655,False
4698745005,connectwise||software test engineer ii,1356,4.1796875,False,1654,False
8585039002,"spacex||automation & controls specialist, tool & die - 2nd shift",1357,4.17578125,False,1668,False
8537897002,"spacex||test specialist, components",1358,4.17578125,False,1667,False
8488034002,spacex||simulation software engineer,1359,4.17578125,False,1666,False
5171942007,"andurilindustries||ai solutions engineer, talent acquisition",1360,4.17578125,False,1663,False
5130680007,atwellgroup||cad technician- construction,1361,4.17578125,False,1662,False
4954300007,"andurilindustries||mass properties engineer, air vehicles",1362,4.17578125,False,1661,False
4697063006,accenturefederalservices||business analyst,1363,4.17578125,False,1660,False
4693670006,astranis||technical project management intern,1364,4.17578125,False,1659,False
8642256002,"blinkhealth||pharmacy technician, fulfillment | onsite- chesterfield",1365,4.171875,False,1676,False
8445721002,"spacex||materials r&d technician, silicon wafer engineering",1366,4.171875,False,1674,False
5282973008,block||smb account executive,1367,4.171875,False,1672,False
5191397007,"harbingermotors||manufacturing engineer, general assembly",1368,4.171875,False,1671,False
4597413006,astranis||avionics engineer intern,1369,4.171875,False,1670,False
068ba58d-0143-4263-b83a-7b389c4d77e6,posthog||developer marketer,1370,4.171875,False,1669,False
6098897004,antora||heavy equipment & rigging specialist,1371,4.16796875,False,1684,False
6018269004,boomilp||product support engineer,1372,4.16796875,False,1683,False
5844582004,monks||unisys os 2200 application support specialist,1373,4.16796875,False,1682,False
5265109008,block||enterprise account executive,1374,4.16796875,False,1681,False
4676305006,accenturefederalservices||it service management representative,1375,4.16796875,False,1679,False
4318464009,fanaticsfbg||business development representative,1376,4.16796875,False,1677,False
8552846002,spacex||inventory specialist,1377,4.1640625,False,1689,False
8045276,latitude||bench technician associate,1378,4.1640625,False,1688,False
5161447007,xai||warehouse supervisor,1379,4.1640625,False,1687,False
2a2097e3-319d-4aee-b5f1-982bfb6fea93,servicerocket||delivery architect,1380,4.1640625,False,1685,False
JR-202614849,generalmotors|wd5|careers_gm||process engineer – reliability & maintainability operational excellence,1381,4.16015625,False,1697,False
8597953002,spacex||commissioning engineer,1382,4.16015625,False,1696,False
8490714002,spacex||production control specialist,1383,4.16015625,False,1695,False
5183582007,andurilindustries||automation & torque tooling technician,1384,4.16015625,False,1694,False
5166042007,"andurilindustries||facilities strategy & operations, space",1385,4.16015625,False,1693,False
5050657007,xai||security engineer - azure government,1386,4.16015625,False,1692,False
4739667008,grovecollaborative||full-time week day shift - warehouse associate,1387,4.16015625,False,1691,False
4304524009,redwoodsoftware||video producer,1388,4.16015625,False,1690,False
8642697002,"spacex||supervisor, build & integration",1389,4.15625,False,1701,False
8530696002,"spacex||facilities technician, solar cells (starlink) - day shift",1390,4.15625,False,1700,False
7786459003,smxtech||logistics resupply planner,1391,4.15625,False,1698,False
R10267476,veralto|wd1|eskojobs||software support engineer i - solutions,1392,4.15234375,False,1708,False
8632395002,spacex||design verification engineer,1393,4.15234375,False,1706,False
8567600002,spacex||cleanroom technician - microelectronics,1394,4.15234375,False,1704,False
8502939002,"spacex||automation engineer, blades and vanes foundry",1395,4.15234375,False,1703,False
4869805007,xai||power generation engineer,1396,4.15234375,False,1702,False
7027846,"mongodb||enterprise account executive, growth",1397,4.1484375,False,1711,False
5145243007,andurilindustries||electrical engineer,1398,4.1484375,False,1710,False
4623123006,accenturefederalservices||sap analytics cloud developer,1399,4.1484375,False,1709,False
8356404002,spacex||design development technician,1400,4.14453125,False,1715,False
5075216007,andurilindustries||drone engineering specialist,1401,4.14453125,False,1713,False
4265597009,redwoodsoftware||marketing analytics analyst,1402,4.14453125,False,1712,False
8509075002,spacex||cnc programmer (starship components) - level 4/5,1403,4.140625,False,1720,False
8483936002,gotion||junior process engineer,1404,4.140625,False,1719,False
8571649002,spacex||financial systems analyst,1405,4.13671875,False,1723,False
8490691002,"spacex||hardware engineer, gateways & customer hardware",1406,4.13671875,False,1722,False
4713361005,"maravailifesciences||manufacturing associate i, shared services",1407,4.13671875,False,1721,False
8601169002,"blinkhealth||supervisor, pharmacy operations | onsite- pittsburgh",1408,4.1328125,False,1727,False
8594360002,"spacex||facilities engineer, electrical",1409,4.1328125,False,1726,False
5165586007,"andurilindustries||electrical engineer, pcb design",1410,4.1328125,False,1725,False
4691172006,"astranis||hardware design associate, software defined radio team",1411,4.1328125,False,1724,False
8599299002,spacex||facilities mechanical hvac engineer,1412,4.12890625,False,1732,False
7665264002,gotion||battery cell r&d engineer,1413,4.12890625,False,1730,False
5287127008,quince||talent research associate,1414,4.12890625,False,1729,False
5039865007,"andurilindustries||technical writer, defense hardware & systems",1415,4.12890625,False,1728,False
8588738002,"relativity||integration technician ii, stage integration, second shift",1416,4.125,False,1736,False
8565090002,spacex||hardware test engineer,1417,4.125,False,1735,False
8379357002,spacex||supply chain planner,1418,4.125,False,1734,False
R-250367,amgen|wd1|careers||software development engineer-test ii,1419,4.12109375,False,1740,False
8451903002,"spacex||it infrastructure engineer, virtualization & hardware",1420,4.12109375,False,1739,False
7811753003,flyzipline||uas technician - houston,1421,4.12109375,False,1738,False
4608189006,accenturefederalservices||cleared computer vision scientist,1422,4.12109375,False,1737,False
8601146002,"spacex||supervisor, fluids fabrication technicians",1423,4.1171875,False,1745,False
5171315007,"andurilindustries||portfolio operations, intelligence systems",1424,4.1171875,False,1742,False
4658561006,accenturefederalservices||sap basis administrator,1425,4.1171875,False,1741,False
899cdad9-5751-4ade-bc94-02eccaa36ca4,vultr||gpu solutions engineer,1426,4.11328125,False,1753,False
8568157002,"spacex||supplier development engineer, harnessing",1427,4.11328125,False,1752,False
7645194003,sezzle||ai engineer ii,1428,4.11328125,False,1751,False
8463188002,spacex||construction project engineer,1429,4.109375,False,1761,False
8041580,"narvar||analytics engineer, data",1430,4.109375,False,1758,False
7810211003,flyzipline||austin field ops supervisor,1431,4.109375,False,1757,False
5166715007,andurilindustries||chemical processing technician,1432,4.109375,False,1756,False
5150780007,xai||cad designer,1433,4.109375,False,1755,False
4691163006,"astranis||hardware design intern, software defined radio team",1434,4.109375,False,1754,False
8563043002,spacex||construction superintendent,1435,4.10546875,False,1766,False
7811772003,flyzipline||head of infosec,1436,4.10546875,False,1765,False
7064418,yipitdata||data engineer - global team,1437,4.10546875,False,1764,False
4626276006,sharkninjaoperatingllc||product development management opportunities at sharkninja,1438,4.10546875,False,1763,False
5048074007,"andurilindustries||technical writer, advanced effects missiles",1439,4.1015625,False,1771,False
4691494006,accenturefederalservices||cleared business analyst / tester,1440,4.1015625,False,1770,False
4688994006,accenturefederalservices||sap fiori developer,1441,4.1015625,False,1769,False
4325685006,astranis||fpga engineer,1442,4.1015625,False,1767,False
8627995002,cannondesign||commissioning ii,1443,4.09765625,False,1773,False
5189148007,xai||electrical reliability engineer,1444,4.09765625,False,1772,False
8357124002,"spacex||electrical design engineer, gateways & customer hardware",1445,4.09375,False,1781,False
7810369003,flyzipline||network operations field support engineer,1446,4.09375,False,1780,False
6587328,mongodb||enterprise account executive,1447,4.09375,False,1779,False
59f3c28d-c365-4343-a11e-001cef58ce90,wayflyer||full stack software engineer,1448,4.09375,False,1778,False
5182357007,xai||electrical engineer,1449,4.09375,False,1777,False
5165057007,andurilindustries||tool and gse specialist,1450,4.09375,False,1776,False
4663558007,shapercapital||shaper portfolio business & operations talent community,1451,4.09375,False,1775,False
R-10399050,fiserv|wd5|ext||data engineer,1452,4.08984375,False,1785,False
8594811002,spacex||nde level ii inspector,1453,4.08984375,False,1783,False
5123360007,xai||material flow engineer - data center operations,1454,4.08984375,False,1782,False
8562148002,gotion||lean engineer,1455,4.0859375,False,1788,False
7810312003,"flyzipline||counsel, real estate",1456,4.0859375,False,1787,False
4696106006,accenturefederalservices||drupal engineer,1457,4.0859375,False,1786,False
8548102002,spacex||it systems engineer - top secret clearance,1458,4.08203125,False,1791,False
8076927,boxinc||solutions engineer i,1459,4.08203125,False,1790,False
4260796009,valaratomics||manufacturing engineer,1460,4.08203125,False,1789,False
8564730002,"spacex||electrical engineer, launch pad",1461,4.078125,False,1796,False
8526673002,"spacex||electrical on-orbit hardware reliability engineer, satellites",1462,4.078125,False,1795,False
5182245007,andurilindustries||manufacturing engineer - 2nd shift,1463,4.078125,False,1793,False
4679696006,accenturefederalservices||ms dynamics developer,1464,4.078125,False,1792,False
R264722,"blackrock|wd1|blackrock_professional||full stack developer (ui/ux), portfolio management group, analyst",1465,4.07421875,False,1803,False
8642695002,"spacex||supervisor, development operations",1466,4.07421875,False,1802,False
8611079002,spacex||cnc machinist,1467,4.07421875,False,1801,False
7909448,boxinc||ai business automation engineer,1468,4.07421875,False,1799,False
5157657007,andurilindustries||logistics engineer,1469,4.07421875,False,1798,False
5091068007,"zscaler||product specialist, dspm",1470,4.07421875,False,1797,False
8597403002,"relativity||integration technician ii, thrust structure, second shift",1471,4.0703125,False,1810,False
8566900002,axs||product developer,1472,4.0703125,False,1809,False
7984730,toast||data scientist ii,1473,4.0703125,False,1807,False
5364355008,watchmakergenomics||it systems engineer,1474,4.0703125,False,1806,False
5116056007,xai||controls engineer,1475,4.0703125,False,1805,False
5085226007,atwellgroup||project surveyor,1476,4.0703125,False,1804,False
8594698002,"spacex||launch and test engineer, fluids",1477,4.06640625,False,1816,False
8548414002,"spacex||supervisor, tool & die - 2nd shift",1478,4.06640625,False,1815,False
6121064004,"pacvue||business development representative, emea",1479,4.06640625,False,1814,False
5173069007,"andurilindustries||technical writer, fury data module",1480,4.06640625,False,1813,False
5124647007,xai||construction superintendent (night shift) – electrical,1481,4.06640625,False,1812,False
5093330007,"andurilindustries||pcb layout designer, intelligence systems",1482,4.06640625,False,1811,False
8403132002,"spacex||electrical engineer, sensors",1483,4.0625,False,1821,False
5789855004,monks||unisys os 2200 infrastructure support specialist,1484,4.0625,False,1820,False
5153382007,andurilindustries||test site kitchen operations,1485,4.0625,False,1818,False
5146974007,"andurilindustries||flight test engineer, ghost",1486,4.0625,False,1817,False
J000695801,aptiv|wd5|aptiv_careers||cad tool developer,1487,4.05859375,False,1827,False
8402832002,spacex||nde engineer,1488,4.05859375,False,1826,False
7947732002,gotion||field service engineer,1489,4.05859375,False,1825,False
5192467007,altentechnologyusa||infrastructure architect,1490,4.05859375,False,1824,False
5009743007,"andurilindustries||manufacturing engineer, digital tools",1491,4.05859375,False,1822,False
8570369002,spacex||industrial designer,1492,4.0546875,False,1832,False
8506211002,gotion||process engineer intern,1493,4.0546875,False,1831,False
8409342002,spacex||pcb designer,1494,4.0546875,False,1830,False
7634455003,cookunity||quality control associate,1495,4.0546875,False,1829,False
5191249007,andurilindustries||r&d engineering technician,1496,4.0546875,False,1828,False
5308214008,apexcompanies||survey technician,1497,4.05078125,False,1836,False
5230979008,apexcompanies||landscape technician,1498,4.05078125,False,1835,False
0c018ee1-20fa-4709-bb52-608fab380430,hellobrightline||chief product & technology officer,1499,4.05078125,False,1833,False
8642529002,"spacex||mechanical engineer, ai satellites",1500,4.046875,False,1844,False
8641281002,relativity||quality inspector technical specialist i,1501,4.046875,False,1843,False
8364386002,"spacex||manufacturing engineer, supply chain",1502,4.046875,False,1842,False
5190139007,xai||energy & infrastructure counsel,1503,4.046875,False,1840,False
5168434007,xai||associate data center operations technician,1504,4.046875,False,1839,False
5023717007,andurilindustries||flight test engineer,1505,4.046875,False,1838,False
8519655002,spacex||business operations analyst,1506,4.04296875,False,1848,False
5287346008,apexcompaniescsw||landscape technician,1507,4.04296875,False,1847,False
8605143002,spacex||propulsion fluids analyst,1508,4.0390625,False,1859,False
8570074002,"spacex||development process technician, injection molding (starlink) - level 4/5",1509,4.0390625,False,1858,False
8550675002,"spacex||software engineer, high assurance test",1510,4.0390625,False,1857,False
8421673002,spacex||thermal control and life support hardware engineer,1511,4.0390625,False,1856,False
8398396002,"spacex||supervisor, welding (starship) - nights",1512,4.0390625,False,1855,False
5189555007,atwellgroup||technology specialist ii,1513,4.0390625,False,1853,False
5160776007,"scoutmotors||engineer, steering system e/e and sw",1514,4.0390625,False,1851,False
4695937006,accenturefederalservices||infrastructure systems administrator,1515,4.0390625,False,1849,False
8638724002,"relativity||technician i, lp-ded additive, second shift",1516,4.03515625,False,1870,False
8187979002,gotion||service now developer,1517,4.03515625,False,1869,False
5182247007,"andurilindustries||manufacturing engineer, high vacuum systems",1518,4.03515625,False,1861,False
4743546101,tamara||product engineer ii - flutter,1519,4.03515625,False,1860,False
8064402,liquibase||enterprise account executive,1520,4.03125,False,1884,False
7810260003,flyzipline||maintenance operations engineering technician,1521,4.03125,False,1883,False
7490828002,gotion||application engineer,1522,4.03125,False,1882,False
5128169007,xai||corporate counsel,1523,4.03125,False,1872,False
4674910006,accenturefederalservices||platform architect,1524,4.03125,False,1871,False
8588049002,spacex||integration technician,1525,4.02734375,False,1904,False
8573588002,spacex||production development technician,1526,4.02734375,False,1903,False
8525739002,spacex||antenna engineer - parabolic & waveguide,1527,4.02734375,False,1902,False
5959293002,"gotion||solution engineer, ess",1528,4.02734375,False,1899,False
4809166008,block||head of square commercial operations & deal excellence,1529,4.02734375,False,1888,False
4715121005,fundraiseup||enterprise account executive,1530,4.02734375,False,1887,False
8555072002,"spacex||supervisor, machining & fabrication",1531,4.0234375,False,1924,False
8502375002,"spacex||mission integration engineer, user products",1532,4.0234375,False,1923,False
8160711002,gotion||kcc career fair,1533,4.0234375,False,1922,False
7811676003,flyzipline||autonomy droid perception swe - onboard systems,1534,4.0234375,False,1921,False
5979759004,boomilp||reporting and analytics advisor,1535,4.0234375,False,1920,False
5180962007,atwellgroup||civil cad designer - land development,1536,4.0234375,False,1910,False
5065541007,atwellgroup||field engineer ii,1537,4.0234375,False,1907,False
4662252006,accenturefederalservices||sap btp developer,1538,4.0234375,False,1906,False
R-282822,mastercard|wd1|corporatecareers||software engineer ii,1539,4.01953125,False,1929,False
8536253002,"spacex||manufacturing specialist, solar",1540,4.01953125,False,1928,False
5195924008,block||legal systems engineer,1541,4.01953125,False,1925,False
8641845002,brex||systems analyst ii,1542,4.015625,False,1938,False
8474952002,"spacex||reliability engineer, facilities",1543,4.015625,False,1935,False
5120398007,andurilindustries||inventory specialist,1544,4.015625,False,1932,False
5114254007,zscaler||detection engineer- skillbridge intern,1545,4.015625,False,1931,False
5083569007,xai||tutor - competition math,1546,4.015625,False,1930,False
8579623002,spacex||it network infrastructure technician,1547,4.01171875,False,1945,False
7982980,"intercom||account executive, scale",1548,4.01171875,False,1943,False
5180570007,"andurilindustries||electrical systems engineer, c2 integration",1549,4.01171875,False,1942,False
5177384007,zscaler||threat response engineer (tre) - early shift,1550,4.01171875,False,1941,False
5094634007,andurilindustries||composite technician,1551,4.01171875,False,1940,False
4686996006,sharkninjaoperatingllc||compliance engineer,1552,4.01171875,False,1939,False
8581047002,"spacex||supervisor, fabrication",1553,4.0078125,False,1955,False
7635374003,celonis||value engineer-scale-nam,1554,4.0078125,False,1953,False
5272678008,apexcompaniescsw||landscape foreman,1555,4.0078125,False,1952,False
5272672008,apexcompanies||landscape foreman,1556,4.0078125,False,1951,False
4931834101,nice||support engineer,1557,4.0078125,False,1948,False
4695845006,accenturefederalservices||jr. pega developer,1558,4.0078125,False,1947,False
8052429,"tubitv||data scientist, growth analytics",1559,4.00390625,False,1964,False
7808686003,flyzipline||uas maintenance technician - houston,1560,4.00390625,False,1963,False
5287804008,apexcompanies||water / wastewater operator,1561,4.00390625,False,1962,False
5144350007,andurilindustries||manufacturing test engineer,1562,4.00390625,False,1959,False
5036204007,andurilindustries||inventory analyst,1563,4.00390625,False,1958,False
4688824006,accenturefederalservices||cyberark pam engineer,1564,4.00390625,False,1957,False
7994073,intercom||sales development representative,1565,4.0,False,1972,False
7810504003,flyzipline||head of flight test engineering,1566,4.0,False,1971,False
5135090007,xai||recruiting coordinator,1567,4.0,False,1969,False
4855858007,xai||medicine tutor,1568,4.0,False,1968,False
4677337006,astranis||fpga associate,1569,4.0,False,1967,False
7808339003,spycloud||security data analyst - parsing,1570,3.998046875,False,1973,False
7808731003,vardaspace||production coordinator,1571,3.99609375,False,1975,False
8569279002,"spacex||tig welder, chamber and nozzle",1572,3.994140625,False,1978,False
7947800,"ripple||site reliability engineer, observability",1573,3.994140625,False,1977,False
7366132,intercom||technical support specialist,1574,3.994140625,False,1976,False
8498815002,spacex||materials r&d technician - level 4/5,1575,3.9921875,False,1983,False
5188283007,"andurilindustries||test and evaluation engineer, air defense",1576,3.9921875,False,1980,False
4657698007,andurilindustries||planning analyst,1577,3.9921875,False,1979,False
JR103537,browserstack|wd3|external||sde - customer engineering | automation testing - selenium | pre-sales & post-sales,1578,3.990234375,False,1990,False
8484535002,spacex||production coordinator (fleet maintenance) - nights,1579,3.990234375,False,1989,False
5167869007,andurilindustries||test site technican specialist,1580,3.990234375,False,1986,False
4559147007,xai||application security engineer,1581,3.990234375,False,1985,False
4662887006,accenturefederalservices||sap fi/co psm consultant,1582,3.98828125,False,1992,False
8402935002,spacex||space lasers engineer,1583,3.986328125,False,1997,False
4722696007,alfredbeneschco||project engineer - structures / bridges,1584,3.982421875,False,2005,False
4670565006,sharkninjaoperatingllc||fall 2026: corporate communications intern,1585,3.982421875,False,2004,False
4017391006,"astranis||assembly, integration, and test technician",1586,3.982421875,False,2003,False
7939709,"elastic||solutions architect - general business, east",1587,3.98046875,False,2014,False
8506288002,gotion||supply chain intern,1588,3.978515625,False,2017,False
5982491004,boomilp||boomi support engineer,1589,3.9765625,False,2021,False
5061905007,"zscaler||sales engineer, enterprise - pacnw",1590,3.9765625,False,2019,False
8627986002,cannondesign||project mechanical v,1591,3.974609375,False,2026,False
8460962002,"spacex||electric propulsion engineer, mechanical",1592,3.974609375,False,2025,False
5179403007,atwellgroup||civil designer - land development,1593,3.974609375,False,2024,False
4597559006,astranis||harness design engineer intern,1594,3.974609375,False,2023,False
8569011002,spacex||mechanisms engineer,1595,3.97265625,False,2029,False
7254820,"intercom||account executive, commercial",1596,3.970703125,False,2031,False
6009174004,ionq||satellite operations engineer,1597,3.970703125,False,2030,False
8628843002,janestreet||windows engineer,1598,3.96875,False,2035,False
8067970,yext||it audit analyst,1599,3.96875,False,2034,False
7988982,boxinc||mid-market solutions engineer,1600,3.96875,False,2033,False
4614379006,astranis||propulsion engineer intern,1601,3.96875,False,2032,False
8623247002,"spacex||mechanical engineer, mep",1602,3.966796875,False,2049,False
8575407002,spacex||sheet metal technician,1603,3.966796875,False,2048,False
8440651002,"spacex||electrical engineer, energy infrastructure & generation",1604,3.966796875,False,2047,False
7784391003,celonis||associate value engineering - orbit india,1605,3.966796875,False,2045,False
5995128004,boomilp||product support engineer - boomi - hyderabad,1606,3.966796875,False,2044,False
5282545008,block||mid-market account executive,1607,3.966796875,False,2042,False
4692664006,accenturefederalservices||data analyst in california,1608,3.966796875,False,2039,False
4689975006,accenturefederalservices||rhel systems administrator,1609,3.966796875,False,2038,False
4115379009,valaratomics||cfd analyst,1610,3.966796875,False,2036,False
5813757004,turing||growth stratops associate,1611,3.96484375,False,2052,False
5287820008,apexcompanies||water / wastewater operator (field services & treatment systems) - part-time,1612,3.96484375,False,2051,False
8060722002,cannondesign||electrical ii,1613,3.962890625,False,2057,False
7476991,d2l||paid media specialist,1614,3.962890625,False,2056,False
5147072007,andurilindustries||head of manufacturing test engineering,1615,3.962890625,False,2055,False
7985637,boxinc||enterprise solutions engineer,1616,3.9609375,False,2059,False
4685724006,accenturefederalservices||sap business analyst / tester,1617,3.9609375,False,2058,False
6115416004,"babylist||supervisor, fulfillment operations, kitting - day shift",1618,3.958984375,False,2067,False
5365299008,geotab||marketing intern - southeast asia.,1619,3.958984375,False,2066,False
5142131007,atwellgroup||cad designer - land development,1620,3.958984375,False,2065,False
4715093005,seurat||manufacturing engineer - machining operations,1621,3.958984375,False,2062,False
4663441006,accenturefederalservices||tech assessor,1622,3.958984375,False,2061,False
WD30274995,jci|wd5|jci||product engineer,1623,3.95703125,False,2073,False
8076844,"accordion||cloud devops engineer, data & analytics",1624,3.95703125,False,2072,False
5069946007,"andurilindustries||electrical engineer, high speed missiles avionics design",1625,3.95703125,False,2070,False
4760806007,xai||finance expert,1626,3.95703125,False,2069,False
4601610006,sharkninjaoperatingllc||fall 2026: industrial design intern,1627,3.95703125,False,2068,False
8515984002,cannondesign||project administrator,1628,3.955078125,False,2077,False
5025986007,"andurilindustries||operations analyst, quality control",1629,3.955078125,False,2076,False
5023715007,"andurilindustries||mechanical engineer, propulsion",1630,3.955078125,False,2075,False
8624452002,spacex||chemical engineer,1631,3.953125,False,2088,False
8561494002,"spacex||manufacturing engineer, optical fiber",1632,3.953125,False,2087,False
8029120,"reddit||machine learning engineer, ads optimization",1633,3.953125,False,2086,False
7496588003,cookunity||fulfillment supervisor,1634,3.953125,False,2085,False
5151485007,xai||hr business partner - engineering,1635,3.953125,False,2084,False
4871750007,"andurilindustries||experimental test pilot, air dominance & strike",1636,3.953125,False,2083,False
4324432009,industrialelectricmanufacturing||logistics specialist,1637,3.953125,False,2081,False
8617740002,cannondesign||project specialist ii - yellow brick,1638,3.951171875,False,2090,False
7809990003,"flyzipline||maintenance support technician, dallas",1639,3.951171875,False,2089,False
5106773007,"andurilindustries||ui engineer, lattice c2",1640,3.94921875,False,2093,False
5102811007,zscaler||escalation engineer - dlp,1641,3.94921875,False,2092,False
202607-118717,roche|wd3|roche-ext||production technician,1642,3.94921875,False,2091,False
R-089208,jj|wd5|displacedemployees||engineering manufacturing maintenance supervisor,1643,3.947265625,False,2096,False
8036155,"stripe||technical writer, docs content",1644,3.947265625,False,2095,False
R14343,proofpoint|wd5|proofpointcareers||marketing ai automation engineer iii,1645,3.9453125,False,2105,False
5179408007,atwellgroup||civil designer – land development,1646,3.9453125,False,2104,False
5117778007,andurilindustries||manufacturing systems specialist,1647,3.9453125,False,2102,False
5080957007,atwellgroup||project engineer - civil land development,1648,3.9453125,False,2099,False
5074043007,andurilindustries||security specialist,1649,3.9453125,False,2098,False
4679087006,accenturefederalservices||sap ai developer,1650,3.9453125,False,2097,False
8637631002,relativity||weld engineer ii,1651,3.943359375,False,2111,False
8525777002,"spacex||it systems administrator, mission systems",1652,3.943359375,False,2109,False
8374879002,"spacex||launch engineer, ground support equipment",1653,3.943359375,False,2108,False
5158247007,"andurilindustries||data scientist, air dominance & strike",1654,3.943359375,False,2107,False
8342601002,spacex||quality specialist,1655,3.94140625,False,2113,False
4608372006,accenturefederalservices||sap wm (warehouse management) consultant,1656,3.94140625,False,2112,False
R-089547,"jj|wd5|displacedemployees||experienced engineer, manufacturing engineer",1657,3.939453125,False,2116,False
7800632003,axontalentcommunity||2027 us electrical engineering internship,1658,3.9375,False,2118,False
5047564007,xai||video tutor,1659,3.9375,False,2117,False
8618554002,"spacex||supplier development engineer, supply chain",1660,3.935546875,False,2121,False
8590038002,aegworldwide||product developer- ch- axs,1661,3.935546875,False,2120,False
8517393002,deliveryassociates||full stack software developer – lac (brazil) - 12 months contractor,1662,3.93359375,False,2125,False
8477675002,spacex||entry level production technician - twta,1663,3.93359375,False,2124,False
5155311007,zscaler||partner solution architect - gsi,1664,3.93359375,False,2123,False
4716720005,hillel||engagement associate at towson university hillel,1665,3.93359375,False,2122,False
8571394002,"spacex||machine maintenance technician, electrical",1666,3.931640625,False,2128,False
5363371008,liveviewtechnologiesinc||cdl driver,1667,3.931640625,False,2127,False
4663877006,accenturefederalservices||erm records management o365 sharepoint & network migration engineer - to37,1668,3.931640625,False,2126,False
4695485006,sharkninjaoperatingllc||associate product developer - skincare,1669,3.9296875,False,2130,False
4679108006,astranis||electrical integration associate - avionics,1670,3.9296875,False,2129,False
5152185007,andurilindustries||system administrator,1671,3.927734375,False,2133,False
4678560006,accenturefederalservices||system administrator,1672,3.927734375,False,2132,False
4232403009,voyagertechnologiesinc||test engineer,1673,3.927734375,False,2131,False
R-52785-2026,"harman|wd3|harman||junior engineer ii, maintenance",1674,3.92578125,False,2135,False
REQ-1000050799,sbdinc|wd1|stanley_black_decker_career_site||general fabricator,1675,3.923828125,False,2140,False
8512266002,axs||site reliability engineer ii,1676,3.923828125,False,2138,False
4386294006,accenturefederalservices||ics/ot architect,1677,3.923828125,False,2136,False
8616347002,spacex||architectural designer,1678,3.921875,False,2142,False
5171204007,andurilindustries||environmental test technician,1679,3.921875,False,2141,False
7377294,zuora||solution architect ii,1680,3.919921875,False,2143,False
8519574002,"spacex||mission integration engineer, network and infrastructure",1681,3.91796875,False,2147,False
8503000002,"spacex||supervisor, thermal hardware",1682,3.91796875,False,2146,False
5114338007,atwellgroup||project engineer - land development,1683,3.91796875,False,2145,False
4643594006,accenturefederalservices||sap sales & distribution (sd) gts consultant,1684,3.91796875,False,2144,False
5179327007,atwellgroup||project engineer - oil & gas - facilities and pipelines,1685,3.916015625,False,2148,False
8621890002,spacex||video & voice administrator,1686,3.9140625,False,2155,False
8555580002,spacex||pastry chef,1687,3.9140625,False,2154,False
5995126004,boomilp||product support engineer - boomi hyderabad,1688,3.9140625,False,2153,False
5969617004,"boomilp||atlassian platform administrator, product & technology operations",1689,3.9140625,False,2152,False
R2026070096,tarkett|wd3|tsp_careers||repair i,1690,3.912109375,False,2160,False
5159366007,andurilindustries||security data engineer,1691,3.912109375,False,2157,False
5141668007,"scoutmotors||specialist, software update and validation engineer",1692,3.912109375,False,2156,False
R29446,"crowdstrike|wd5|crowdstrikecareers||analyst, falcon complete",1693,3.91015625,False,2167,False
8642855002,captiveaire||technical sales and field service engineer,1694,3.91015625,False,2166,False
8469398002,"wpp||strategy & transformation analyst, crc",1695,3.91015625,False,2164,False
7296732,"intercom||account executive (existing business), commercial",1696,3.908203125,False,2169,False
5187280007,"zscaler||analyst, business operations",1697,3.908203125,False,2168,False
8481451002,wpp||workday release analyst,1698,3.90625,False,2172,False
4677338006,astranis||fpga intern,1699,3.90625,False,2170,False
R2612201,myhrabc|wd5|global||program coordinator,1700,3.904296875,False,2176,False
8580380002,spacex||integration technician (starlink) - 1st shift,1701,3.904296875,False,2175,False
5146610007,xai||hr business partner,1702,3.904296875,False,2174,False
8612522002,spacex||commercial plumber - 2nd shift,1703,3.90234375,False,2177,False
7603832003,abarca||software automation engineer,1704,3.8984375,False,2179,False
5166743007,"andurilindustries||integration and test engineer (iron bird), omen",1705,3.8984375,False,2178,False
JR00039688,abb|wd3|external_career_page||process solution and data architect - treasury,1706,3.896484375,False,2185,False
8641531002,blinkhealth||pharmacy partner coordinator,1707,3.896484375,False,2184,False
8587080002,"spacex||cnc machinist, deburr",1708,3.896484375,False,2183,False
5156974007,"scoutmotors||specialist, process optimization & data management",1709,3.896484375,False,2181,False
5100784007,andurilindustries||embedded linux engineer,1710,3.896484375,False,2180,False
8627255002,spacex||porter,1711,3.89453125,False,2188,False
5115890008,block||asic validation engineer,1712,3.89453125,False,2187,False
4716195005,maravailifesciences||qa operations specialist ii,1713,3.89453125,False,2186,False
6103322004,"boomilp||solution domain expert, ipaas",1714,3.892578125,False,2192,False
5167419007,chaosindustries||mission operations specialist,1715,3.892578125,False,2191,False
4247910009,brph||structural engineer,1716,3.892578125,False,2189,False
4668591006,accenturefederalservices||cloud security architect,1717,3.890625,False,2193,False
8530246002,gotion||training specialist,1718,3.888671875,False,2200,False
8045278,"latitude||triage associate i, platform triage - first shift",1719,3.888671875,False,2199,False
7801518003,verisign||engineer ii - web development,1720,3.888671875,False,2198,False
4694721006,sharkninjaoperatingllc||test engineer,1721,3.888671875,False,2197,False
4593618006,accenturefederalservices||oracle ebs procure to pay (p2p) functional analyst,1722,3.888671875,False,2195,False
5149055007,"andurilindustries||financial analyst ii, ad&s",1723,3.88671875,False,2204,False
4017557006,astranis||spacecraft engineer - office of the cto,1724,3.88671875,False,2203,False
8573357002,spacex||supplier quality specialist,1725,3.884765625,False,2206,False
5170039007,"andurilindustries||data analyst, air dominance & strike",1726,3.884765625,False,2205,False
8569955002,spacex||electromechanical technician,1727,3.8828125,False,2209,False
4696958006,"astranis||manufacturing engineer, additive",1728,3.8828125,False,2207,False
5177658007,atwellgroup||survey field technician,1729,3.880859375,False,2212,False
4695967006,accenturefederalservices||custom applications developer,1730,3.880859375,False,2211,False
31151716,abbott|wd5|abbottcareers2||extrusion manufacturing engineer ii,1731,3.880859375,False,2210,False
8552292002,spacex||production machinist (starlink) - 1st shift - level 4/5,1732,3.87890625,False,2219,False
5776286004,boomilp||servicenow crm developer/administrator,1733,3.87890625,False,2218,False
5752976004,lunarenergy||power electronics engineer,1734,3.87890625,False,2217,False
5186602007,andurilindustries||motor controls engineer,1735,3.87890625,False,2216,False
4286516009,industrialelectricmanufacturing||production controller,1736,3.87890625,False,2214,False
8484033002,spacex||starlink production technician - twta,1737,3.875,False,2223,False
8379227002,gotion||hvac & utilities engineer/supervisor,1738,3.875,False,2221,False
8612261002,gotion||junior controls engineer,1739,3.873046875,False,2227,False
8445549002,spacex||quality inspector,1740,3.873046875,False,2226,False
8426061002,spacex||welder (starship launch hardware) - multiple shifts,1741,3.873046875,False,2225,False
4630325101,davinciderivatives||trading systems engineer,1742,3.873046875,False,2224,False
8635886002,spacex||harness design engineer,1743,3.87109375,False,2230,False
4178272009,redwoodsoftware||ux design team - researcher,1744,3.87109375,False,2228,False
R0136956,hitachi|wd1|hitachi||oracle epm solution architect,1745,3.869140625,False,2233,False
8628397002,spacex||equipment operator,1746,3.869140625,False,2232,False
4681416006,astranis||reliability design associate,1747,3.869140625,False,2231,False
8617151002,faire||head of revenue operations & ai,1748,3.8671875,False,2236,False
8521981002,"spacex||propulsion engineer, valves",1749,3.8671875,False,2235,False
8011102002,"blinkhealth||pharmacy technician, fulfillment | onsite- pittsburgh",1750,3.8671875,False,2234,False
8623022002,spacex||starlink production technician - machining,1751,3.865234375,False,2238,False
8526975002,spacex||launch reliability engineer,1752,3.865234375,False,2237,False
5258480008,block||head of strategic product sales,1753,3.86328125,False,2239,False
8064592,acquia||enterprise account executive,1754,3.861328125,False,2242,False
4695489006,sharkninjaoperatingllc||associate product developer- ninja motorized,1755,3.861328125,False,2240,False
5150932007,xai||controls technician,1756,3.859375,False,2245,False
4694727006,accenturefederalservices||sap fscm consultant,1757,3.859375,False,2244,False
4672260006,accenturefederalservices||icam architect,1758,3.859375,False,2243,False
8398189002,"spacex||manufacturing engineer, supplier development",1759,3.857421875,False,2248,False
5293278008,"block||territory account executive, denver",1760,3.857421875,False,2247,False
5105846008,thinkingmachines||hr business partner,1761,3.857421875,False,2246,False
5181564007,"andurilindustries||technical operations engineer, usmc",1762,3.853515625,False,2250,False
5113524007,andurilindustries||robotics software engineer,1763,3.853515625,False,2249,False
5362442008,gruve||ot soc analyst l2,1764,3.8515625,False,2251,False
8576014002,spacex||hvac technician - level 4/5,1765,3.849609375,False,2256,False
5178802007,andurilindustries||aviation maintenance engineer,1766,3.849609375,False,2255,False
5155924007,andurilindustries||occupancy space planner,1767,3.849609375,False,2254,False
4687344006,accenturefederalservices||endpoint privilege management operations,1768,3.849609375,False,2253,False
4661716006,accenturefederalservices||palantir data scientist,1769,3.849609375,False,2252,False
8621590002,"spacex||tig welder, chamber and nozzle (raptor) - 2nd shift",1770,3.84765625,False,2260,False
8611104002,"spacex||mechanical engineer, hvac",1771,3.84765625,False,2259,False
8533487002,spacex||integration technician (payloads) - multiple shifts,1772,3.84765625,False,2258,False
8160722002,gotion||gotion college career fair,1773,3.84765625,False,2257,False
8642065002,spacex||high-speed electro-optical ic engineer,1774,3.845703125,False,2262,False
6117296004,monks||ai generative artist,1775,3.845703125,False,2261,False
7921350002,"gotion||equipment engineer, module &pack line",1776,3.84375,False,2266,False
7528394,ardentmc||salesforce technical architect,1777,3.84375,False,2265,False
5187498007,"andurilindustries||head of mission readiness, ghost",1778,3.84375,False,2264,False
5136158007,xai||fire protection engineer,1779,3.84375,False,2263,False
8418770002,spacex||test specialist,1780,3.841796875,False,2270,False
7914965002,"gotion||controls engineer, cell line",1781,3.841796875,False,2269,False
5314837008,"block||territory account executive, uws",1782,3.841796875,False,2268,False
4697421006,"vast||manufacturing engineer, mechanical subassemblies",1783,3.841796875,False,2267,False
6673796,ardentmc||reliability engineer,1784,3.837890625,False,2271,False
8612524002,cannondesign||project designer iv,1785,3.8359375,False,2278,False
8565816002,spacex||cnc machinist (starship components) - level 4/5,1786,3.8359375,False,2277,False
8517384002,deliveryassociates||ai solution engineer – lac (brazil) - 12 months contractor,1787,3.8359375,False,2276,False
8395345002,"spacex||dicing specialist, silicon assembly",1788,3.8359375,False,2275,False
6111332004,"vercel||security engineer, detection response",1789,3.8359375,False,2274,False
4234525009,eudia||forward deployed lawyer,1790,3.8359375,False,2272,False
8486119002,"spacex||propulsion analyst, chamber and nozzle",1791,3.833984375,False,2281,False
5166301007,"andurilindustries||integration and test engineer (support system), omen",1792,3.833984375,False,2280,False
8604308002,spacex||infrastructure engineer,1793,3.83203125,False,2285,False
5090998007,xai||infrastructure security engineer,1794,3.83203125,False,2284,False
4925859007,xai||pure math tutor,1795,3.83203125,False,2283,False
4651856006,astranis||network planning sales engineer intern,1796,3.83203125,False,2282,False
8622219002,forter||inbound & events sales development representative,1797,3.830078125,False,2287,False
5262691008,apexcompanies||stormwater construction foreman,1798,3.830078125,False,2286,False
8450042002,"spacex||operations engineer, spaceport facilities",1799,3.828125,False,2289,False
R438757,comcast|wd5|comcast_careers||engineer 2 - planning & design,1800,3.826171875,False,2294,False
8584246002,cannondesign||project administrator - smart buildings,1801,3.826171875,False,2293,False
8552304002,spacex||production machinist (starlink) - 2nd shift - level 4/5,1802,3.826171875,False,2292,False
8527730002,"spacex||site reliability engineer, gnc",1803,3.826171875,False,2291,False
5201759008,apexcompaniescsw||stormwater construction foreman,1804,3.826171875,False,2290,False
8642037002,recordedfuture||application support devops engineer,1805,3.82421875,False,2304,False
5276763008,apexcompanies||environmental engineer,1806,3.82421875,False,2301,False
5124105007,"atwellgroup||project engineer, civil engineering - land development",1807,3.82421875,False,2299,False
4266770009,valaratomics||continuous improvement/operational excellence engineer,1808,3.82421875,False,2298,False
8077146,nisc||software developer ii - meter data management software,1809,3.822265625,False,2310,False
8030930,"latitude||triage associate i, platform triage - second shift",1810,3.822265625,False,2309,False
4675636006,accenturefederalservices||network engineer,1811,3.822265625,False,2305,False
8620218002,cannondesign||project technology v,1812,3.8203125,False,2316,False
8620216002,cannondesign||project technology iv,1813,3.8203125,False,2315,False
8605834002,"spacex||technical trainer, cnc machining",1814,3.8203125,False,2314,False
8577167002,spacex||gateway site development engineer,1815,3.8203125,False,2313,False
5286261008,apexcompanies||stormwater inspector,1816,3.8203125,False,2311,False
5710004004,wavemm1||endpoint engineer,1817,3.818359375,False,2318,False
8624491002,axogen||quality analyst,1818,3.81640625,False,2324,False
8464429002,spacex||satellite policy analyst,1819,3.81640625,False,2323,False
8399574002,"spacex||accountant, international",1820,3.81640625,False,2322,False
7768983,"reddit||creative technologist, karmalab",1821,3.81640625,False,2321,False
5984207004,workstream||forward deployed engineer,1822,3.81640625,False,2320,False
4651121006,vast||power electronics engineer i,1823,3.81640625,False,2319,False
8626194002,relativity||launch pad technician i,1824,3.814453125,False,2328,False
8184537002,gotion||warehouse associate,1825,3.814453125,False,2327,False
7870623,"mongodb||account executive, acquisition/growth",1826,3.814453125,False,2326,False
4236171009,numa||solutions engineer,1827,3.814453125,False,2325,False
8029831,toast||it helpdesk analyst,1828,3.8125,False,2330,False
5165026007,andurilindustries||ewis engineer,1829,3.8125,False,2329,False
8555569002,spacex||ground network specialist,1830,3.810546875,False,2335,False
8407507002,spacex||process safety engineer,1831,3.810546875,False,2334,False
8015833,mongodb||sales operations analyst,1832,3.810546875,False,2333,False
5083521007,"andurilindustries||robotics software engineer, verification & validation",1833,3.810546875,False,2332,False
7939172,relaypro||technical support specialist iii,1834,3.80859375,False,2339,False
7462719,relaypro||enterprise account executive - industrial,1835,3.80859375,False,2338,False
5098387007,andurilindustries||systems security engineer anti-tamper,1836,3.80859375,False,2337,False
5047469007,"andurilindustries||robotics software engineer, maneuver dominance",1837,3.80859375,False,2336,False
8072842,greenthumbindustries||production technician-remix,1838,3.806640625,False,2343,False
7332473,"roblox||distinguished engineer, machine learning systems – economy",1839,3.806640625,False,2342,False
5122207007,"atwellgroup||land solutions, document management specialist",1840,3.806640625,False,2341,False
4693083006,astranis||network planning sales engineer associate,1841,3.806640625,False,2340,False
8581808002,cannondesign||designer ib,1842,3.8046875,False,2348,False
7924552002,"gotion||visual systems engineer (ccd engineer), cell line",1843,3.8046875,False,2347,False
5830883004,ionq||mechanical engineer,1844,3.8046875,False,2346,False
4256883009,acilearning||academic account executive,1845,3.8046875,False,2345,False
8546581002,spacex||facilities supervisor,1846,3.802734375,False,2352,False
7810795003,flyzipline||field support technician | austin,1847,3.802734375,False,2351,False
5118731007,atwellgroup||neta field service technician,1848,3.802734375,False,2350,False
4601714006,accenturefederalservices||servicenow business analyst - hrsd,1849,3.802734375,False,2349,False
5996254004,monks||strategic engagements partner,1850,3.80078125,False,2356,False
5173215007,andurilindustries||infrastructure deployment administrator,1851,3.80078125,False,2355,False
4716536005,connectwise||data analyst,1852,3.80078125,False,2354,False
7819738,ardentmc||application developer,1853,3.798828125,False,2360,False
5270456008,apexcompanies||land surveyor,1854,3.798828125,False,2359,False
4925830007,xai||space science tutor,1855,3.798828125,False,2358,False
8055141,latitude||triage associate i,1856,3.796875,False,2362,False
5161426007,"andurilindustries||packaging engineer, sentry",1857,3.796875,False,2361,False
8545923002,spacex||rfic engineer,1858,3.794921875,False,2367,False
7757667,"formationbio||data scientist, portfolio optimization",1859,3.794921875,False,2366,False
5191759007,"verkada||fulfillment specialist, tampa",1860,3.794921875,False,2365,False
5055532007,veracyte||software development engineer,1861,3.794921875,False,2364,False
4294407009,kodiak||field integration engineer,1862,3.794921875,False,2363,False
8469052002,"spacex||it systems administrator, launch",1863,3.791015625,False,2370,False
5171330007,"andurilindustries||division operations analyst, counter intrusion",1864,3.791015625,False,2369,False
8633959002,spacex||development test engineer,1865,3.7890625,False,2371,False
4581195006,accenturefederalservices||sap procurement consultant,1866,3.787109375,False,2372,False
4693156006,accenturefederalservices||release train engineer,1867,3.78515625,False,2373,False
5166165007,zscaler||associate sales engineer - solutions center,1868,3.783203125,False,2375,False
4683356006,accenturefederalservices||project officer,1869,3.783203125,False,2374,False
5164917007,andurilindustries||contracts analyst,1870,3.78125,False,2377,False
4285129009,redwoodsoftware||transformation analyst,1871,3.78125,False,2376,False
7866534,silananotechnologies||process engineer,1872,3.779296875,False,2384,False
7811769003,flyzipline||video producer,1873,3.779296875,False,2383,False
5189854007,andurilindustries||micro-electronics technician,1874,3.779296875,False,2382,False
4694185006,pitchbookdata||go-to-market analyst,1875,3.779296875,False,2381,False
4691959006,accenturefederalservices||competitive intelligence analyst,1876,3.779296875,False,2380,False
8603670002,spacex||recovery engineer,1877,3.775390625,False,2390,False
5190070007,zscaler||workday integration developer,1878,3.775390625,False,2389,False
4713355005,"maravailifesciences||manufacturing associate i, oligo",1879,3.775390625,False,2388,False
4681472006,astranis||reliability design intern,1880,3.775390625,False,2387,False
R-147669,nttlimited|wd3|ntt_careers||cross technology managed services engineer,1881,3.7734375,False,2394,False
5153831007,atwellgroup||renewable energy engineer - solar/bess,1882,3.7734375,False,2393,False
4694060006,sharkninjaoperatingllc||line producer,1883,3.7734375,False,2392,False
R29406,"crowdstrike|wd5|crowdstrikecareers||analyst i, falcon complete",1884,3.771484375,False,2397,False
4623114006,accenturefederalservices||sap sales & distribution (sd) consultant,1885,3.771484375,False,2395,False
8594822002,"spacex||nde level ii inspector, certified welding inspector (starship mechanisms) - 1st shift",1886,3.76953125,False,2399,False
4925805007,xai||chemistry tutor,1887,3.76953125,False,2398,False
7695258,mongodb||inside account executive,1888,3.767578125,False,2401,False
5171095007,zscaler||sales engineer,1889,3.767578125,False,2400,False
6980154,ardentmc||gis systems architect,1890,3.765625,False,2409,False
6299167,bloomreach||business development representative,1891,3.765625,False,2408,False
5179521007,"andurilindustries||electrical engineer, maritime",1892,3.765625,False,2407,False
5125849007,andurilindustries||flight test engineer - mission autonomy,1893,3.765625,False,2405,False
5103331007,"zscaler||account executive, enterprise - southern california",1894,3.765625,False,2404,False
4250656009,arcanaanalytics||portfolio analytics specialist,1895,3.765625,False,2403,False
4232738009,valaratomics||fuel plant process technician,1896,3.765625,False,2402,False
8642579002,pathrobotics||field service technician,1897,3.763671875,False,2415,False
4673206006,inflect||network solutions architect – ai & infrastructure - fully remote!,1898,3.763671875,False,2411,False
4266177009,publicinput||software engineer i,1899,3.763671875,False,2410,False
7583033,boxinc||developer relations engineer,1900,3.76171875,False,2417,False
4565985006,sharkninjaoperatingllc||electrical engineering opportunities at sharkninja,1901,3.76171875,False,2416,False
8074109,samsara||enterprise implementation consultant,1902,3.759765625,False,2420,False
4664779006,"vast||manufacturing coordinator, avionics",1903,3.759765625,False,2419,False
588166,philips|wd3|jobs-and-careers||business platform analyst,1904,3.7578125,False,2422,False
4698559006,orioninnovation||devsecops engineer,1905,3.7578125,False,2421,False
8587103002,"spacex||cnc machinist, deburr (starship components) - 2nd shift",1906,3.755859375,False,2426,False
7997890,d2l||performance marketing specialist,1907,3.755859375,False,2425,False
5176707007,andurilindustries||rapid integration & test engineer,1908,3.755859375,False,2424,False
4696350006,"figureai||project coordinator, data quality",1909,3.75390625,False,2427,False
8490495002,"spacex||cvd equipment engineer, solar cells",1910,3.751953125,False,2431,False
7593636003,"intersystems||veterans affairs account executive, public sector",1911,3.751953125,False,2430,False
5150787007,xai||documentation control specialist - infrastructure,1912,3.751953125,False,2429,False
5078962007,zscaler||account executive - majors,1913,3.751953125,False,2428,False
R29396,crowdstrike|wd5|crowdstrikecareers||regional sales engineer,1914,3.75,False,2436,False
5136156007,xai||permitting specialist,1915,3.75,False,2434,False
4997616007,xai||occupational math tutor,1916,3.75,False,2433,False
4617533006,accenturefederalservices||systems administrator,1917,3.75,False,2432,False
8060670,"latitude||triage associate i - fleet watch, first shift",1918,3.748046875,False,2439,False
5012351008,block||silicon product and test engineer,1919,3.74609375,False,2440,False
8455264002,cannondesign||education planner,1920,3.744140625,False,2444,False
8447293002,spacex||launch operations engineer,1921,3.744140625,False,2443,False
5121253007,"xai||supervisor, logistics - data center operations",1922,3.744140625,False,2442,False
5295054008,commvault||ai marketing specialist,1923,3.7421875,False,2446,False
5158713007,"andurilindustries||head of integrated product support, ghost",1924,3.7421875,False,2445,False
4681930006,accenturefederalservices||ms power apps developer,1925,3.740234375,False,2447,False
8417078002,spacex||avionics wire harness technician,1926,3.73828125,False,2452,False
5177913007,"zscaler||account executive, enterprise",1927,3.73828125,False,2451,False
5121244007,xai||inventory specialist,1928,3.73828125,False,2450,False
R0123378,hitachi|wd1|hitachi||data analyst,1929,3.736328125,False,2455,False
4689012006,accenturefederalservices||jr. data scientist,1930,3.736328125,False,2454,False
5153346007,zscaler||specialist account executive - zt cloud,1931,3.734375,False,2457,False
8394893002,cannondesign||project architect iv - healthcare,1932,3.732421875,False,2462,False
6005910004,ionq||chief architect - optical communication terminals,1933,3.732421875,False,2461,False
5192454007,altentechnologyusa||it support analyst,1934,3.732421875,False,2460,False
5069684007,zscaler||federal security operations - skillbridge intern,1935,3.732421875,False,2458,False
8059825,boxinc||solutions architect,1936,3.73046875,False,2464,False
4695837006,accenturefederalservices||sap bw/4hana implementation consultant,1937,3.728515625,False,2465,False
5159770007,atwellgroup||civil engineer - land development,1938,3.724609375,False,2466,False
8355075002,spacex||avionics test engineer,1939,3.720703125,False,2472,False
4676910006,astranis||environmental test engineer associate,1940,3.720703125,False,2471,False
8066841,"latitude||triage associate i - fleet watch, third shift",1941,3.716796875,False,2473,False
8623625002,"spacex||welder, starship launch pad",1942,3.71484375,False,2477,False
8532514002,"spacex||supervisor, electrical",1943,3.71484375,False,2476,False
5073234007,zscaler||account executive - enterprise,1944,3.712890625,False,2478,False
5190190007,andurilindustries||mechanical designer,1945,3.7109375,False,2479,False
4977435007,xai||earth science tutor,1946,3.708984375,False,2481,False
4687850006,accenturefederalservices||business operator,1947,3.708984375,False,2480,False
6980100,ardentmc||scrum master,1948,3.70703125,False,2485,False
5187483007,"andurilindustries||head of mission readiness, connected warfare",1949,3.70703125,False,2484,False
4695444006,accenturefederalservices||data product & quality specialist,1950,3.70703125,False,2482,False
5170591007,scoutmotors||it infrastructure planning specialist,1951,3.705078125,False,2491,False
5152676007,zscaler||sales engineer - uk,1952,3.705078125,False,2489,False
4696249006,"vast||manufacturing coordinator, integration",1953,3.705078125,False,2488,False
4679105006,astranis||electrical integration intern - avionics,1954,3.705078125,False,2487,False
R178373,ryder|wd5|rydercareers||sourcing & supply analyst - remote,1955,3.703125,False,2499,False
7895040,onemedical||early career-primary care physician - adult medicine,1956,3.703125,False,2495,False
4925783007,xai||biology tutor,1957,3.703125,False,2494,False
8609256002,"spacex||silicon packaging technician, silicon assembly",1958,3.701171875,False,2501,False
8505212002,spacex||pcb materials lab technician,1959,3.701171875,False,2500,False
8629250002,spacex||production machinist (starlink) - 1st shift,1960,3.69921875,False,2504,False
7779016,mongodb||salesforce cpq engineer 3,1961,3.69921875,False,2503,False
8635683002,spacex||integration technician (starshield) - level 4/5,1962,3.697265625,False,2507,False
5221536008,americaninstitutesforresearch||power bi developer,1963,3.697265625,False,2506,False
4218748009,valaratomics||netsuite erp administrator,1964,3.697265625,False,2505,False
8642046002,thesciongroupllc||it support specialist - i,1965,3.6953125,False,2512,False
8344352002,spacex||welder (starship) – temporary,1966,3.6953125,False,2511,False
7809915003,cookunity||overnight food safety specialist,1967,3.6953125,False,2510,False
5142979007,xai||electrician,1968,3.6953125,False,2509,False
5057173007,"zscaler||account executive, enterprise - heartlands",1969,3.6953125,False,2508,False
R-1185745,unilever|wd3|tmicc||sales developer - pontevedra,1970,3.693359375,False,2515,False
5147719007,"andurilindustries||test & evaluation engineer, imaging",1971,3.693359375,False,2514,False
4687162006,accenturefederalservices||sap data scientist,1972,3.693359375,False,2513,False
5147249007,"zscaler||account executive, majors - oregon / washington",1973,3.69140625,False,2517,False
8561572002,"spacex||thermal engineer, thermal & fluid analysis",1974,3.6875,False,2522,False
7991444,"mongodb||engineer 3, business systems",1975,3.6875,False,2521,False
5167576007,"andurilindustries||ndt inspector level iii, maritime",1976,3.6875,False,2520,False
5165659008,apexcompanies||resident project representative- vertical construction,1977,3.6875,False,2519,False
8549512002,cannondesign||coordinator i,1978,3.685546875,False,2524,False
5124963007,"zscaler||account executive, strategic accounts",1979,3.685546875,False,2523,False
8417603002,spacex||thermal development technician,1980,3.68359375,False,2528,False
8077045,greenthumbindustries||production technician,1981,3.68359375,False,2527,False
5190515007,andurilindustries||test & evaluation engineer,1982,3.68359375,False,2526,False
8560125002,spacex||hvac design engineer,1983,3.681640625,False,2529,False
8639279002,"spacex||supervisor, heatshield materials management",1984,3.6796875,False,2531,False
5303186008,thenuclearcompany||mechanical sales engineer,1985,3.6796875,False,2530,False
R68492,medtronic|wd1|medtroniccareers||process engineer ii,1986,3.677734375,False,2533,False
4690175006,accenturefederalservices||test automation engineer,1987,3.677734375,False,2532,False
8488362002,"spacex||construction superintendent, residential",1988,3.67578125,False,2537,False
8244341002,gotion||chief engineer - battery systems,1989,3.67578125,False,2536,False
5156588007,andurilindustries||industrial space planner,1990,3.67578125,False,2535,False
5148882007,xai||fiber technician,1991,3.67578125,False,2534,False
R10292,soti|wd3|careers||quality assurance specialist 1,1992,3.673828125,False,2543,False
JR1433,bullhorn|wd1|bullhorncareers||strategic consultant,1993,3.673828125,False,2542,False
5046298008,fiveringsllc||experienced/lateral - quantitative researcher,1994,3.673828125,False,2541,False
4670548006,sharkninjaoperatingllc||fall 2026: employer brand intern,1995,3.673828125,False,2539,False
4321922009,valaratomics||triso chemical plant process engineer,1996,3.673828125,False,2538,False
8548111002,"spacex||technical operations engineer, customer success",1997,3.669921875,False,2549,False
8399747002,spacex||mep/construction engineer,1998,3.669921875,False,2548,False
6100127004,ionq||optical engineer,1999,3.66796875,False,2551,False
5130906007,"andurilindustries||ndt inspector level ii, maritime",2000,3.66796875,False,2550,False
8456300002,spacex||avionics build associate,2001,3.666015625,False,2553,False
5102949007,atwellgroup||project engineer - civil renewables,2002,3.666015625,False,2552,False
8406964002,spacex||operations development engineer,2003,3.6640625,False,2554,False
6102277004,epicgames||engine programmer,2004,3.662109375,False,2557,False
5183054008,olsson||project civil engineer - data center,2005,3.662109375,False,2556,False
4694865006,"sharkninjaoperatingllc||specialist, global campaigns",2006,3.662109375,False,2555,False
5166320007,"andurilindustries||integration and test engineer (environmental), omen",2007,3.66015625,False,2558,False
8594150002,"spacex||mechanical engineer, optical & space lasers manufacturing",2008,3.658203125,False,2560,False
4925832007,xai||physics tutor,2009,3.658203125,False,2559,False
8583974002,spacex||hardware development electrical engineer,2010,3.65625,False,2568,False
8423223002,"spacex||test engineer, propulsion components",2011,3.65625,False,2567,False
8358203002,"spacex||electrical engineer, spacecraft avionics",2012,3.65625,False,2566,False
5166741007,"andurilindustries||integration and test engineer (structures), omen",2013,3.65625,False,2565,False
5132492007,"zscaler||security architect, agentic ai",2014,3.65625,False,2564,False
4663557007,shapercapital||shaper portfolio sales & go-to-market talent community,2015,3.65625,False,2563,False
4603493006,astranis||mechanical engineer - associate program,2016,3.65625,False,2562,False
4240730006,astranis||technical recruiter,2017,3.65625,False,2561,False
8624547002,spacex||trajectory analysis engineer,2018,3.654296875,False,2573,False
8617153002,spacex||prefabrication technician,2019,3.654296875,False,2572,False
5097673007,"zscaler||account executive, majors - bay area",2020,3.654296875,False,2571,False
4657749006,accenturefederalservices||sap s/4hana technical migration architect,2021,3.654296875,False,2569,False
8627620002,spacex||industrial maintenance technician (starlink) - 2nd shift,2022,3.65234375,False,2576,False
6100945004,lucidsoftware||reseller operations analyst ii,2023,3.65234375,False,2575,False
4925823007,xai||materials science tutor,2024,3.65234375,False,2574,False
8605112002,spacex||compressed air technician,2025,3.650390625,False,2577,False
8558715002,spacex||aerodynamics engineer,2026,3.6484375,False,2581,False
8397219002,"spacex||nde specialist, eddy current (starship) - level iii",2027,3.6484375,False,2579,False
4292256009,woolpert||software trainer,2028,3.6484375,False,2578,False
7913850,relaypro||recruiting coordinator,2029,3.646484375,False,2583,False
8555179002,spacex||launch operations technician,2030,3.64453125,False,2587,False
5156575007,andurilindustries||facilities controls engineer,2031,3.64453125,False,2585,False
5180711007,andurilindustries||stock plan administrator,2032,3.642578125,False,2590,False
5172979007,atwellgroup||civil project engineer,2033,3.642578125,False,2589,False
5122280007,zscaler||account executive - enterprise - bay area,2034,3.642578125,False,2588,False
8282912002,gotion||data analyst,2035,3.640625,False,2594,False
4822298101,tamara||product engineer ii - qa,2036,3.640625,False,2593,False
4698285006,accenturefederalservices||critical infrastructure analyst,2037,3.640625,False,2592,False
8555271002,"spacex||structural welder, massey's test site - night shift",2038,3.638671875,False,2601,False
8548907002,spacex||it windows systems engineer - top secret clearance,2039,3.638671875,False,2600,False
5152672007,"zscaler||account executive, majors - fsi",2040,3.638671875,False,2598,False
4940376007,xai||client partner,2041,3.638671875,False,2597,False
4677973006,astranis||reliability test intern,2042,3.638671875,False,2596,False
4676888006,astranis||environmental test engineer intern,2043,3.638671875,False,2595,False
5121816007,"andurilindustries||robotics software engineer, behaviors",2044,3.63671875,False,2602,False
7826288,ardentmc||geospatial database administrator,2045,3.634765625,False,2605,False
8624388002,cannondesign||structural engineer ii,2046,3.630859375,False,2613,False
8397053002,"spacex||test specialist, silicon assembly",2047,3.630859375,False,2612,False
7856141002,"gotion||equipment engineer, cell line",2048,3.630859375,False,2611,False
5731003004,"redwoodmaterials||microgrid controls engineer, energy storage",2049,3.630859375,False,2610,False
5171883007,"andurilindustries||data analyst, talent acquisition",2050,3.630859375,False,2607,False
4931312007,xai||ai healthcare and administration tutor,2051,3.630859375,False,2606,False
8580838002,"spacex||facilities engineer, mep",2052,3.62890625,False,2620,False
8533139002,spacex||test stand maintenance technician,2053,3.62890625,False,2619,False
8458745002,"spacex||it network infrastructure engineer, launch",2054,3.62890625,False,2618,False
8246217002,gotion||supply chain specialist,2055,3.62890625,False,2617,False
685686cb-5fc7-4dd9-83e6-f63c5368b798,atlas||email marketing operations consultant – contract,2056,3.62890625,False,2616,False
5188309007,xai||ai tutor - tajik,2057,3.62890625,False,2615,False
4675053006,accenturefederalservices||epm solution architect,2058,3.62890625,False,2614,False
8530195002,spacex||integration technician (starlink) - 2nd shift,2059,3.626953125,False,2625,False
6111137004,ionq||international logistics specialist,2060,3.626953125,False,2624,False
5282339008,datavant2||health information specialist i,2061,3.626953125,False,2623,False
4696640006,sharkninjaoperatingllc||associate product developer - shark haircare,2062,3.626953125,False,2622,False
8641818002,"gotion||battery cell engineer, applications",2063,3.625,False,2629,False
8076781,latitude||triage engagement and solutions,2064,3.625,False,2627,False
4652217006,accenturefederalservices||it system administrator – soc/noc support,2065,3.625,False,2626,False
8629252002,spacex||production machinist (starlink) - 2nd shift,2066,3.623046875,False,2638,False
70c895d0-7b00-496c-891d-0168376f7556,trueml||integrations engineer,2067,3.623046875,False,2637,False
6119837004,authenticbrandsgroup||temporary it support specialist,2068,3.623046875,False,2636,False
5187339007,zscaler||commercial sales engineer - ny/nj,2069,3.623046875,False,2635,False
5106405007,"scoutmotors||specialist, manufacturing engineer body shop",2070,3.623046875,False,2632,False
4692596006,accenturefederalservices||growth strategist consultant,2071,3.623046875,False,2631,False
4091872009,"woolpert||engineer in training, aviation & airfield design",2072,3.623046875,False,2630,False
JR-202615752,generalmotors|wd5|careers_gm||design release engineer,2073,3.62109375,False,2641,False
5192318007,xai||fiber superintendent,2074,3.62109375,False,2640,False
5164226007,"andurilindustries||mission operations engineer, ew",2075,3.62109375,False,2639,False
5174356007,"zscaler||account executive, commercial - heartland",2076,3.619140625,False,2642,False
8614576002,8451||data architect,2077,3.6171875,False,2643,False
5151160008,fambrands||data entry clerk - production & design,2078,3.615234375,False,2644,False
8601158002,neweratech||field technician,2079,3.61328125,False,2649,False
8501168002,spacex||mechanical integration & test engineer,2080,3.61328125,False,2648,False
8076149,customerio||contract it specialist,2081,3.61328125,False,2647,False
4696681006,astranis||facilities engineer,2082,3.61328125,False,2646,False
8601695002,"spacex||supervisor, materials management (starship) - night shift",2083,3.611328125,False,2650,False
8455876002,"spacex||structural welder, ground support equipment - night shift",2084,3.609375,False,2652,False
6219325,ardentmc||test automation engineer,2085,3.609375,False,2651,False
8624536002,faire||head of creative,2086,3.607421875,False,2657,False
8376377002,faire||data science intern,2087,3.607421875,False,2656,False
7886908,roku||technical architect - business applications,2088,3.607421875,False,2655,False
4680123101,davinciderivatives||trading operations engineer,2089,3.607421875,False,2653,False
5025553007,andurilindustries||electrical cad administrator,2090,3.60546875,False,2658,False
8402772002,spacex||optical engineer,2091,3.603515625,False,2664,False
8026101,boxinc||associate technical consultant,2092,3.603515625,False,2663,False
5090265007,xai||ai tutor - swedish,2093,3.603515625,False,2660,False
5288689008,apexcompanies||stormwater maintenance foreman,2094,3.6015625,False,2667,False
4606402006,accenturefederalservices||sap warehouse management consultant,2095,3.6015625,False,2666,False
112834-JOB,sprinklr|wd1|careers||it ai and automation analyst,2096,3.6015625,False,2665,False
5592281004,lucidsoftwareextra||customer success specialist,2097,3.599609375,False,2670,False
5187970007,zscaler||account executive - majors - texas,2098,3.599609375,False,2669,False
5158745007,"andurilindustries||head of integrated product support, connected warfare",2099,3.599609375,False,2668,False
5182985007,andurilindustries||altium administrator,2100,3.59765625,False,2672,False
4667642006,accenturefederalservices||it service management support,2101,3.59765625,False,2671,False
7809873003,"cascadeloans||production associate (hybrid, in office up to 3x/week) - new grads strongly encouraged to apply!",2102,3.595703125,False,2674,False
4601051006,sharkninjaoperatingllc||industrial design opportunities at sharkninja,2103,3.595703125,False,2673,False
5083595007,andurilindustries||av technician,2104,3.59375,False,2677,False
4694074006,pitchbookdata||market development representative,2105,3.59375,False,2676,False
4292141009,woolpert||project coordinator,2106,3.59375,False,2675,False
8612360002,relativity||propulsion test technician iv,2107,3.591796875,False,2680,False
8551872002,"spacex||development test engineer, structures",2108,3.591796875,False,2679,False
8197463002,gotion||construction project engineer,2109,3.591796875,False,2678,False
8551799002,cannondesign||education project planner iv,2110,3.58984375,False,2684,False
5124275007,"zscaler||specialist account executive, zt branch",2111,3.58984375,False,2682,False
8492189002,spacex||design criteria engineer,2112,3.587890625,False,2687,False
4658637006,sharkninjaoperatingllc||mechanical engineer ii - corded/cordless products,2113,3.587890625,False,2685,False
5183284007,atwellgroup||civil engineer – land development,2114,3.5859375,False,2691,False
5178492007,andurilindustries||executive assistant,2115,3.5859375,False,2690,False
4694853006,astranis||radiation effects engineer intern,2116,3.5859375,False,2689,False
4403140006,astranis||environmental test engineer,2117,3.5859375,False,2688,False
5155872007,"andurilindustries||emc design engineer, autonomous air vehicles",2118,3.583984375,False,2692,False
8075792,10xgenomics||customer service specialist,2119,3.58203125,False,2693,False
8612331002,relativity||propulsion test technician iii,2120,3.580078125,False,2695,False
41ee636e-8786-4232-b916-ce032cafa4ee,scribe||head of gtm enablement,2121,3.578125,False,2696,False
8008599,tanium||it infrastructure engineer,2122,3.576171875,False,2701,False
5090273007,xai||ai tutor - urdu,2123,3.576171875,False,2699,False
5090213007,xai||ai tutor - marathi,2124,3.576171875,False,2698,False
4039003,agilent|wd5|agilent_careers||business analyst,2125,3.576171875,False,2697,False
8641229002,blinkhealth||pharmacy benefits /insurance claims specialist | onsite- pittsburgh,2126,3.57421875,False,2705,False
7983914,boxinc||smb sales engineer,2127,3.57421875,False,2704,False
5188280007,xai||ai tutor - kyrgyz,2128,3.57421875,False,2703,False
4698578006,metropolitancommercialbank||client service specialist,2129,3.57421875,False,2702,False
5098797007,andurilindustries||legal operations associate,2130,3.572265625,False,2709,False
5090199007,xai||ai tutor - finnish,2131,3.572265625,False,2708,False
5032033007,"andurilindustries||development test engineer, space vehicle",2132,3.572265625,False,2707,False
4657344006,accenturefederalservices||cybersecurity architect,2133,3.572265625,False,2706,False
8617794002,cannondesign||project designer v,2134,3.568359375,False,2717,False
8223146002,gotion||battery product certification engineer,2135,3.568359375,False,2715,False
8074993,"juullabs||territory sales specialist, virginia",2136,3.568359375,False,2714,False
8072907,twilio||incident commander,2137,3.568359375,False,2713,False
7918768,"samsara||sales engineer, mid-market western canada",2138,3.56640625,False,2721,False
4280795009,valaratomics||supplier quality engineer,2139,3.56640625,False,2719,False
8474671002,spacex||welder (starship launch hardware) - level 4/5,2140,3.564453125,False,2722,False
9774a0ea-48f5-4c81-9a77-e18c13d366ae,realitydefender||ux engineer,2141,3.5625,False,2724,False
5270871008,samaraaerospace||spacecraft control systems engineer,2142,3.5625,False,2723,False
5185864007,tracelinkinc||technical support engineer ii,2143,3.560546875,False,2726,False
R-10399133,fiserv|wd5|ext||supervisor,2144,3.55859375,False,2732,False
8245161002,gotion||industrial design engineer,2145,3.55859375,False,2730,False
7980840,"ripple||professional services consultant, payments",2146,3.55859375,False,2729,False
7913550,boxinc||business development representative,2147,3.55859375,False,2728,False
5047526007,"trueanomalyinc||electrical engineer i-iii, systems",2148,3.55859375,False,2727,False
8626679002,"spacex||mission integration engineer, mission systems",2149,3.556640625,False,2739,False
6120141004,sonyinteractiveentertainmentglobal||software development engineer in test,2150,3.556640625,False,2738,False
5188312007,xai||ai tutor - sinhala,2151,3.556640625,False,2737,False
5166088007,andurilindustries||jr people data analyst,2152,3.556640625,False,2736,False
5065302007,zscaler||phishing analyst-skillbridge intern,2153,3.556640625,False,2735,False
4697415006,onxmaps||site reliability engineer iii,2154,3.556640625,False,2734,False
4695110006,orioninnovation||product sales engineer,2155,3.556640625,False,2733,False
8617074002,"spacex||supervisor, materials management - 2nd shift",2156,3.5546875,False,2741,False
5090215007,xai||ai tutor - norwegian,2157,3.5546875,False,2740,False
R-10399124,fiserv|wd5|ext||hardware operations & client support specialist,2158,3.552734375,False,2746,False
5161437007,xai||logistics specialist,2159,3.552734375,False,2744,False
5118243007,"andurilindustries||emc test engineer, air vehicles",2160,3.552734375,False,2743,False
5090189007,xai||ai tutor - danish,2161,3.552734375,False,2742,False
5178040007,atwellgroup||survey crew chief - northern il/northwest in,2162,3.55078125,False,2748,False
4271627009,"torotms||account executive, mid-market",2163,3.55078125,False,2747,False
JR112433,ptc|wd1|ptc||associate product analyst,2164,3.548828125,False,2754,False
8529478002,spacex||structures design engineer,2165,3.548828125,False,2753,False
8242305002,cannondesign||designer ii,2166,3.548828125,False,2752,False
8068833,boxinc||business systems analyst iii,2167,3.548828125,False,2751,False
5168684007,"andurilindustries||executive operations, ceo office",2168,3.548828125,False,2750,False
5159889007,"atwellgroup||civil engineer, land development",2169,3.548828125,False,2749,False
8552660002,spacex||data & control systems engineer,2170,3.546875,False,2757,False
4688427006,pitchbookdata||revenue operations analyst,2171,3.546875,False,2756,False
4651344006,accenturefederalservices||detection engineer,2172,3.546875,False,2755,False
R-10399143,fiserv|wd5|ext||shared services analyst,2173,3.544921875,False,2762,False
JR108412,sabre|wd1|confidential||occ tsmo it operations analyst i,2174,3.544921875,False,2761,False
8592829002,"spacex||test engineer, powertrain components",2175,3.544921875,False,2760,False
8569969002,spacex||electromechanical technician (starshield) - level 4/5,2176,3.544921875,False,2759,False
8563022002,spacex||bim specialist,2177,3.544921875,False,2758,False
8615264002,cannondesign||mechanical engineer iii,2178,3.54296875,False,2766,False
8468689002,"spacex||mission integration engineer, c3 - top secret clearance",2179,3.54296875,False,2765,False
4745963007,shapercapital||venture builder-in-residence,2180,3.54296875,False,2764,False
4087170007,"verkada||sales development representative (aae), salt lake city",2181,3.54296875,False,2763,False
R0137152,hitachi|wd1|hitachi||oss support specialist,2182,3.5390625,False,2774,False
8364599002,cannondesign||project architect v - healthcare,2183,3.5390625,False,2772,False
4690064006,accenturefederalservices||cybersecurity engineer,2184,3.5390625,False,2770,False
4657732006,accenturefederalservices||sap finance consultant,2185,3.5390625,False,2769,False
4318524009,thepacgroup||material handling engineer,2186,3.5390625,False,2767,False
8417386002,spacex||thermal development technician (starship) - temporary,2187,3.537109375,False,2776,False
5188307007,xai||ai tutor - mongolian,2188,3.537109375,False,2775,False
8597930002,spacex||manufacturing engineer - supplier development,2189,3.53515625,False,2780,False
8540341002,"spacex||facilities engineer, mechanical",2190,3.53515625,False,2779,False
8240312002,gotion||bms application engineer – battery systems,2191,3.533203125,False,2781,False
8624447002,spacex||propulsion thermal analyst,2192,3.53125,False,2788,False
8516581002,"spacex||supply chain planner, gateway and solar",2193,3.53125,False,2787,False
7715014003,intersystems||enterprise solutions advisor - va,2194,3.53125,False,2786,False
5103111007,andurilindustries||gsoc jr operator,2195,3.53125,False,2785,False
4925866007,xai||statistics tutor,2196,3.53125,False,2784,False
4696951006,accenturefederalservices||security engineer,2197,3.53125,False,2783,False
R29421,"crowdstrike|wd5|crowdstrikecareers||workday support analyst, 2pm -11pm ist",2198,3.529296875,False,2791,False
8495595002,gotion||indirect supply chain specialist,2199,3.529296875,False,2790,False
5090197007,xai||ai tutor - dutch,2200,3.529296875,False,2789,False
R10252,soti|wd3|careers||technical support specialist level 3,2201,3.52734375,False,2794,False
JR108414,sabre|wd1|confidential||it operations analyst i,2202,3.52734375,False,2793,False
8619984002,spacex||international infrastructure operations specialist,2203,3.525390625,False,2802,False
7811433003,"a3c41b8b71eff8c4||software engineer - react native, macos/windows",2204,3.525390625,False,2800,False
6115492004,lucidsoftware||associate revenue operations analyst - partners,2205,3.525390625,False,2799,False
5153452007,atwellgroup||electrical engineer - pv/bess - power & energy,2206,3.525390625,False,2797,False
4678829006,"sharkninjaoperatingllc||financial analyst, global opex",2207,3.525390625,False,2796,False
4591779006,accenturefederalservices||deployment strategist - palantir foundry,2208,3.525390625,False,2795,False
8485525002,"spacex||spaceport designer, architect",2209,3.5234375,False,2806,False
7895064,onemedical||early career - family medicine physician - sign - on bonus available,2210,3.5234375,False,2804,False
5980021004,sonyinteractiveentertainmentglobal||hardware fleet operations specialist,2211,3.5234375,False,2803,False
5191195007,altentechnologyusa||business analyst – ai solutions,2212,3.521484375,False,2811,False
5188302007,xai||ai tutor - kazakh,2213,3.521484375,False,2810,False
5143332007,zscaler||specialist account executive - cellular,2214,3.521484375,False,2809,False
5084276007,andurilindustries||explosive operations engineer,2215,3.521484375,False,2808,False
8075955,"carvana||associate administrator, safe and secure technology",2216,3.51953125,False,2819,False
7811700003,blackcanyonconsulting||full stack developer – wagtail cms,2217,3.51953125,False,2818,False
5135054007,"scoutmotors||analyst, logistics material flow engineer",2218,3.51953125,False,2816,False
5130901007,"zscaler||sales account executive, enterprise",2219,3.51953125,False,2815,False
5090202007,xai||ai tutor - french,2220,3.51953125,False,2814,False
4694883006,astranis||radiation effects associate engineer,2221,3.51953125,False,2813,False
4677541006,astranis||mechanical engineer intern,2222,3.51953125,False,2812,False
8389728002,"spacex||supervisor, welding (starship launch hardware) - night shift",2223,3.517578125,False,2820,False
8642813002,brex||startups ambassador,2224,3.515625,False,2828,False
8552471002,"spacex||mechanical engineer, precision machining",2225,3.515625,False,2827,False
8532221002,"spacex||materials engineer, polymers",2226,3.515625,False,2826,False
7049541002,gotion||battery simulation engineer,2227,3.515625,False,2825,False
5189374007,zscaler||threat response & remediation engineer,2228,3.515625,False,2824,False
5155582007,"scoutmotors||system engineer, infotainment systems",2229,3.515625,False,2823,False
5090206007,xai||ai tutor - hebrew,2230,3.515625,False,2822,False
4324931009,evolver||recruiter,2231,3.515625,False,2821,False
8604948002,spacex||mechanical technician,2232,3.513671875,False,2831,False
7977483,ardentmc||devsecops engineer,2233,3.513671875,False,2830,False
5177177007,atwellgroup||electrical and instrumentation engineer - oil and gas,2234,3.513671875,False,2829,False
5168525007,"scoutmotors||specialist, engineer – seats",2235,3.51171875,False,2833,False
4912250101,lotusworks||operations and maintenance technician,2236,3.51171875,False,2832,False
R-10399136,fiserv|wd5|ext||business systems analysis - professional ii,2237,3.505859375,False,2839,False
4661622006,sharkninjaoperatingllc||marketing specialist - amazon us,2238,3.505859375,False,2837,False
5180136007,atwellgroup||civil project engineer - land development,2239,3.50390625,False,2841,False
5179331007,atwellgroup||electrical project engineer - oil and gas - pipelines and facilities,2240,3.50390625,False,2840,False
5365018008,pearceservices||entry level bess technician,2241,3.501953125,False,2844,False
5090270007,xai||ai tutor - telugu,2242,3.501953125,False,2843,False
8525119002,cannondesign||project electrical engineer iv,2243,3.5,False,2849,False
5164952007,andurilindustries||functional safety engineer,2244,3.5,False,2848,False
4299740006,astranis||mechanical engineer,2245,3.5,False,2846,False
8069317,"roku||solutions engineer, platform experiences, adtech",2246,3.498046875,False,2851,False
7741465003,verisign||site reliability engineer,2247,3.498046875,False,2850,False
b12862cb-eab8-4e19-b45a-dddf5da198f3,"xsolla||analyst, capital markets intelligence and crm",2248,3.49609375,False,2857,False
6056035004,rockbot||av systems solutions engineer,2249,3.49609375,False,2856,False
5095657007,xai||ai tutor - indonesian,2250,3.49609375,False,2855,False
5090180007,xai||ai tutor - chinese,2251,3.49609375,False,2854,False
4930088101,valtech||business analyst,2252,3.49609375,False,2853,False
4644089006,accenturefederalservices||sap controlling consultant,2253,3.49609375,False,2852,False
8407221002,spacex||civil/structural engineer,2254,3.494140625,False,2861,False
5177404007,zscaler||threat response engineer (tre) - day shift,2255,3.494140625,False,2860,False
5121877007,"andurilindustries||development test engineer, maritime",2256,3.494140625,False,2859,False
8055970,"carvana||project specialist, safe and secure operations strategy",2257,3.4921875,False,2863,False
6562850,relaypro||sales development representative,2258,3.4921875,False,2862,False
8638534002,connectedcannabis||fleet associate,2259,3.490234375,False,2870,False
8511165002,spacex||environmental engineer,2260,3.490234375,False,2869,False
8074625,10xgenomics||customer service specialist - bucharest,2261,3.490234375,False,2867,False
5090269007,xai||ai tutor - tamil,2262,3.490234375,False,2866,False
5090120007,xai||ai tutor - german,2263,3.490234375,False,2865,False
4301304009,eudia||forward deployed lawyer - eudia for government,2264,3.490234375,False,2864,False
5179343007,atwellgroup||designer - electrical and gas distribution - small commercial,2265,3.48828125,False,2872,False
4697037006,accenturefederalservices||proposal & contract delivery coordinator,2266,3.48828125,False,2871,False
8402114002,optiverus||fpga engineer intern,2267,3.486328125,False,2878,False
7742010003,paystand||pre-sales engineer,2268,3.486328125,False,2877,False
6777655002,gotion||recruiter,2269,3.486328125,False,2876,False
5364827008,skildai-careers||facilities & logistics assistant,2270,3.486328125,False,2875,False
5040798007,altentechnologyusa||design release engineer- soft trim,2271,3.486328125,False,2874,False
37182dcc-a23b-4ad9-a9e6-4489ad4a5073,smiledigitalhealth||account executive- remote us,2272,3.486328125,False,2873,False
8581359002,spacex||propulsion technician (starship) - 2nd shift,2273,3.484375,False,2881,False
5173937007,andurilindustries||electrical cad librarian,2274,3.484375,False,2879,False
5179466007,"zscaler||specialist account executive, data security - enterprise",2275,3.482421875,False,2882,False
8622650002,spacex||welding trainee (starship) – temporary,2276,3.48046875,False,2893,False
7922805,samsara||specialist seller - connected maintenance - public sector,2277,3.48046875,False,2885,False
5158742007,"andurilindustries||head of mission readiness, autonomous airpower",2278,3.48046875,False,2884,False
5181872007,"andurilindustries||trainer, undersea reconnaissance and strike",2279,3.478515625,False,2896,False
4693623006,accenturefederalservices||quality assurance tester,2280,3.478515625,False,2895,False
4690180006,accenturefederalservices||pega business analyst,2281,3.478515625,False,2894,False
7915807002,"gotion||robot application engineer, cell line",2282,3.4765625,False,2901,False
4695174006,pitchbookdata||quantitative research analyst,2283,3.4765625,False,2899,False
4108546009,woolpert||bridge engineer in training,2284,3.4765625,False,2898,False
1294e2ed-b0ac-45d1-bc05-4e755eddcc4f,elementsolutions||it support and systems intern,2285,3.4765625,False,2897,False
7924140002,"gotion||laser welding engineer, cell line",2286,3.474609375,False,2904,False
5090274007,xai||ai tutor - vietnamese,2287,3.474609375,False,2903,False
4716570005,globalhealthcareexchangeinc||project coordinator,2288,3.474609375,False,2902,False
8525230002,faire||sales development representative,2289,3.47265625,False,2909,False
5167464007,zscaler||specialist account executive - zscaler secops,2290,3.47265625,False,2908,False
5123518007,xai||ai tutor - hungarian,2291,3.47265625,False,2907,False
5110108007,"zscaler||head of business value consulting, japan",2292,3.47265625,False,2906,False
5090210007,xai||ai tutor - korean,2293,3.47265625,False,2905,False
5100618007,zscaler||insider risk analyst - skillbridge intern,2294,3.470703125,False,2910,False
8641512002,"spacex||supervisor, distribution center",2295,3.46875,False,2914,False
5365823008,cooksys||asset management administrator,2296,3.46875,False,2913,False
4925878007,xai||applied math tutor,2297,3.46875,False,2912,False
4717124005,paveakatroveinformationtechnologies||analytics engineer,2298,3.46875,False,2911,False
5090272007,xai||ai tutor - thai,2299,3.466796875,False,2915,False
5090264007,xai||ai tutor - spanish,2300,3.46484375,False,2916,False
6104050004,doublegood||manufacturing project planner,2301,3.462890625,False,2922,False
5363955008,startale||シニアフロントエンドエンジニア（react / typescript）｜完全オンチェーン取引所「strium」／デジタルアセットのスーパーアプリ「startale app」,2302,3.462890625,False,2921,False
4301333009,woolpert||architect / designer,2303,3.462890625,False,2920,False
8389476002,spacex||construction superintendent (starship) - night shift,2304,3.4609375,False,2924,False
5311161008,spsnorthamerica||mailroom associate,2305,3.4609375,False,2923,False
8563131002,spacex||telecommunications technician,2306,3.458984375,False,2929,False
8435938002,cannondesign||project mechanical engineer iv,2307,3.458984375,False,2928,False
4652591006,accenturefederalservices||field service representative,2308,3.458984375,False,2926,False
8635749002,cannondesign||lighting designer iii,2309,3.45703125,False,2933,False
8587092002,"spacex||deburr technician, machining (starship) - 2nd shift",2310,3.45703125,False,2932,False
8483510002,"spacex||cnc maintenance technician, level 4/5 (starship) - 2nd shift",2311,3.45703125,False,2931,False
7810194003,ampsortation||production operator,2312,3.45703125,False,2930,False
8639195002,relativity||accounting generalist,2313,3.455078125,False,2937,False
8561420002,spacex||automation & controls technician,2314,3.455078125,False,2936,False
4643626006,accenturefederalservices||sap order management sd consultant,2315,3.455078125,False,2935,False
8555044002,spacex||liquefied natural gas process/project engineer,2316,3.453125,False,2941,False
8402079002,optiverus||graduate fpga engineer,2317,3.453125,False,2940,False
8379098002,"spacex||work place technician, facilities",2318,3.453125,False,2939,False
4316070009,gradial||business development representative,2319,3.453125,False,2938,False
5159749007,"atwellgroup||civil engineer, eit - land development",2320,3.451171875,False,2945,False
5090268007,xai||ai tutor - tagalog,2321,3.451171875,False,2943,False
7862815,boxinc||ai partnerships,2322,3.44921875,False,2949,False
5281189008,apexcompanies||lift station technician,2323,3.44921875,False,2948,False
5236467008,fambrands||technical designer,2324,3.44921875,False,2947,False
5071316007,andurilindustries||flight test instrumentation engineer,2325,3.44921875,False,2946,False
6009592004,rockbot||technical support operations,2326,3.447265625,False,2952,False
5109367007,zscaler||transformation architect - healthcare,2327,3.447265625,False,2951,False
5090246007,xai||ai tutor - punjabi,2328,3.447265625,False,2950,False
4912078101,valtech||after sales technical architect,2329,3.4453125,False,2953,False
R0195419,greystar|wd1|external||service technician,2330,3.443359375,False,2956,False
8628799002,spacex||mechanical integration and test engineer,2331,3.443359375,False,2955,False
8599262002,spacex||fabrication technician,2332,3.443359375,False,2954,False
5159273007,"andurilindustries||fpga verification engineer, air vehicles",2333,3.44140625,False,2958,False
4238998009,valaratomics||technical illustrator / cad designer,2334,3.439453125,False,2960,False
8621901002,"spacex||cnc machinist, tool & die",2335,3.4375,False,2964,False
8483954002,gotion||junior equipment engineer,2336,3.4375,False,2963,False
5090218007,xai||ai tutor - polish,2337,3.4375,False,2962,False
5183145007,andurilindustries||robotic software engineer,2338,3.431640625,False,2965,False
5257428008,apexcompanies||water/wastewater engineering intern,2339,3.4296875,False,2968,False
4716904005,ursamajor||liquids test technician ii,2340,3.4296875,False,2967,False
8605049002,spacex||radiation effects engineer,2341,3.427734375,False,2972,False
8466697002,gotion||housing & transportation support associate,2342,3.427734375,False,2971,False
7960383,"boxinc||large enterprise account executive, financial services",2343,3.427734375,False,2970,False
5099695008,apexcompanies||water treatment process engineer,2344,3.427734375,False,2969,False
8589859002,atlassand||ai business partner,2345,3.42578125,False,2978,False
8564158002,spacex||security software engineer - top secret clearance,2346,3.42578125,False,2977,False
5031895007,atwellgroup||junior high voltage technician - data centers and substations for centurion - an atwell company,2347,3.42578125,False,2974,False
4683855006,accenturefederalservices||data visualization specialist,2348,3.42578125,False,2973,False
WD30273794,jci|wd5|jci||application engineer,2349,3.423828125,False,2983,False
8568728002,faire||head of finance systems & data,2350,3.423828125,False,2982,False
8403060002,spacex||aviation certification engineer,2351,3.423828125,False,2981,False
5992269004,coursera||learning designer - technical/ai,2352,3.423828125,False,2980,False
5090221007,xai||ai tutor - portuguese,2353,3.423828125,False,2979,False
7966907,mongodb||hris engineer iii - integrations,2354,3.421875,False,2987,False
5156934007,"scoutmotors||specialist, launch management engineer - general assembly",2355,3.421875,False,2986,False
4681855006,astranis||security operations engineer,2356,3.421875,False,2984,False
8451974002,spacex||material flow analyst,2357,3.419921875,False,2993,False
8436532002,"spacex||accountant, starlink",2358,3.419921875,False,2992,False
6103058004,epicgames||animation systems programmer,2359,3.419921875,False,2991,False
4694056006,sharkninjaoperatingllc||social editor,2360,3.419921875,False,2990,False
4693297006,"sharkninjaoperatingllc||marketing specialist, frozen treats",2361,3.419921875,False,2989,False
8077481,pantheon||technical writer,2362,3.41796875,False,2997,False
5253057008,apexcompanies||environmental scientist 2 - project scientist,2363,3.41796875,False,2995,False
5156570007,andurilindustries||facilities electrical engineer,2364,3.41796875,False,2994,False
5147276007,atwellgroup||survey cad technician,2365,3.416015625,False,3001,False
5141571007,"scoutmotors||specialist, manufacturing engineer - assembly interior",2366,3.416015625,False,3000,False
4664700006,accenturefederalservices||sharepoint configuration specialist,2367,3.416015625,False,2998,False
8407517002,spacex||starlink aviation specialist,2368,3.4140625,False,3002,False
4698541006,"newsbreak||executive assistant, people",2369,3.412109375,False,3003,False
8560590002,spacex||electrical foreman,2370,3.41015625,False,3007,False
8426161002,"spacex||hardware reliability engineer, components",2371,3.41015625,False,3006,False
5208823008,apexcompaniescsw||stormwater construction technician,2372,3.41015625,False,3005,False
5208818008,apexcompanies||stormwater construction technician,2373,3.41015625,False,3004,False
5181680007,"scoutmotors||reev function integration & software planning, specialist",2374,3.408203125,False,3010,False
5102920007,andurilindustries||computer vision engineer,2375,3.408203125,False,3008,False
8578957002,spacex||construction engineer,2376,3.40625,False,3013,False
8414377002,gotion||electrical systems engineer,2377,3.40625,False,3012,False
7997198,datadog||partner solutions architect,2378,3.40625,False,3011,False
8455124002,spacex||structural welder,2379,3.404296875,False,3017,False
4691250006,accenturefederalservices||a&a specialist,2380,3.404296875,False,3014,False
8565824002,"spacex||deburr technician, machining",2381,3.40234375,False,3019,False
8493647002,aegworldwide||infrastructure engineer,2382,3.40234375,False,3018,False
8536110002,spacex||construction technician,2383,3.400390625,False,3022,False
e8892f86-d67f-492b-925a-b9d6bd43e154,"handshake||ai tutor, physics specialist (contract), handshake ai",2384,3.3984375,False,3030,False
5167909007,petag||maintenance tech ii,2385,3.3984375,False,3027,False
5155860007,"andurilindustries||legal counsel, supply chain",2386,3.3984375,False,3025,False
5123528007,xai||ai tutor - russian,2387,3.396484375,False,3032,False
4674902006,accenturefederalservices||sharepoint migration systems engineer,2388,3.396484375,False,3031,False
5157858007,"zscaler||sales account executive, majors",2389,3.39453125,False,3035,False
5081910007,"scoutmotors||rex - engineer, obd2",2390,3.39453125,False,3033,False
8641225002,blinkhealth||pharmacy benefits/insurance claims specialist | onsite- boise,2391,3.392578125,False,3043,False
8605108002,spacex||hvac technician - 2nd shift,2392,3.392578125,False,3042,False
7656028002,"alloy||account executive, enterprise",2393,3.392578125,False,3041,False
5426468004,"figma||account executive, enterprise",2394,3.392578125,False,3040,False
5182818007,"andurilindustries||trainer, undersea dominance",2395,3.392578125,False,3039,False
4682250006,sharkninjaoperatingllc||motion designer,2396,3.392578125,False,3038,False
6119734004,five9||junior graphic designer,2397,3.390625,False,3046,False
9fd9fdbd-3242-435a-8c78-9919f9888f75,endpointclinical||front-end engineer,2398,3.388671875,False,3057,False
8634039002,spacex||propulsion technician (raptor production machining) - 2nd shift,2399,3.388671875,False,3056,False
5189857007,andurilindustries||wire bonding technician,2400,3.388671875,False,3054,False
5181261007,andurilindustries||deputy head of trade,2401,3.388671875,False,3052,False
5140589007,zscaler||security compliance architect,2402,3.388671875,False,3051,False
4248868009,valaratomics||construction quality supervisor,2403,3.388671875,False,3050,False
8578872002,spacex||network engineer,2404,3.38671875,False,3066,False
7791241003,sentinellabs||channel business representative,2405,3.38671875,False,3065,False
6980102,"ardentmc||geospatial scientist, data publishing and cataloging",2406,3.38671875,False,3064,False
5171367007,"scoutmotors||engineer, iid switches design responsible engineer",2407,3.38671875,False,3060,False
4681393006,accenturefederalservices||cyber test engineer,2408,3.38671875,False,3059,False
4644334006,accenturefederalservices||user experience designer,2409,3.38671875,False,3058,False
8577847002,spacex||it support technician,2410,3.384765625,False,3070,False
5156952008,olsson||licensed civil engineer - data center,2411,3.384765625,False,3068,False
4658593006,accenturefederalservices||sap funds management consultant,2412,3.384765625,False,3067,False
8601014002,spacex||university recruiter,2413,3.3828125,False,3074,False
6438205,ardentmc||geospatial (gis) business analyst,2414,3.3828125,False,3073,False
5251519008,lexingtonmedical||head of supply chain,2415,3.3828125,False,3072,False
5122945007,"andurilindustries||financial analyst, trs",2416,3.3828125,False,3071,False
R5047629,gevernova|wd5|only_confidential_executive_recruiting||technical support engineer,2417,3.380859375,False,3080,False
8571363002,spacex||network operations engineer,2418,3.380859375,False,3078,False
8070187,hydritechemicalco||supply chain coordinator,2419,3.380859375,False,3077,False
5142418007,"scoutmotors||specialist, process optimization & sap assembly line",2420,3.380859375,False,3076,False
4622241006,accenturefederalservices||servicenow ui/ux designer,2421,3.380859375,False,3075,False
8555061002,"spacex||structural engineer, structural test",2422,3.37890625,False,3088,False
5183749007,zscaler||commercial account executive,2423,3.37890625,False,3087,False
5176810007,"scoutmotors||concept architect, top hat",2424,3.37890625,False,3086,False
5174904007,"scoutmotors||specialist, manufacturing engineer-assembly finish & rework",2425,3.37890625,False,3084,False
5095662007,xai||ai tutor - turkish,2426,3.37890625,False,3083,False
4681807006,accenturefederalservices||industrial engineering & facilities consultant,2427,3.37890625,False,3082,False
4321237009,brph||mechanical engineer,2428,3.37890625,False,3081,False
7426680,datadog||enterprise sales executive,2429,3.376953125,False,3093,False
6980117,"ardentmc||geospatial scientist, data collection and quality",2430,3.376953125,False,3092,False
5163325007,"scoutmotors||systems engineer, body electronics",2431,3.376953125,False,3091,False
8628430002,cannondesign||project mechanical iv,2432,3.375,False,3095,False
8593958002,"spacex||test technician, silicon assembly",2433,3.373046875,False,3098,False
4694802006,sharkninjaoperatingllc||ai designer,2434,3.373046875,False,3096,False
JR-202615309,generalmotors|wd5|careers_gm||industrial engineer,2435,3.37109375,False,3100,False
5065266007,verkada||enterprise account executive,2436,3.37109375,False,3099,False
3161371,hp|wd5|exteu-ac-careersite||entry level embedded controller firmware developer,2437,3.369140625,False,3101,False
8605055002,spacex||optical test engineer,2438,3.365234375,False,3107,False
8485462002,"spacex||nde radiography specialist, dr/cr",2439,3.365234375,False,3106,False
5135062007,"scoutmotors||analyst, process engineer - paint shop",2440,3.365234375,False,3105,False
4904189101,modoenergy||technical recruiter,2441,3.365234375,False,3104,False
R26795,nouria|wd1|nec||powerwasher/painter,2442,3.36328125,False,3109,False
8580854002,faire||head of retailer product marketing,2443,3.361328125,False,3111,False
4594819006,astranis||avionics test specialist,2444,3.361328125,False,3110,False
R-248009,amgen|wd1|careers||encryption agility engineer,2445,3.359375,False,3114,False
5364615008,pearceservices||experienced generator technician,2446,3.359375,False,3112,False
4866728101,nice||account executive,2447,3.357421875,False,3115,False
8037952,purestorage||enterprise ai & integrations analyst,2448,3.35546875,False,3118,False
7608720,boxinc||workplace services assistant,2449,3.35546875,False,3116,False
7806577003,sigmacomputing||customer deployment engineer,2450,3.353515625,False,3120,False
6116835004,redwoodmaterials||associate controls engineer,2451,3.353515625,False,3119,False
8059837,wehrtyou||algorithm development (quant research & trading) phd internship – summer 2027,2452,3.3515625,False,3124,False
7870749,ripple||head of customer success & support,2453,3.3515625,False,3123,False
5179262007,atwellgroup||electrical designer/coordinator - oil & gas,2454,3.3515625,False,3122,False
8624678002,spacex||mission integration engineer,2455,3.349609375,False,3127,False
5364761008,unlimitedtechnology||systems engineer iii,2456,3.349609375,False,3126,False
2c7cc967-f5fc-4147-8c20-17916ea9f504,clickup||100x marketer - chief marketing officer,2457,3.349609375,False,3125,False
ae709554-e52e-4d12-b5ba-eae6fa94c481,"dnb||analyst ii, data science",2458,3.34765625,False,3131,False
8420461002,"spacex||hardware development engineer, failure analysis",2459,3.34765625,False,3130,False
4681811006,accenturefederalservices||supply chain modeling & analytics consultant,2460,3.34765625,False,3128,False
8573756002,spacex||lab architect,2461,3.345703125,False,3135,False
8569030002,spacex||electrical maintenance supervisor,2462,3.345703125,False,3134,False
7979762,ardentmc||service desk engineer,2463,3.345703125,False,3133,False
4254310009,woolpert||google project / change management specialist,2464,3.345703125,False,3132,False
8625576002,"spacex||hardware reliability engineer, electrical",2465,3.34375,False,3136,False
5251550008,fiveringsllc||campus recruiter,2466,3.341796875,False,3138,False
4036514,agilent|wd5|agilent_careers||field service engineer,2467,3.341796875,False,3137,False
5175305007,andurilindustries||quality specialist,2468,3.33984375,False,3140,False
5141581007,"scoutmotors||specialist, sap plant maintenance",2469,3.33984375,False,3139,False
8633333002,roofstock||asset management analyst,2470,3.337890625,False,3146,False
7782382,"boxinc||enterprise account executive, financial services",2471,3.337890625,False,3145,False
5192016007,freedomconsulting||test engineer 733,2472,3.337890625,False,3144,False
5189569007,atwellgroup||technology business operations specialist,2473,3.337890625,False,3143,False
4616963006,accenturefederalservices||iam security architect,2474,3.337890625,False,3142,False
4089906009,woolpert||architect - (mission critical) - usa,2475,3.337890625,False,3141,False
8628908002,spacex||maintenance technician - 2nd shift,2476,3.3359375,False,3150,False
8579766002,spacex||edm programmer,2477,3.3359375,False,3149,False
5090171007,xai||ai tutor - arabic,2478,3.3359375,False,3147,False
R11997,suddath|wd5|nxtpoint||office administrator,2479,3.333984375,False,3153,False
5176673007,andurilindustries||test pilot,2480,3.333984375,False,3152,False
4695060006,sharkninjaoperatingllc||media coordinator,2481,3.33203125,False,3155,False
4005208009,arcanaanalytics||financial analyst,2482,3.33203125,False,3154,False
8358201002,spacex||electrical design engineer,2483,3.330078125,False,3157,False
5181916007,andurilindustries||facilities technician,2484,3.330078125,False,3156,False
7846927,redventures||tiktok & instagram reels strategist | the points guy,2485,3.328125,False,3159,False
5170837007,"scoutmotors||technical specialist, conformity of product",2486,3.326171875,False,3161,False
5033305007,atwellgroup||project surveyor - lsit - oil and gas/energy team,2487,3.326171875,False,3160,False
6121303004,nymbusinc||enterprise it support specialist,2488,3.32421875,False,3166,False
4305456009,onenergy||warranty claims coordinator,2489,3.32421875,False,3164,False
7913487,boxinc||sales development representative,2490,3.322265625,False,3169,False
4865529101,"nice||specialist business consultant, actimize",2491,3.322265625,False,3168,False
4681164006,astranis||radiation test engineer,2492,3.322265625,False,3167,False
8465383002,spacex||city engineer,2493,3.318359375,False,3176,False
7377416,samsara||contract recruiter - gtm,2494,3.318359375,False,3175,False
5998049004,"figma||strategic finance, planning systems",2495,3.318359375,False,3174,False
5365801008,cooksys||finance/administration specialist,2496,3.318359375,False,3173,False
4694816006,sharkninjaoperatingllc||jr. copywriter,2497,3.318359375,False,3172,False
4678554006,accenturefederalservices||requirements analyst,2498,3.318359375,False,3171,False
71043d66-5f45-4c71-99a0-a161c706cfb2,hirehangar||digital marketing & account management associate,2499,3.31640625,False,3180,False
5268876008,swiftsolar||reliability engineer - photovoltaics,2500,3.31640625,False,3179,False
5188956007,"scoutmotors||product owner, integrated business planning",2501,3.31640625,False,3178,False
5145249007,fairlife||maintenance mechanic,2502,3.31640625,False,3177,False
8622804002,sponsorsforeducationalopportunity||12th grade scholar advisor,2503,3.314453125,False,3182,False
8531855002,"spacex||harnessing engineering specialist, satellites",2504,3.314453125,False,3181,False
JR-045005,revvity|wd103|external||digital commerce resolution specialist,2505,3.3125,False,3187,False
8417766002,spacex||edm machinist,2506,3.3125,False,3186,False
8075710,notexternal||customer support agent role,2507,3.3125,False,3185,False
7762538003,archer56||aerodynamics engineer,2508,3.3125,False,3184,False
5112546007,ironmountainsolutions||independent verification and validation software analyst,2509,3.3125,False,3183,False
5120697008,ambiententerprises||service technician - mih ohio,2510,3.30859375,False,3189,False
4866190101,"parloa||agent architect, partner success",2511,3.30859375,False,3188,False
WD30273189,jci|wd5|jci||fire project coordinator,2512,3.306640625,False,3196,False
8536073002,spacex||integration specialist (starlink aviation) - 2nd shift,2513,3.306640625,False,3195,False
4679629006,accenturefederalservices||visual designer - product design,2514,3.306640625,False,3192,False
4017671006,astranis||radiation effects engineer,2515,3.306640625,False,3190,False
8035238,hubspotjobs||outbound business development representative,2516,3.3046875,False,3198,False
8578097002,spacex||candidate specialist,2517,3.302734375,False,3202,False
7775328003,verisign||site reliability engineer - ibm aix,2518,3.302734375,False,3201,False
5743880004,"hextechnologies||sales engineer, commercial mid-market",2519,3.302734375,False,3200,False
4689615006,pitchbookdata||administrative assistant,2520,3.302734375,False,3199,False
8593384002,spacex||security engineer,2521,3.30078125,False,3205,False
4111110009,woolpert||architect,2522,3.30078125,False,3204,False
8381360002,gotion||environmental equipment engineer,2523,3.298828125,False,3211,False
8075035,stackexchange||sales development representative,2524,3.298828125,False,3210,False
7800661003,sentinellabs||mdr analyst,2525,3.298828125,False,3209,False
5085233007,atwellgroup||survey office technician - michigan,2526,3.298828125,False,3208,False
4686970006,accenturefederalservices||pmo analyst,2527,3.298828125,False,3207,False
4109447009,woolpert||engineering project coordinator,2528,3.298828125,False,3206,False
7615794,mongodb||associate commercial growth account executive,2529,3.294921875,False,3216,False
4d57741e-a8cb-4470-a02d-26aab9569785,pattern||junior digital marketing analyst,2530,3.294921875,False,3213,False
5170993007,"andurilindustries||sip trainer, usasoc",2531,3.29296875,False,3217,False
8635913002,spacex||harness engineering specialist,2532,3.291015625,False,3221,False
8364232002,spacex||supplier development engineer,2533,3.291015625,False,3220,False
5364677008,sbusa||skilled carpenter- heavy civil construction,2534,3.291015625,False,3219,False
8574251002,spacex||facilities technician (starlink/akoustis) - night shift,2535,3.2890625,False,3225,False
8457316002,gotion||power station management engineer,2536,3.2890625,False,3224,False
5158862007,"andurilindustries||financial analyst, connected warfare",2537,3.2890625,False,3222,False
7808135003,glossgenius||people business partner,2538,3.287109375,False,3229,False
5175094007,xai||human resources coordinator,2539,3.287109375,False,3228,False
5158565007,"scoutmotors||adas system engineer / fo, vehicle parking",2540,3.287109375,False,3227,False
5155610007,scoutmotors||adas calibration & validation engineer,2541,3.287109375,False,3226,False
4800712007,xai||network security engineer,2542,3.28515625,False,3230,False
5072773007,"scoutmotors||supervisor, logistics supermarket",2543,3.283203125,False,3234,False
4289755009,tonixpharmaceuticals||office administrator,2544,3.283203125,False,3233,False
4203060009,valaratomics||head of facilities,2545,3.283203125,False,3232,False
8625406002,gotion||mechanical engineer - construction & capital projects,2546,3.28125,False,3237,False
4324995009,weave||solutions architect,2547,3.28125,False,3235,False
8464867002,spacex||spaceport engineer,2548,3.279296875,False,3242,False
5249149008,lexingtonmedical||supplier development engineer,2549,3.279296875,False,3241,False
5160632007,andurilindustries||flight test engineer - advanced effects,2550,3.279296875,False,3240,False
4687979006,accenturefederalservices||sap mdg (master data governance) business partner analyst,2551,3.279296875,False,3239,False
R21724,pitneybowes|wd1|pbcareers||field service technician,2552,3.275390625,False,3247,False
8476863002,gotion||spare parts specialist,2553,3.275390625,False,3246,False
4105435009,valaratomics||health physics technician,2554,3.275390625,False,3245,False
8624124002,gotion||firefighter i,2555,3.2734375,False,3249,False
R186843,maersk|wd3|maersk_careers||customer experience associate,2556,3.271484375,False,3253,False
8605109002,spacex||plumbing technician - 2nd shift,2557,3.271484375,False,3252,False
8389716002,spacex||satellite policy associate,2558,3.271484375,False,3250,False
5033372007,atwellgroup||survey office technician,2559,3.26953125,False,3256,False
4924102101,modoenergy||market analyst,2560,3.26953125,False,3255,False
4660738006,accenturefederalservices||network security engineer,2561,3.26953125,False,3254,False
R0095203,sandvik|wd3|sandvik-jobs||data scientist,2562,3.267578125,False,3261,False
8437614002,spacex||fabrication technician (fluid systems) - night shift,2563,3.267578125,False,3260,False
5158567007,scoutmotors||adas calibration and validation engineer,2564,3.267578125,False,3259,False
8011287,"ripple||professional services consultant, risk",2565,3.265625,False,3265,False
5990017004,lucidsoftware||workplace experience specialist - part-time,2566,3.265625,False,3263,False
4924873101,"stabilityai||research scientist, professional creative workflows",2567,3.265625,False,3262,False
5173474007,"scoutmotors||specialist, body in white cad engineer",2568,3.263671875,False,3267,False
4687993006,accenturefederalservices||sap receivables management consultant,2569,3.263671875,False,3266,False
8543809002,spacex||data & control systems technician,2570,3.26171875,False,3269,False
7687158002,gotion||electrical technician,2571,3.259765625,False,3272,False
6118796004,galaxydigitalservices||community relations coordinator,2572,3.259765625,False,3271,False
5187394008,olsson||telecom revit designer - data centers,2573,3.259765625,False,3270,False
8358622002,cannondesign||electrical engineer ii,2574,3.2578125,False,3273,False
4587706006,accenturefederalservices||security operations engineer,2575,3.255859375,False,3275,False
4021514009,arcanaanalytics||qa engineer,2576,3.255859375,False,3274,False
badc9bc0-7da5-45f2-9807-a400cebacfee,nylas||software engineer,2577,3.25390625,False,3277,False
4622045006,accenturefederalservices||sap business planning & consolidation consultant,2578,3.25390625,False,3276,False
4595197006,accenturefederalservices||cyber fires planner,2579,3.251953125,False,3278,False
8640196002,modulrfinance||financial crime analyst – transaction monitoring,2580,3.25,False,3279,False
7662491003,"commerceiq||customer success specialist, advertising",2581,3.248046875,False,3282,False
5156028007,"zscaler||account executive, commercial",2582,3.248046875,False,3280,False
5143199008,apexcompanies||environmental technician 2,2583,3.24609375,False,3285,False
8557560002,"spacex||nde inspector, certified welding inspector",2584,3.244140625,False,3287,False
7807754,rocketmiles||marketing consultant,2585,3.244140625,False,3286,False
4671842006,accenturefederalservices||pega business architect support,2586,3.2421875,False,3288,False
6120995004,oklo||head of manufacturing,2587,3.240234375,False,3290,False
4613649006,"accenturefederalservices||sap otc retail consultant - inventory visibility, store ordering and replenishment analyst",2588,3.240234375,False,3289,False
8029190,gusto||sales associate,2589,3.23828125,False,3292,False
4239373009,woolpert||architectural designer,2590,3.23828125,False,3291,False
8244388002,gotion||thermal engineer - battery systems,2591,3.236328125,False,3295,False
8054423,"dept||architect, martech",2592,3.236328125,False,3294,False
5316511008,"americaninstitutesforresearch||project specialist, tek office",2593,3.236328125,False,3293,False
8437240002,cannondesign||project mechanical engineer v,2594,3.234375,False,3297,False
5023898007,trueanomalyinc||hardware and environments test engineer,2595,3.234375,False,3296,False
7958711,"boxinc||enterprise account executive, greenfield financial services",2596,3.232421875,False,3299,False
8073695,airbnb||technical recruiter,2597,3.23046875,False,3300,False
8631323002,spacex||talent sourcer - temporary,2598,3.228515625,False,3306,False
8536021002,spacex||integration specialist,2599,3.228515625,False,3305,False
8530463002,spacex||thermal engineer,2600,3.228515625,False,3304,False
8420958002,"spacex||hardware test specialist, failure analysis",2601,3.228515625,False,3303,False
5350448008,"anthropic||technical recruiter, security",2602,3.228515625,False,3302,False
5179453007,homemarketfoods||maintenance supervisor - 2nd shift,2603,3.228515625,False,3301,False
R0008335,availity|wd1|availity_careers_us||application support engineer,2604,3.2265625,False,3310,False
7793266,relaypro||customer success specialist ii- hospitality,2605,3.2265625,False,3308,False
4875901101,modoenergy||account executive,2606,3.2265625,False,3307,False
R5026830,envista|wd1|envistacareers||mechanical engineer iii,2607,3.224609375,False,3312,False
8216065002,spacex||electrician,2608,3.224609375,False,3311,False
JR00033094,abb|wd3|external_career_page||field service technician,2609,3.22265625,False,3314,False
4623720006,accenturefederalservices||sap grant management (gm) functional consultant,2610,3.22265625,False,3313,False
8500749002,aegworldwide||dynamics 365 developer,2611,3.220703125,False,3319,False
5970980004,pslgroup||head of research delivery,2612,3.220703125,False,3318,False
5173016007,"scoutmotors||specialist, ladder frame engineer",2613,3.220703125,False,3317,False
5170995007,andurilindustries||sip trainer usasoc west,2614,3.220703125,False,3316,False
4645450006,accenturefederalservices||soc analyst,2615,3.220703125,False,3315,False
a65220b4-ce53-4e22-bce3-19dc149fc245,aleph||account executive,2616,3.21875,False,3327,False
8540066002,blinkhealth||bilingual customer support specialist,2617,3.21875,False,3326,False
8425867002,spacex||treasury analyst,2618,3.21875,False,3325,False
7171103002,gotion||supplier quality engineer,2619,3.21875,False,3324,False
4995538007,"scoutmotors||analyst, purchasing project steering",2620,3.21875,False,3323,False
4657415006,accenturefederalservices||sap plan to stock (p2s) functional consultant,2621,3.21875,False,3322,False
4609434006,astranis||recruiting coordination associate,2622,3.21875,False,3321,False
R09979,soti|wd3|careers||sales development representative – enterprise outbound,2623,3.216796875,False,3330,False
7826363,roblox||design engineer,2624,3.216796875,False,3329,False
5184719007,"scoutmotors||design release engineer, secondary controller and sw release",2625,3.216796875,False,3328,False
8633150002,spacex||data & control systems technician (starship launch hardware) - level 4/5,2626,3.21484375,False,3338,False
8604635002,gotion||ai financial analyst,2627,3.21484375,False,3337,False
8555812002,spacex||structures technician,2628,3.21484375,False,3335,False
8417274002,gotion||ftz specialist,2629,3.21484375,False,3334,False
6026673004,"insider||correspondent, enterprise",2630,3.21484375,False,3333,False
5284884008,swiftsolar||it support engineer,2631,3.21484375,False,3332,False
4712548007,vividseatsllc||customer service representative - seller operations,2632,3.21484375,False,3331,False
8625409002,gotion||electrical engineer - construction & capital projects,2633,3.212890625,False,3342,False
7795845003,intersystems||junior sales executive,2634,3.212890625,False,3341,False
5832831004,ionq||ait mechanical integration technician,2635,3.212890625,False,3340,False
5219023008,breakwatercorp||accounts payable (ap) implementation specialist,2636,3.208984375,False,3345,False
4692591006,accenturefederalservices||security architect,2637,3.208984375,False,3344,False
5146366007,scoutmotors||supplier quality engineer,2638,3.20703125,False,3346,False
a2c6976a-bcb6-4c89-a4e5-c858967f5103,dnb||new customer acquisition representative i,2639,3.205078125,False,3353,False
8549216002,"spacex||pcb designer, avionics",2640,3.205078125,False,3352,False
7951961,securityscorecard||commercial counsel,2641,3.205078125,False,3351,False
6117388004,sonyinteractiveentertainmentglobal||technical operations support analyst,2642,3.205078125,False,3350,False
5190693007,scoutmotors||systems administrator,2643,3.205078125,False,3349,False
4976038007,"andurilindustries||head of integrated logistics support, autonomous airpower",2644,3.205078125,False,3348,False
4324948009,"gradial||head of sales, emea",2645,3.205078125,False,3347,False
5124345008,hawthornemachineryco||machinery service tech/mechanic 2,2646,3.203125,False,3354,False
8621451002,"spacex||test engineer, battery development",2647,3.19921875,False,3358,False
4009580008,fiveringsllc||experienced/lateral - linux systems administrator,2648,3.197265625,False,3359,False
R014671,aveva|wd3|aveva_careers||technical support engineer i,2649,3.1953125,False,3363,False
8577643002,spacex||electromagnetic effects engineer,2650,3.1953125,False,3362,False
8577633002,"spacex||accountant, revenue",2651,3.1953125,False,3361,False
8075707,bpcs||korean customer support agent,2652,3.1953125,False,3360,False
5064478007,"andurilindustries||mechanical engineer, maneuver dominance",2653,3.19140625,False,3364,False
8609480002,spacex||tool & die specialist - level 4/5,2654,3.189453125,False,3367,False
7974905,smartsheet||technical support specialist - core apps,2655,3.189453125,False,3366,False
4932953101,moniepoint||c developer,2656,3.189453125,False,3365,False
8621897002,spacex||tool & die specialist - 2nd shift,2657,3.185546875,False,3372,False
7593841003,archer56||design data integrity engineer,2658,3.185546875,False,3370,False
5262641008,apexcompanies||environmental scientist ii - project scientist,2659,3.185546875,False,3369,False
4698673006,everway||sales development representative,2660,3.185546875,False,3368,False
R0008319,availity|wd1|availity_careers_us||salesforce developer iii,2661,3.18359375,False,3377,False
5007261007,xai||security engineer - governance risk compliance,2662,3.18359375,False,3376,False
4933724101,prolific||human data quality engineer,2663,3.18359375,False,3375,False
8050418,mongodb||advisory partner solutions architect,2664,3.181640625,False,3381,False
7516360002,gotion||mechanical engineer - ev,2665,3.181640625,False,3380,False
5171001007,andurilindustries||sip | ranger regiment trainer,2666,3.181640625,False,3379,False
4929188101,airship||information security architect,2667,3.181640625,False,3378,False
7572661,urbancompass||new development sales associate,2668,3.1796875,False,3383,False
5022277007,atwellgroup||civil engineer - municipal,2669,3.1796875,False,3382,False
R0072019,tsys|wd1|tsys||associate operations analyst,2670,3.177734375,False,3387,False
R-138723,ferguson|wd1|ferguson_experienced||vdc industrial specialist,2671,3.177734375,False,3386,False
8069479,mongodb||financial analyst,2672,3.177734375,False,3385,False
5155608007,"scoutmotors||systems engineer, audio",2673,3.177734375,False,3384,False
4170707009,"woolpert||engineer in training, roadway design",2674,3.17578125,False,3388,False
5117828007,scoutmotors||specialist plant engineering - electrics automation,2675,3.173828125,False,3390,False
4698395006,csw||logistics specialist,2676,3.173828125,False,3389,False
5231182008,apexcompanies||construction safety professional,2677,3.169921875,False,3393,False
5164895007,"scoutmotors||specialist, kpi and continuous improvement",2678,3.169921875,False,3392,False
4092721009,woolpert||civil engineer in training,2679,3.169921875,False,3391,False
8639251002,spacex||quality inspector (valves) - 2nd shift,2680,3.16796875,False,3395,False
8610299002,cannondesign||project electrical iv - cyber security,2681,3.16796875,False,3394,False
7807628003,"billtrust||vice president, solutions consulting",2682,3.166015625,False,3397,False
8473716002,spacex||reliability engineer,2683,3.1640625,False,3400,False
4692873005,astspacemobile||technician i,2684,3.1640625,False,3399,False
4683750006,pitchbookdata||data analyst,2685,3.1640625,False,3398,False
5112655008,apexcompanies||environmental technician 1,2686,3.162109375,False,3403,False
4715297005,"keenfootwear||cook ii, part-time",2687,3.162109375,False,3402,False
4321339009,brph||mechanical engineer - plumbing,2688,3.162109375,False,3401,False
4890661008,skhynixamerica||construction project coordinator,2689,3.158203125,False,3405,False
4679852006,accenturefederalservices||automation test engineer,2690,3.158203125,False,3404,False
8456295002,spacex||it network engineer - top secret clearance,2691,3.15625,False,3410,False
7727042003,teachforall||head of ai solutions & engineering - technology & innovation,2692,3.15625,False,3409,False
5188305007,andurilindustries||personnel security specialist,2693,3.15625,False,3408,False
4689984006,astranis||propulsion engineer - test,2694,3.15625,False,3407,False
30205943,carrier|wd5|jobs||journeyman - hvac data center chiller technician waco/austin/dallas - union,2695,3.15625,False,3406,False
8483041002,gotion||customer quality engineer,2696,3.154296875,False,3412,False
5098930007,xai||ai tutor - audio editing,2697,3.154296875,False,3411,False
6567255002,gotion||hv battery electrical system engineer,2698,3.15234375,False,3414,False
4984165007,"scoutmotors||engineer, failure analysis process",2699,3.15234375,False,3413,False
5160766007,scoutmotors||function integration and software planning,2700,3.150390625,False,3415,False
R-089716,jj|wd5|displacedemployees||r&d engineer ii,2701,3.1484375,False,3418,False
4587713006,accenturefederalservices||cybersecurity research engineer,2702,3.1484375,False,3417,False
0a5e8d20-7c2e-4674-9b62-64d36e007f90,wpromote||reporting solutions engineer,2703,3.1484375,False,3416,False
5341440004,kairospower||network engineer - it infrastructure - onsite - temporary 6 month contract,2704,3.146484375,False,3420,False
5096211007,"scoutmotors||specialist, vehicle diagnostic technologies engineer",2705,3.146484375,False,3419,False
8470464002,"spacex||certified welding inspector, nde",2706,3.142578125,False,3421,False
R-10399116,fiserv|wd5|ext||ecs operations specialist,2707,3.140625,False,3425,False
7951682,ripple||learning community specialist,2708,3.140625,False,3424,False
7327520002,gotion||quality inspector,2709,3.140625,False,3423,False
26f07297-8f6d-4dd5-86a3-3a1c795219db,corebts||learning & development business partner,2710,3.140625,False,3422,False
8075957,carvana||security systems support specialist,2711,3.138671875,False,3427,False
4696068006,accenturefederalservices||acquisition specialist,2712,3.138671875,False,3426,False
8623133002,spacex||inventory control clerk,2713,3.13671875,False,3431,False
8585923002,gotion||quality inspector - first shift,2714,3.13671875,False,3430,False
4594611006,accenturefederalservices||cyber operations analyst,2715,3.13671875,False,3428,False
8617003002,spacex||welding engineer,2716,3.134765625,False,3433,False
5364589008,"siliconranch||associate legal counsel, real estate and project development",2717,3.134765625,False,3432,False
REQ-057272,newperkinelmer|wd1|external||field service engineer,2718,3.1328125,False,3439,False
8616015002,spacex||test equipment technician,2719,3.1328125,False,3438,False
5188358007,"andurilindustries||recruiter, security",2720,3.1328125,False,3437,False
5171293007,"atwellgroup||land solutions, right of way acquisition specialist – washington state",2721,3.1328125,False,3436,False
5104083007,atwellgroup||pcmm - biology field technician,2722,3.1328125,False,3435,False
4644674006,accenturefederalservices||identity and access management (iam) sme,2723,3.1328125,False,3434,False
8621410002,spacex||food services specialist - multiple shifts - level 4/5,2724,3.12890625,False,3441,False
4587698006,accenturefederalservices||operations research scientist,2725,3.126953125,False,3442,False
4932595101,"modoenergy||chief analyst, usa",2726,3.125,False,3443,False
5790958004,"altruist||founding product designer, hazel ai",2727,3.123046875,False,3444,False
8075680,hydritechemicalco||controls engineer,2728,3.12109375,False,3448,False
5181645007,"scoutmotors||concept architect, platform",2729,3.12109375,False,3447,False
5082738007,"scoutmotors||quality engineer, total vehicle",2730,3.12109375,False,3446,False
4695984006,"accenturefederalservices||sap grc (governance, risk, and compliance) consultant",2731,3.12109375,False,3445,False
8617097002,"spacex||electrician, starship launch pad - night shift",2732,3.119140625,False,3451,False
8593259002,spacex||controls technician,2733,3.119140625,False,3450,False
4975849007,"andurilindustries||operations analyst (scenario design), discovery",2734,3.119140625,False,3449,False
8530506002,spacex||technical recruiter,2735,3.1171875,False,3455,False
5361581008,"dlrgroup||civil engineer, entry level",2736,3.1171875,False,3453,False
4698553006,orioninnovation||warehouse management and inventory management specialist (mdims).,2737,3.1171875,False,3452,False
JR00041839,abb|wd3|external_career_page||project planning & control specialist,2738,3.115234375,False,3460,False
8437266002,cannondesign||project electrical engineer v,2739,3.115234375,False,3459,False
5191823007,medsien||account executive,2740,3.115234375,False,3458,False
5155592007,"scoutmotors||system engineer, vehicle controls",2741,3.115234375,False,3457,False
4940364007,"xai||support agent, x money",2742,3.115234375,False,3456,False
8562759002,cannondesign||electrical - entry level,2743,3.11328125,False,3464,False
8076838,urbancompass||front desk administrator,2744,3.11328125,False,3463,False
8000380,"zuora||enterprise solution architect - billing, cpq",2745,3.11328125,False,3462,False
5192400007,atwellgroup||project coordinator,2746,3.11328125,False,3461,False
5192037007,altentechnologyusa||cae durability engineer,2747,3.111328125,False,3468,False
5141080007,andurilindustries||contractor special security officer,2748,3.111328125,False,3467,False
4305859009,"arcanaanalytics||vice president, analysts & client support",2749,3.111328125,False,3466,False
8226031002,gotion||mechanical engineer - battery systems,2750,3.107421875,False,3471,False
7719735003,archer56||liaison engineering focal,2751,3.107421875,False,3470,False
7529067003,cookunity||fulfillment team member,2752,3.107421875,False,3469,False
R-423028,humana|wd5|humana_external_career_site||compensation professional,2753,3.10546875,False,3477,False
8583707002,"spacex||electrical engineer, facilities infrastructure",2754,3.10546875,False,3476,False
8569294002,spacex||maintenance supervisor (starlink) - night shift,2755,3.10546875,False,3475,False
7698011,relaypro||vice president of financial planning and analysis,2756,3.10546875,False,3473,False
4140571009,mxtechnologiesinc||enterprise account executive,2757,3.10546875,False,3472,False
8024266,boxinc||large enterprise account executive,2758,3.103515625,False,3480,False
7666424003,cookunity||cooling specialist,2759,3.103515625,False,3479,False
4931315007,xai||legal & compliance tutor,2760,3.103515625,False,3478,False
R9269,aspentech|wd5|aspentech||procurement analyst,2761,3.1015625,False,3483,False
8550182002,"spacex||av administrator, events & experiences",2762,3.1015625,False,3482,False
4654930006,sharkninjaoperatingllc||tiktok shop media specialist,2763,3.1015625,False,3481,False
8625363002,gotion||inventory control specialist,2764,3.099609375,False,3489,False
7792682003,cookunity||kitchen supervisor,2765,3.099609375,False,3487,False
7638730,zuora||sales development representative,2766,3.099609375,False,3486,False
4785252008,ophelia||it systems engineer iii,2767,3.099609375,False,3485,False
4696002006,accenturefederalservices||sap vim (vendor invoice management) consultant,2768,3.099609375,False,3484,False
7463634,"roblox||[2026] data scientist, social",2769,3.09765625,False,3491,False
R014668,aveva|wd3|aveva_careers||tech support engineer,2770,3.095703125,False,3495,False
8614340002,"spacex||environmental health & safety engineer, construction",2771,3.095703125,False,3494,False
8603598002,spacex||smt rework technician - pcba,2772,3.095703125,False,3493,False
8488303002,spacex||controls technician (starship) - level 4/5,2773,3.09375,False,3499,False
7980770,boxinc||legal counsel,2774,3.09375,False,3498,False
5169990007,"andurilindustries||financial analyst ii, corporate finance",2775,3.09375,False,3497,False
4768908007,"scoutmotors||technical specialist, project coordination, test & pre-series vehicles",2776,3.09375,False,3496,False
8582700002,gotion||logistics intern,2777,3.091796875,False,3501,False
5118271007,andurilindustries||quality control supervisor,2778,3.08984375,False,3502,False
7311204,mongodb||enterprise sales development representative,2779,3.087890625,False,3504,False
4686943006,accenturefederalservices||legal strategic programs and operations consultant,2780,3.087890625,False,3503,False
R260017905,bmo|wd3|external||service specialist,2781,3.0859375,False,3507,False
5104040007,andurilindustries||supplier quality control supervisor,2782,3.0859375,False,3506,False
4681257006,accenturefederalservices||sap procurement for the public sector (pps) consultant,2783,3.0859375,False,3505,False
R013683,sailpoint|wd1|sailpoint||quality management system,2784,3.083984375,False,3512,False
8641580002,axiscompany||project coordinator,2785,3.083984375,False,3511,False
5181850007,andurilindustries||flight test operator,2786,3.083984375,False,3510,False
4696159006,wizinc||growth account executive - taiwan & hong kong,2787,3.083984375,False,3508,False
8636501002,suvoda||it technical consultant,2788,3.080078125,False,3516,False
8633279002,"spacex||regulatory analyst, starlink",2789,3.080078125,False,3515,False
8067427,carvana||vehicle transporter travel trainer,2790,3.080078125,False,3514,False
5189634007,"scoutmotors||specialist, diagnostic and commissioning engineer",2791,3.080078125,False,3513,False
8343870002,spacex||cmm programmer (valves) - 2nd shift,2792,3.076171875,False,3519,False
7851555,boxinc||recruiting operations analyst,2793,3.076171875,False,3518,False
4716840005,careerteam||career advisor,2794,3.076171875,False,3517,False
8625626002,spacex||avionics integration & test engineer,2795,3.07421875,False,3525,False
8586178002,"spacex||sourcing specialist, lng supply chain",2796,3.07421875,False,3524,False
6119853004,everstreamanalytics||business development representative,2797,3.07421875,False,3523,False
5173849008,skhynixamerica||hr generalist,2798,3.07421875,False,3522,False
5128524007,andurilindustries||facility security officer,2799,3.07421875,False,3520,False
8608298002,axogen||material control technician- 2nd shift,2800,3.072265625,False,3529,False
7596114,ripple||professional services consultant,2801,3.072265625,False,3528,False
5162260007,atwellgroup||civil/structural designer - oil and gas,2802,3.072265625,False,3527,False
JR-0063769,wework|wd1|wework||analytics engineer,2803,3.0703125,False,3531,False
8637303002,"faire||executive assistant, brand",2804,3.06640625,False,3535,False
8076786,automatticcareers||executive assistant to ceo,2805,3.06640625,False,3534,False
7736671,roblox||data center asset management analyst,2806,3.06640625,False,3533,False
8586528002,spacex||electromagnetic effectstest engineer,2807,3.064453125,False,3538,False
8436759002,cannondesign||electrical iii,2808,3.064453125,False,3537,False
8002983,boxinc||mid-market account executive,2809,3.064453125,False,3536,False
5189279007,xai||hr coordinator,2810,3.0625,False,3540,False
4236660009,valaratomics||maintenance technician,2811,3.0625,False,3539,False
7691122003,cookunity||warehouse supervisor,2812,3.060546875,False,3542,False
8589956002,gotion||quality inspector - third shift,2813,3.05859375,False,3547,False
5365909008,spsnorthamerica||client services associate,2814,3.05859375,False,3544,False
70,pssmsi||practicum student,2815,3.056640625,False,3548,False
R5026852,envista|wd1|envistacareers||mechanical engineer ii,2816,3.0546875,False,3554,False
8605587002,cannondesign||office administrator,2817,3.0546875,False,3553,False
8380215002,gotion||utilities equipment engineer,2818,3.0546875,False,3551,False
R87743,spartannash|wd1|spartannash_careers||cookie/sweet packaging,2819,3.052734375,False,3558,False
8572153002,spacex||turbomachinery engineer,2820,3.052734375,False,3556,False
8029180,boxinc||enterprise account executive,2821,3.052734375,False,3555,False
4685995006,accenturefederalservices||enterprise security architect,2822,3.05078125,False,3559,False
8056434,"biohub||postdoctoral fellow/ scientist i , synthetic spatial omics",2823,3.048828125,False,3563,False
5167278007,"scoutmotors||specialist, obd integration engineer",2824,3.048828125,False,3562,False
4316042009,woolpert||remote sensing technician,2825,3.048828125,False,3561,False
4005202009,arcanaanalytics||data associate,2826,3.048828125,False,3560,False
8532190002,cannondesign||architect ii,2827,3.046875,False,3564,False
8322729002,"spacex||spaceport designer, interior design",2828,3.044921875,False,3566,False
8060371,carvana||security operations center associate,2829,3.044921875,False,3565,False
8393771002,"spacex||thermal development technician, robotic welding (starship) - level 4/5",2830,3.04296875,False,3570,False
7939983,"nuro||autonomous vehicle operator, santa clara",2831,3.04296875,False,3569,False
7693620002,gotion||network engineer,2832,3.04296875,False,3568,False
5994376004,bamboohr17||helpdesk technician,2833,3.04296875,False,3567,False
7741010003,archer56||configuration management - specalist - powertrain,2834,3.041015625,False,3573,False
5278895008,mcs||field operations technician,2835,3.041015625,False,3572,False
4324946009,"gradial||head of sales, canada",2836,3.041015625,False,3571,False
RQ111749,bpinternational|wd3|bpcareers||customer quality advisor - castrol,2837,3.0390625,False,3576,False
4695578006,accenturefederalservices||recruiter,2838,3.0390625,False,3574,False
5190620007,trueanomalyinc||supplier quality engineer,2839,3.037109375,False,3578,False
5135032007,"scoutmotors||specialist, software update and validation",2840,3.037109375,False,3577,False
7798649003,"engine||solutions engineer, integrations",2841,3.03515625,False,3582,False
5361400008,magnolia||warehouse - warehouse associate,2842,3.03515625,False,3581,False
5182356007,atwellgroup||test technician,2843,3.03515625,False,3580,False
4670677006,accenturefederalservices||sap application security consultant,2844,3.03515625,False,3579,False
JR-202614739,generalmotors|wd5|careers_gm||chassis materials engineer,2845,3.033203125,False,3584,False
8073100,boxinc||commercial account executive,2846,3.033203125,False,3583,False
8515808002,spacex||environmental health & safety engineer,2847,3.03125,False,3587,False
7792237,talkdesk2||solutions engineer - enterprise - mixed industries,2848,3.03125,False,3586,False
5309664008,apexcompanies||hazardous waste & environmental specialist,2849,3.03125,False,3585,False
5150836007,muonspace||camera systems engineer,2850,3.029296875,False,3589,False
4b169a40-3c13-4866-b3bf-64e0635c3b83,absorblms||zuora system specialist,2851,3.029296875,False,3588,False
5162156007,atwellgroup||crew chief,2852,3.02734375,False,3591,False
7983156,elationhealth||rcm solutions engineer,2853,3.025390625,False,3597,False
7943771,"nuro||autonomous vehicle operator, south san francisco",2854,3.025390625,False,3596,False
7808492003,okx||workplace it specialist,2855,3.025390625,False,3595,False
5124291007,zscaler||specialty sales account executive - data security sled/healthcare,2856,3.025390625,False,3593,False
2624730,labcorp|wd1|external||investigator support coordinator i,2857,3.025390625,False,3592,False
4595130006,accenturefederalservices||cyber joint operations planner,2858,3.0234375,False,3598,False
7783102003,cookunity||maintenance supervisor,2859,3.021484375,False,3600,False
5181237007,"scoutmotors||analyst, process change and verification",2860,3.021484375,False,3599,False
8635737002,figure||contract talent acquisition partner,2861,3.01953125,False,3603,False
8498761002,"spacex||failure analysis engineer, microelectronics",2862,3.01953125,False,3602,False
7811731003,darkwolfsolutions||cloud services architect,2863,3.015625,False,3607,False
6115038004,operationscareers||bicycle & scooter repair technician - bronx,2864,3.015625,False,3606,False
5362496008,zonecompanysoftwareconsultingllc||account executive,2865,3.015625,False,3605,False
5123857008,"wppmedia||associate vice president, client services",2866,3.015625,False,3604,False
8069681,carvana||post production associate,2867,3.013671875,False,3610,False
5830995004,"billcom||enterprise account executive, supplier growth",2868,3.01171875,False,3613,False
5080956007,atwellgroup||survey crew chief,2869,3.01171875,False,3611,False
5355963008,habitathealth||forward-deployed product engineer,2870,3.009765625,False,3617,False
4679518006,accenturefederalservices||sap application security specialist,2871,3.009765625,False,3616,False
4587747006,accenturefederalservices||cyber targeting analyst,2872,3.009765625,False,3615,False
4079119009,woolpert||roadway engineer,2873,3.009765625,False,3614,False
5147274007,atwellgroup||construction inspector,2874,3.0078125,False,3619,False
4696008006,accenturefederalservices||data governance & catalog specialist,2875,3.0078125,False,3618,False
8559225002,spacex||avionics integration & test technician (starship) - night shift,2876,3.005859375,False,3622,False
8072830,quisitivejobs||microsoft security consultant,2877,3.005859375,False,3621,False
4255957008,appodeal||financial data analyst,2878,3.005859375,False,3620,False
5130102008,"wppmedia||vice president, client services",2879,3.00390625,False,3624,False
4294937009,woolpert||geobase gis analyst,2880,3.00390625,False,3623,False
R004288,entrust|wd1|entrustcareers||tech trainer,2881,3.001953125,False,3626,False
JR102588,o9solutions|wd5|o9solutionsexternal||associate solution architect-demand planning,2882,3.0,False,3630,False
7804953003,"affirm||analyst ii, full stack",2883,3.0,False,3629,False
5184796007,andurilindustries||security vetting analyst,2884,3.0,False,3627,False
5349219008,fiveringsllc||summer intern 2027 - quantitative researcher,2885,2.998046875,False,3632,False
7809843003,smxtech||systems engineer - tier ii/iii esc support,2886,2.994140625,False,3635,False
5181676007,"scoutmotors||engineer, bev function integration and calibration, specialist",2887,2.994140625,False,3634,False
4678552006,accenturefederalservices||information system security officer,2888,2.994140625,False,3633,False
7759336003,cookunity||culinary operations supervisor,2889,2.9921875,False,3638,False
5192108007,fairlife||micro technician,2890,2.9921875,False,3637,False
4676530006,accenturefederalservices||incident response engineer,2891,2.9921875,False,3636,False
5355401008,datavant2||client billing specialist,2892,2.990234375,False,3639,False
8604523002,spacex||pipe welder (night shift) - level 4,2893,2.98828125,False,3645,False
7872299,"zuora||enterprise account executive, expand",2894,2.98828125,False,3643,False
5211721008,lexingtonmedical||mechanical engineer,2895,2.98828125,False,3642,False
5078972007,andurilindustries||test technician,2896,2.986328125,False,3646,False
640763ad-fe2a-486d-ae7e-765c7668b79a,uipath||test cloud sales specialist – commercial mid-market,2897,2.984375,False,3649,False
5160784007,"scoutmotors||engineer, ride comfort objectivation & simulation",2898,2.984375,False,3648,False
3165839,hp|wd5|exteu-ac-careersite||customer solution center rep,2899,2.984375,False,3647,False
5189481007,simtrabps||warehouse coordinator/driver - weekend pm shift,2900,2.982421875,False,3650,False
8622997002,spacex||machining technician,2901,2.98046875,False,3652,False
7931911,roblox||distinguished machine learning engineer - safety,2902,2.98046875,False,3651,False
7263379002,gotion||cell testing engineer,2903,2.978515625,False,3654,False
4663312006,accenturefederalservices||sap materials management (mm) - retail in-store merchandising and inventory management consultant,2904,2.978515625,False,3653,False
4015611006,astranis||environmental test technician,2905,2.9765625,False,3655,False
7586013,boxinc||ai content creator & social strategist,2906,2.974609375,False,3656,False
7776522003,cookunity||food safety supervisor,2907,2.97265625,False,3658,False
5085186007,"scoutmotors||specialist, lifecycle management & modelcare",2908,2.97265625,False,3657,False
8438220002,spacex||maintenance technician,2909,2.970703125,False,3660,False
8559058002,spacex||structures technician (starship) - 2nd shift,2910,2.96875,False,3664,False
8497591002,spacex||facilities mechanical specialist,2911,2.96875,False,3663,False
8029272,"upstart||head of lifecycle marketing, core products",2912,2.96875,False,3662,False
6119955004,freshprints||underwriting specialist,2913,2.96875,False,3661,False
8633177002,cannondesign||electrical iii - cyber security,2914,2.966796875,False,3669,False
8624292002,alphasense||people business partner,2915,2.966796875,False,3668,False
8564822002,spacex||fabrication technician - 2nd shift,2916,2.966796875,False,3667,False
5130554007,"scoutmotors||engineer, battery structures",2917,2.966796875,False,3666,False
4047841009,encoura||engagement ambassador - uc berkeley,2918,2.966796875,False,3665,False
5182322007,"scoutmotors||specialist, hardware & software variant management",2919,2.96484375,False,3670,False
8642792002,rebag||client advisor - wtc,2920,2.9609375,False,3673,False
4301056009,woolpert||geobase training support junior analyst,2921,2.9609375,False,3671,False
8582445002,specterops||training architect,2922,2.958984375,False,3677,False
8070953,vaynermedia||india portfolio | project coordinator,2923,2.958984375,False,3676,False
8064136,convene||banquet server,2924,2.958984375,False,3675,False
4666963006,accenturefederalservices||solution advisor - anatomic pathology,2925,2.958984375,False,3674,False
R67623,volarisgroup|wd3|volaris||product specialist,2926,2.95703125,False,3683,False
R00212134,alliance|wd3|nissanprivateexternal||materials engineer 3,2927,2.95703125,False,3682,False
8623608002,spacex||facilities technician,2928,2.95703125,False,3681,False
4695121006,accenturefederalservices||workday payroll consultant,2929,2.95703125,False,3680,False
4691740006,onbe||demand generation specialist,2930,2.95703125,False,3679,False
4273859009,mxtechnologiesinc||content strategist,2931,2.95703125,False,3678,False
8633045002,"wpp||technology risk & controls analyst, et & corporate",2932,2.955078125,False,3687,False
8520151002,spacex||investigations analyst,2933,2.955078125,False,3686,False
6816368002,gotion||commissioning engineer - energy storage,2934,2.955078125,False,3685,False
5191069007,trueanomalyinc||data and controls systems test engineer,2935,2.955078125,False,3684,False
8075475,hydritechemicalco||warehouse operator - 1st shift,2936,2.953125,False,3690,False
5114488007,"atwellgroup||proposal marketing associate, remote, west coast",2937,2.953125,False,3689,False
4587709006,accenturefederalservices||defensive cyber operation analyst,2938,2.953125,False,3688,False
WD30272873,"jci|wd5|jci||welder, 2nd shift",2939,2.951171875,False,3695,False
R-50408,kyndryl|wd5|kyndrylprofessionalcareers||network support engineer,2940,2.951171875,False,3694,False
R-067077,jj|wd5|displacedemployees||quality engineer 2 npd,2941,2.951171875,False,3693,False
7806502003,epickids||qa engineer,2942,2.951171875,False,3692,False
4698754005,shinvestmentsllc||cyber security engineer,2943,2.94921875,False,3696,False
8342924002,spacex||electro-mechanical build & test technician,2944,2.947265625,False,3699,False
5364662008,nflprivateposting||seasonal redzone production assistant,2945,2.947265625,False,3698,False
R441416,comcast|wd5|comcast_careers||engineer 1 - cyber security operations,2946,2.9453125,False,3702,False
5158855007,"andurilindustries||financial analyst ii, connected warfare",2947,2.9453125,False,3701,False
7711953,formlabs||technical sales representative,2948,2.943359375,False,3705,False
5992267004,coursera||learning designer,2949,2.943359375,False,3704,False
4659565006,accenturefederalservices||sap acquire to retire (a2r) functional consultant,2950,2.943359375,False,3703,False
8449038002,spacex||paint technician,2951,2.939453125,False,3708,False
4684997006,accenturefederalservices||change management practitioner,2952,2.939453125,False,3707,False
4932846101,"polyai||founding account executive, mid market",2953,2.9375,False,3709,False
5165052007,"andurilindustries||electrical engineer, mission systems integration",2954,2.935546875,False,3712,False
5143415007,"scoutmotors||specialist, vehicle ee system validation engineer",2955,2.935546875,False,3711,False
8574330002,"spacex||materials engineer, materials laboratory",2956,2.93359375,False,3715,False
7819766,ardentmc||imagery analyst,2957,2.93359375,False,3714,False
4681256006,accenturefederalservices||sap planning consultant,2958,2.93359375,False,3713,False
JR107976,sabre|wd1|sabrejobs||it operations analyst i,2959,2.931640625,False,3718,False
69c33686-9a00-4dba-8f22-1f45112b4c82,"sewer-ai||account executive, enterprise",2960,2.931640625,False,3717,False
5185631007,"scoutmotors||counsel, commercial",2961,2.931640625,False,3716,False
8527570002,spacex||financial analyst,2962,2.9296875,False,3720,False
4675773006,pitchbookdata||customer support specialist,2963,2.9296875,False,3719,False
7741584003,smxtech||vmware systems administrator,2964,2.927734375,False,3723,False
5309632008,apexcompanies||industrial hygienist - scientist ii,2965,2.927734375,False,3722,False
5180324007,xometry||technical recruiter,2966,2.927734375,False,3721,False
JR_15048,"guidewire|wd5|external||implementation architect, inow",2967,2.92578125,False,3727,False
6744237002,gotion||hr generalist,2968,2.92578125,False,3726,False
5059366007,"scoutmotors||technical specialist, test vehicle management",2969,2.92578125,False,3725,False
6107621004,penninteractive||vip host,2970,2.923828125,False,3731,False
5165038007,"andurilindustries||electrical engineer, payload integration",2971,2.923828125,False,3730,False
5160373007,andurilindustries||it hardware technician i,2972,2.923828125,False,3729,False
4694514006,pitchbookdata||account development representative,2973,2.923828125,False,3728,False
8513671002,spacex||sourcing specialist,2974,2.921875,False,3733,False
5191220007,"bluelabsanalyticsinc||enterprise sales, public affairs practice",2975,2.919921875,False,3736,False
5157982007,atwellgroup||neta field technician,2976,2.919921875,False,3735,False
4273223009,valaratomics||fire protection engineer,2977,2.919921875,False,3734,False
8436747002,cannondesign||electrical engineer iii,2978,2.91796875,False,3737,False
8553118002,spacex||reliability technician,2979,2.9140625,False,3742,False
5173472007,scoutmotors||sheet metal engineer specialist – pickup box,2980,2.9140625,False,3741,False
4992680007,andurilindustries||ui designer,2981,2.9140625,False,3740,False
4309233009,stackadapt||commercial & ip counsel,2982,2.9140625,False,3738,False
8602551002,spacex||transport technician,2983,2.912109375,False,3744,False
8569287002,spacex||maintenance supervisor,2984,2.91015625,False,3751,False
8035763,ivalua||it operations engineer,2985,2.91015625,False,3750,False
7966785,mongodb||renewals specialist,2986,2.91015625,False,3749,False
7806069003,cookunity||marketplace supervisor,2987,2.91015625,False,3748,False
6121274004,greenworkssunriseglobalmarketing||content creator: video & photography production,2988,2.91015625,False,3746,False
4664256006,astranis||legal counsel,2989,2.91015625,False,3745,False
7895968,urbancompass||wpo & facilities coordinator,2990,2.908203125,False,3753,False
5142486007,"scoutmotors||specialist, process control engineer",2991,2.908203125,False,3752,False
9ba6a979-5fa6-4aa0-95bb-a3478665237e,teamdynamix||technical consultant,2992,2.90625,False,3764,False
8633899002,spacex||dimensional inspector - supply chain,2993,2.90625,False,3763,False
8542170002,"spacex||tax analyst, international",2994,2.90625,False,3762,False
5172418007,scoutmotors||lighting engineer specialist,2995,2.90625,False,3761,False
8573853002,spacex||environmental health & safety specialist,2996,2.904296875,False,3767,False
7561739,roblox||systems software engineer - game engine network,2997,2.904296875,False,3766,False
4692034006,accenturefederalservices||cleared instructional training consultant,2998,2.904296875,False,3765,False
4248893009,valaratomics||construction quality inspector,2999,2.90234375,False,3768,False
REQ-844,verily|wd1|verily_careers||clinical informatics data architect,3000,2.900390625,False,3773,False
4595203006,accenturefederalservices||cyber access planner,3001,2.900390625,False,3772,False
4595171006,accenturefederalservices||cyber effects operations planner,3002,2.900390625,False,3771,False
7804410003,"cookunity||associate, product marketing",3003,2.8984375,False,3774,False
7796113003,godaddy||executive admin,3004,2.896484375,False,3776,False
7790654003,paystand||marketing programs intern,3005,2.896484375,False,3775,False
7803164003,coherehealth||business analyst ii,3006,2.89453125,False,3779,False
5066042007,"scoutmotors||specialist, mechanical engineer - assembly",3007,2.89453125,False,3778,False
R9528,renishaw|wd3|renishaw||service & support engineer,3008,2.892578125,False,3789,False
8614436002,spacex||equipment safety engineer,3009,2.892578125,False,3788,False
8600091002,spacex||technical writer,3010,2.892578125,False,3787,False
5365480008,unlimitedtechnology||sales executive,3011,2.892578125,False,3785,False
5064471007,"andurilindustries||electrical engineer, maneuver dominance",3012,2.892578125,False,3784,False
4695617006,accenturefederalservices||vulnerability assessment analyst,3013,2.892578125,False,3782,False
4622897006,accenturefederalservices||sap materials management (mm) consultant,3014,2.892578125,False,3781,False
5142420007,scoutmotors||specialist process optimization supermarket,3015,2.888671875,False,3792,False
4681057006,accenturefederalservices||sap data conversion consultant,3016,2.888671875,False,3791,False
6119707004,commonthreadcollective||marketing specialist,3017,2.884765625,False,3796,False
4698368006,bluewaterthinking||business analyst,3018,2.884765625,False,3795,False
f88fd6f9-c0e7-4a2e-bf17-dd2dceb630cf,nabla||operational data analyst,3019,2.880859375,False,3800,False
8399358002,spacex||technical sales architect,3020,2.880859375,False,3799,False
5169018007,andurilindustries||administrative assistant,3021,2.880859375,False,3798,False
5167294007,"scoutmotors||specialist, obd requirements engineer iumpr",3022,2.880859375,False,3797,False
5992006004,redwoodmaterials||logistics analyst,3023,2.87890625,False,3803,False
5180969007,atwellgroup||administrative assistant,3024,2.87890625,False,3801,False
8565314002,"alphasense||mid-market account executive, corporate",3025,2.875,False,3808,False
4717122005,mastercontrol||chief information security officer,3026,2.875,False,3806,False
4673920006,accenturefederalservices||operations practitioner,3027,2.875,False,3805,False
7811838003,"axon||assistant general counsel, m&a",3028,2.873046875,False,3810,False
6509422003,paystand||sales development representative,3029,2.873046875,False,3809,False
8602989002,guidepoint||market research operations associate,3030,2.869140625,False,3813,False
6005845004,"vikingglobalinvestors||execution research fellow, summer / fall 2026",3031,2.869140625,False,3812,False
4697777006,accenturefederalservices||sap retail pricing & promotions pos consultant,3032,2.869140625,False,3811,False
7842699,roku||sales development representative,3033,2.8671875,False,3816,False
7780131003,prizepicks||product analyst,3034,2.8671875,False,3815,False
6121291004,greenworkssunriseglobalmarketing||content creator and editor: video & photography production,3035,2.865234375,False,3818,False
4303328009,mxtechnologiesinc||account executive - fintech,3036,2.865234375,False,3817,False
R-10399007,fiserv|wd5|ext||business operations analyst - sla reporting,3037,2.86328125,False,3819,False
JR102350,accelya|wd103|careers||specialist - program management- anz,3038,2.861328125,False,3821,False
4643471006,accenturefederalservices||sap materials management consultant,3039,2.861328125,False,3820,False
WD30274147,jci|wd5|jci||hvac controls pre-install application engineer,3040,2.859375,False,3824,False
7927852,roku||operations planner,3041,2.859375,False,3823,False
7799415003,smxtech||knowledge systems integrator,3042,2.859375,False,3822,False
R019214,admiralbeverage|wd5|external||demand planning coordinator,3043,2.857421875,False,3825,False
R187494,"maersk|wd3|maersk_careers||analyst, damco ar",3044,2.85546875,False,3830,False
5174050007,andurilindustries||electrical engineer lab technician,3045,2.85546875,False,3829,False
5155553008,skhynixamerica||purchasing specialist,3046,2.85546875,False,3828,False
5150996007,"scoutmotors||specialist, toe energy system",3047,2.85546875,False,3827,False
5083124007,atwellgroup||temporary archaeology field technician,3048,2.85546875,False,3826,False
6505165003,paystand||account executive,3049,2.8515625,False,3831,False
6092982004,"epicgamesfrench||développeur sénior, outils de jouabilité, interface utilisateur (ui) et ia",3050,2.849609375,False,3833,False
R26_0000001992,bbinsurance|wd1|careers||operations support coordinator,3051,2.84765625,False,3835,False
5153217007,atwellgroup||assistant crew chief,3052,2.84765625,False,3834,False
8438476002,spacex||technical satellite policy analyst,3053,2.84375,False,3836,False
5192155007,fairlife||automated equipment technician,3054,2.841796875,False,3838,False
5146284007,scoutmotors||supplier quality engineer - press parts,3055,2.841796875,False,3837,False
WD225211,flextronics|wd1|careers||analyst - logistics,3056,2.83984375,False,3841,False
4912220101,lotusworks||electrical & instrumentation technician - full time internship,3057,2.83984375,False,3840,False
4130504009,woolpert||traffic engineer,3058,2.83984375,False,3839,False
R0129299,hitachi|wd1|hitachi||manufacturing quality assurance professional,3059,2.837890625,False,3846,False
8642758002,capitalontap||collections officer - midnights team,3060,2.837890625,False,3845,False
8579705002,aegworldwide||la kings - social production assistant,3061,2.837890625,False,3844,False
6516039,ardentmc||information systems security officer,3062,2.837890625,False,3842,False
7984077,ripple||proposal specialist,3063,2.8359375,False,3849,False
7528412,purestorage||signal integrity hardware engineer,3064,2.8359375,False,3848,False
4677279006,accenturefederalservices||user support specialist,3065,2.8359375,False,3847,False
4695154006,accenturefederalservices||workday time tracking consultant - hc hcm,3066,2.833984375,False,3850,False
4715434005,springhealth66||it support engineer ii,3067,2.83203125,False,3852,False
4689386006,accenturefederalservices||marketing technologist,3068,2.83203125,False,3851,False
R-173413,"vwr|wd1|avantorjobs||head of bioprocessing, japan",3069,2.830078125,False,3857,False
8612958002,spacex||hvac technician (facilities) - 2nd shift,3070,2.830078125,False,3856,False
6980150,ardentmc||geospatial trainer/outreach,3071,2.830078125,False,3855,False
8335226002,spacex||eee parts lab specialist,3072,2.828125,False,3859,False
5217923008,swiftsolar||equipment technician | night shift,3073,2.828125,False,3858,False
a346ad02-b583-4c3f-bf57-31b171f39896,optro||enterprise account executive,3074,2.826171875,False,3866,False
7687143002,gotion||mechanical equipment technician,3075,2.826171875,False,3863,False
4678839006,accenturefederalservices||junior security architect,3076,2.826171875,False,3862,False
4678516006,accenturefederalservices||data operations customer support specialist,3077,2.826171875,False,3861,False
7977200,ardentmc||network engineer,3078,2.82421875,False,3871,False
4908845101,lotusworks||construction coordinator - 3rd shift,3079,2.82421875,False,3869,False
4229787009,kodiaksolutions||product owner,3080,2.82421875,False,3867,False
JR97408,"micron|wd1|external||engineer, ipdev layout",3081,2.822265625,False,3876,False
8533955002,"spacex||supplier development engineer, reliability",3082,2.822265625,False,3875,False
8056051,roku||head of content innovation,3083,2.822265625,False,3874,False
5218673008,"wppmedia||associate, media solutions",3084,2.822265625,False,3873,False
5093266007,"scoutmotors||engineer, chassis wheel guidance",3085,2.822265625,False,3872,False
4698334006,accenturefederalservices||operations support technician,3086,2.8203125,False,3878,False
4005332009,arcanaanalytics||analyst,3087,2.8203125,False,3877,False
4297648101,davinciderivatives||experienced quant,3088,2.818359375,False,3880,False
R-256775,astrazeneca|wd3|broadbean_external||consultant - sap fico,3089,2.814453125,False,3884,False
7892945002,gotion||customer audit engineer,3090,2.814453125,False,3883,False
5173105007,scoutmotors||robot specialist,3091,2.814453125,False,3882,False
5093473007,andurilindustries||instructional designer,3092,2.8125,False,3885,False
5153003007,andurilindustries||electrical engineering technician,3093,2.810546875,False,3889,False
5139668008,fiveringsllc||summer intern 2027 - quantitative trader,3094,2.810546875,False,3888,False
491fd053-5f14-4e15-88bd-6e9ed97cacdc,skimmer||technical solutions consultant,3095,2.810546875,False,3887,False
8642007002,trexsolutions||sharepoint engineer,3096,2.80859375,False,3893,False
8367491002,spacex||supply chain engineer,3097,2.80859375,False,3892,False
5176431007,"atwellgroup||land solutions, administrative assistant",3098,2.80859375,False,3891,False
4193414009,woolpert||project architect,3099,2.80859375,False,3890,False
7806495003,metrostarsystems||business analyst,3100,2.806640625,False,3895,False
8400817002,"spacex||electrician, medium voltage",3101,2.802734375,False,3898,False
5363819008,archera||enterprise account executive,3102,2.802734375,False,3897,False
R0016384,astreya|wd5|life-at-astreya-opportunities||us technical recruiter,3103,2.80078125,False,3899,False
7810216003,crfamilyofcompanies||dodaf architect,3104,2.798828125,False,3901,False
8603537002,spacex||materials r&d specialist,3105,2.796875,False,3903,False
5182512007,"veracyte||intern, ai",3106,2.796875,False,3902,False
8544586002,spacex||insider risk analyst,3107,2.79296875,False,3906,False
8076832,formlabs||sales support specialist,3108,2.79296875,False,3905,False
5170284007,"scoutmotors||electrical engineer specialist, construction",3109,2.79296875,False,3904,False
8629030002,spacex||welder,3110,2.787109375,False,3907,False
6108802004,workstream||chief operating officer,3111,2.78515625,False,3908,False
5148046007,"scoutmotors||analyst, material & chemical conformity",3112,2.783203125,False,3909,False
4698535006,figureai||jr robot service technician,3113,2.78125,False,3910,False
5190659007,scoutmotors||lineside specialist,3114,2.779296875,False,3912,False
4095216009,woolpert||transportation roadway- engineer in training,3115,2.779296875,False,3911,False
7953986,fanduel||commercial analyst - casino,3116,2.771484375,False,3914,False
559,premierservice||landscape laborer,3117,2.76953125,False,3916,False
8641353002,wing||head of business operations,3118,2.767578125,False,3921,False
7530885003,"shopmonkey||account executive, smb",3119,2.767578125,False,3920,False
5186736007,"scoutmotors||specialist, measurement",3120,2.767578125,False,3919,False
4959599007,"xai||dispute analyst, x money",3121,2.767578125,False,3918,False
8626747002,spacex||material flow technician - level 4,3122,2.76171875,False,3922,False
8616218002,suvoda||technical consultant,3123,2.759765625,False,3924,False
4303075009,hanwhaenergyusa||accounting analyst – energy accounting,3124,2.759765625,False,3923,False
48fecc78-bc55-4b8f-bec0-da6e5daea607,strala-ai||auto property damage claims adjuster,3125,2.755859375,False,3925,False
4047760009,encoura||engagement ambassador - university of colorado,3126,2.75390625,False,3926,False
4131600009,woolpert||water resources design project engineer,3127,2.751953125,False,3927,False
5181857007,scoutmotors||customer solutions guide,3128,2.75,False,3931,False
4686273006,accenturefederalservices||cyber forensic specialist,3129,2.75,False,3930,False
4685355006,accenturefederalservices||security access control and alarm technician,3130,2.75,False,3929,False
8533357002,spacex||integration technician (fairings) - night shift,3131,2.748046875,False,3936,False
6108122004,"vailclinicincdbavailhealthhospital||inventory specialist, float",3132,2.748046875,False,3935,False
5197660008,"wppmedia||vice president, strategy",3133,2.748046875,False,3934,False
5181385007,"ians||head of enterprise gtm, mcp",3134,2.748046875,False,3933,False
4932950101,stabilityai||product design engineer - audio,3135,2.748046875,False,3932,False
7977663,ardentmc||cybersecurity engineer,3136,2.744140625,False,3941,False
4296180009,valaratomics||instrumentation & controls technician,3137,2.744140625,False,3939,False
6121622004,pathward||intern,3138,2.7421875,False,3943,False
5167280007,"scoutmotors||specialist, obd requirements engineer- testing",3139,2.7421875,False,3942,False
4694162006,accenturefederalservices||technical support specialist,3140,2.73828125,False,3944,False
8623621002,spacex||internal fleet driver,3141,2.736328125,False,3948,False
7804940003,metropolis||tax intern,3142,2.736328125,False,3947,False
6026667004,"rockbot||inside sales representative, advertising",3143,2.736328125,False,3946,False
4615496006,accenturefederalservices||information systems security officer,3144,2.736328125,False,3945,False
6112463004,googlefiber||hr application engineer,3145,2.734375,False,3951,False
4978015008,"wppmedia||vice president, commerce",3146,2.734375,False,3950,False
R46757,oshkoshcorporation|wd5|oshkosh||quality technician i,3147,2.732421875,False,3955,False
9314b850-7427-4ce0-b925-419308e44469,strala-ai||auto bodily injury claims adjuster,3148,2.732421875,False,3954,False
8449948002,spacex||crane operator,3149,2.732421875,False,3953,False
R0016290,astreya|wd5|life-at-astreya-opportunities||it infrastructure installation services ii,3150,2.73046875,False,3958,False
7609220003,cookunity||logistics driver,3151,2.73046875,False,3957,False
4346275007,"powerdigitalmarketing||fashion marketing & account management intern, fall 2026",3152,2.73046875,False,3956,False
7793176003,"relex||merchandising consultant, pricing and promotions – spanish fluency",3153,2.728515625,False,3960,False
5344003008,inspiraeducation||law school admissions consultant,3154,2.728515625,False,3959,False
R1742841,"cnx|wd1|external_global||specialist, facilities",3155,2.7265625,False,3964,False
7295176,ardentmc||mid-level cartographer,3156,2.7265625,False,3963,False
5997871004,monks||business analyst,3157,2.7265625,False,3962,False
7811659003,nlcventures||ceo | occlunova,3158,2.724609375,False,3965,False
5239218008,"just-global||supervisor, analytics",3159,2.71875,False,3967,False
4716418005,beyond||business development representative,3160,2.71875,False,3966,False
8050527,zuora||customer solutions engineer – payments,3161,2.716796875,False,3970,False
7918958,carvana||customer care advocate,3162,2.716796875,False,3969,False
8013287,mongodb||enablement delivery specialist,3163,2.71484375,False,3971,False
8455277002,cannondesign||health project planner v,3164,2.712890625,False,3975,False
5135044007,"scoutmotors||specialist, container management",3165,2.712890625,False,3974,False
4657345006,accenturefederalservices||cybersecurity tools administrator,3166,2.712890625,False,3973,False
4246695009,dedicatedit||it operations coordinator,3167,2.712890625,False,3972,False
8076834,formlabs||order management specialist,3168,2.7109375,False,3978,False
4716831005,legendcareers||maintenance specialist i/ii,3169,2.7109375,False,3977,False
8534992002,"spacex||cnc programmer, nx cam (starlink) - level 4/5",3170,2.708984375,False,3983,False
7811483003,ampsortation||shift supervisor,3171,2.708984375,False,3982,False
5248433008,"just-global||supervisor, omnichannel",3172,2.708984375,False,3981,False
5151853007,scoutmotors||direct procurement specialist – interior commodity complete seats,3173,2.708984375,False,3980,False
R-10399139,"fiserv|wd5|ext||quality assurance, reporting & operations analyst",3174,2.70703125,False,3985,False
4299803009,securitize||marketing operations,3175,2.70703125,False,3984,False
JR-202615717,generalmotors|wd5|careers_gm||cost engineer - material cost specialist,3176,2.705078125,False,3987,False
8608530002,suvoda||technical consultant i,3177,2.705078125,False,3986,False
8560542002,spacex||materials r&d technician,3178,2.703125,False,3991,False
5141678007,"scoutmotors||specialist, jis material planner",3179,2.703125,False,3989,False
4049424009,woolpert||site civil engineer pe,3180,2.703125,False,3988,False
8527554002,spacex||payroll analyst,3181,2.701171875,False,3992,False
7797969003,coverahealth||patient experience specialist,3182,2.69921875,False,3994,False
5362884008,csciconsulting||data integration & interface analyst,3183,2.69921875,False,3993,False
8476089002,"spacex||account specialist, starlink enterprise account management",3184,2.697265625,False,3999,False
8420929002,spacex||spaceport experience specialist,3185,2.697265625,False,3998,False
5889595004,perfectserve||shift operations coordinator - us remote,3186,2.697265625,False,3997,False
5152744007,"scoutmotors||specialist, material planner",3187,2.697265625,False,3996,False
5151908007,"scoutmotors||specialist, parts planning",3188,2.697265625,False,3995,False
R0016329,astreya|wd5|life-at-astreya-opportunities||it infrastructure operations engineer i,3189,2.6953125,False,4005,False
JR104862,calyx|wd1|perceptive||associate imaging research specialist,3190,2.6953125,False,4004,False
8544590002,spacex||insider threat analyst,3191,2.6953125,False,4003,False
8076059,ayahealthcare||locums recruiting associate,3192,2.6953125,False,4002,False
7770233003,sezzle||product qa tester — mid-level,3193,2.6953125,False,4001,False
4692666006,accenturefederalservices||sap car data transfer and audit consultant,3194,2.6953125,False,4000,False
5184717007,"scoutmotors||engineer, function development & calibration drivability",3195,2.69140625,False,4008,False
8049521,datadog||gtm operations associate,3196,2.689453125,False,4012,False
5223864008,apexcompanies||industrial hygienist,3197,2.689453125,False,4011,False
R0129134,hitachi|wd1|hitachi||scm analyst,3198,2.6875,False,4020,False
7504457003,cookunity||warehouse team member,3199,2.6875,False,4019,False
6121022004,"sidecarhealth||operations training specialist, claims",3200,2.6875,False,4018,False
5192369007,mcadams||cad technician,3201,2.6875,False,4017,False
5025008008,"wppmedia||associate vice president, media solutions",3202,2.6875,False,4016,False
4703824005,blackedgecapital||graduate quantitative trader,3203,2.6875,False,4015,False
4695686006,accenturefederalservices||proposal development center graphic designer,3204,2.6875,False,4014,False
4670120006,accenturefederalservices||sap governance risk and compliance (grc) process controls consultant,3205,2.6875,False,4013,False
8634179002,suvoda||associate global study coordinator,3206,2.68359375,False,4027,False
8632406002,anaplan||enterprise account executive - tmt,3207,2.68359375,False,4026,False
8579719002,spacex||mechanical superintendent,3208,2.68359375,False,4025,False
8512656002,spacex||emc/emi test technician,3209,2.68359375,False,4024,False
7602261,"coinbase||counsel, commercial",3210,2.68359375,False,4023,False
5191156007,reprofreedomforallinternships||fall 2026 development intern,3211,2.68359375,False,4022,False
5177422008,"wppmedia||vice president, marketplace and partnerships",3212,2.68359375,False,4021,False
5199597008,"wppmedia||associate vice president, marketplace and partnerships",3213,2.681640625,False,4028,False
5364693008,convenientmd||advanced practitioner (family nurse practitioner or physician assistant) - urgent care,3214,2.6796875,False,4029,False
WD225041,flextronics|wd1|careers||specialist – logistics,3215,2.677734375,False,4033,False
8485797002,"discord||data scientist, analytics",3216,2.677734375,False,4031,False
5160758007,"scoutmotors||specialist, procurement systems and processes",3217,2.67578125,False,4034,False
8436445002,spacex||elevator mechanic - level 4/5,3218,2.673828125,False,4037,False
7561736,roblox||core engine developer - systems,3219,2.673828125,False,4036,False
7295282,ardentmc||junior-level cartographer,3220,2.673828125,False,4035,False
R26_03606,regalrexnord|wd1|careers||quality engineer ii,3221,2.671875,False,4039,False
5160788007,"scoutmotors||engineer, whole vehicle test requirements and validation – body interior",3222,2.671875,False,4038,False
8064311,"taketwo||coordinator, people operations",3223,2.669921875,False,4041,False
7628843003,cookunity||kitchen technician,3224,2.66796875,False,4044,False
5365154008,pearceservices||advanced solar field service technician,3225,2.66796875,False,4043,False
5225381008,apexcompanies||junior-mid level industrial hygiene consultant,3226,2.66796875,False,4042,False
R26_02833,regalrexnord|wd1|careers||quality engineer,3227,2.666015625,False,4045,False
8038604,equipmentsharecom||cdl delivery driver - class b,3228,2.662109375,False,4046,False
7792862,roblox||workforce management analyst,3229,2.66015625,False,4049,False
6502727003,cookunity||product support engineer,3230,2.66015625,False,4048,False
6110705004,operationscareers||e-scooter delivery driver,3231,2.66015625,False,4047,False
c8d5b8ee-4da3-4c4c-a608-0fbbd60a7282,keyloop||knowledge management specialist,3232,2.658203125,False,4053,False
R-10399122,fiserv|wd5|ext||ecs email coordinator,3233,2.658203125,False,4052,False
7757578003,"revolutionmedicines||scientist ii, drug product",3234,2.658203125,False,4051,False
5285230008,icarus||operations & logistics associate,3235,2.658203125,False,4050,False
8457155002,spacex||hvac technician,3236,2.654296875,False,4055,False
8075798,carvana||automotive detailer / lot attendant,3237,2.65234375,False,4059,False
5363180008,hawthornemachineryco||machinery service technician/mechanic 1,3238,2.65234375,False,4058,False
4680069006,gongio||enterprise revenue architect,3239,2.65234375,False,4057,False
4678879006,gongio||enterprise growth revenue architect,3240,2.65234375,False,4056,False
8487596002,spacex||cnc programmer - level 4/5,3241,2.650390625,False,4065,False
4147236009,woolpert||project architect - healthcare specialized,3242,2.650390625,False,4061,False
8484090002,spacex||additive technician,3243,2.6484375,False,4067,False
4667228006,accenturefederalservices||government security personnel analyst,3244,2.6484375,False,4066,False
6510680003,neuralink||optical engineer,3245,2.646484375,False,4070,False
5364632008,wecommunications||receptionist,3246,2.646484375,False,4069,False
5198791008,roboforce||data collection operator- ai robotics,3247,2.646484375,False,4068,False
6007082004,freshprints||sales development representative,3248,2.64453125,False,4071,False
7769002,reddit||creative strategist - app dev,3249,2.642578125,False,4072,False
5146928007,"scoutmotors||executive assistant, ceo",3250,2.640625,False,4073,False
4676856006,accenturefederalservices||supply chain risk management specialist,3251,2.638671875,False,4074,False
4070401009,woolpert||bridge engineer,3252,2.63671875,False,4077,False
5854606004,"algolia||commercial account executive, dach",3253,2.634765625,False,4080,False
5087548007,"scoutmotors||specialist, direct procurement connectivity",3254,2.634765625,False,4079,False
4579771006,gongio||gtm sales recruiter,3255,2.634765625,False,4078,False
6115782004,assetliving||regional maintenance supervisor,3256,2.630859375,False,4083,False
4687994006,accenturefederalservices||sap inventory sub-ledger consultant,3257,2.630859375,False,4082,False
7735828003,cookunity||quality control supervisor,3258,2.62890625,False,4084,False
6119950004,freshprints||commercial insurance specialist,3259,2.626953125,False,4086,False
5232008008,"block||business development rep associate, new york city",3260,2.626953125,False,4085,False
R71307,medtronic|wd1|medtroniccareers||strategic sourcing specialist,3261,2.625,False,4088,False
5161693007,andurilindustries||electrical engineering lab supervisor,3262,2.625,False,4087,False
8626596002,spacex||barista,3263,2.623046875,False,4090,False
8533342002,spacex||integration technician (falcon operations) - night shift,3264,2.623046875,False,4089,False
7811783003,memic||business analyst,3265,2.62109375,False,4092,False
5224535008,"vaxcyte||associcate scientist ii (contract), drug product analytics",3266,2.62109375,False,4091,False
8517412002,spacex||information security analyst,3267,2.619140625,False,4093,False
8294804002,"spacex||welding technical trainer, gtaw",3268,2.6171875,False,4095,False
6006366004,epicgamesfrench||programmeur sénior en intelligence artificielle,3269,2.6171875,False,4094,False
8369864002,"spacex||tig welding trainer, gtaw",3270,2.61328125,False,4097,False
5185621007,"scoutmotors||direct procurement specialist, exterior commodity",3271,2.61328125,False,4096,False
8075919,carvana||entry-level automotive parts associate,3272,2.611328125,False,4098,False
8533475002,spacex||environmental health & safety professional,3273,2.609375,False,4102,False
7997545,"stripe||global filing specialist, tax",3274,2.609375,False,4101,False
5183503007,scoutmotors||direct procurement specialist – metal commodity,3275,2.609375,False,4100,False
5167256007,"scoutmotors||specialist, pre series management",3276,2.609375,False,4099,False
R5046239,gevernova|wd5|only_confidential_executive_recruiting||ser - site supervisor,3277,2.607421875,False,4106,False
7810249003,tinginternet||outside plant technician,3278,2.607421875,False,4105,False
7808538003,remotetcx||outside plant technician,3279,2.607421875,False,4104,False
5191580007,lpc||chief building engineer,3280,2.607421875,False,4103,False
R46443,oshkoshcorporation|wd5|oshkosh||quality engineer,3281,2.60546875,False,4107,False
5158418007,scoutmotors||failure resolution process specialist,3282,2.603515625,False,4109,False
5155520008,mcs||budtender - retail associate,3283,2.603515625,False,4108,False
8393626002,spacex||starlink aviation integration technician,3284,2.599609375,False,4112,False
5170130007,"scoutmotors||specialist, customs",3285,2.599609375,False,4111,False
7792650003,shopltk||integrations specialist,3286,2.59765625,False,4114,False
R-180095,republic|wd5|republic||diesel technician,3287,2.595703125,False,4119,False
8624109002,spacex||logistics technician,3288,2.595703125,False,4118,False
7808075003,abnormalsecurity||enterprise sales engineer - northeast,3289,2.595703125,False,4117,False
5255884008,skhynixamerica||physical security specialist,3290,2.595703125,False,4116,False
a0440273-238f-4774-aa9b-0c0adc5f4d30,pointclickcare||solutions analyst,3291,2.59375,False,4123,False
8467204002,aegworldwide||engineer- facility,3292,2.59375,False,4121,False
REF083191W,visa|wd5|visa||financial analyst,3293,2.591796875,False,4129,False
8567163002,"spacex||propulsion technician, raptor chamber and nozzle assembly",3294,2.591796875,False,4128,False
5364750008,dlrgroup||laboratory planner,3295,2.591796875,False,4126,False
4108177009,woolpert||mechanical engineer - mission critical data centers specialized,3296,2.591796875,False,4125,False
26023449,ghr|wd1|us-emplsv||financial solutions advisor registration candidate - downtown indianapolis financial center,3297,2.591796875,False,4124,False
8642596002,anaplan||enterprise account executive - retail,3298,2.58984375,False,4133,False
8440640002,optiverus||quantitative researcher – hft futures/equities,3299,2.58984375,False,4131,False
7783938003,cookunity||b2b - customer support specialist,3300,2.58984375,False,4130,False
5365598008,vscfiresecurityinc||fire sprinkler designer ll,3301,2.587890625,False,4136,False
5218714008,block||head of us public policy and government relations,3302,2.587890625,False,4135,False
4314205009,arcanaanalytics||sales development representative,3303,2.587890625,False,4134,False
8642124002,"thesciongroupllc||maintenance technician, full-time",3304,2.583984375,False,4140,False
4717110005,"nozominetworks||associate sales engineer, emea",3305,2.583984375,False,4139,False
R25_05746,regalrexnord|wd1|careers||manufacturing engineering technician,3306,2.580078125,False,4141,False
8168620002,axs||service desk technician ii,3307,2.578125,False,4142,False
4687331006,accenturefederalservices||corporate facility security officer,3308,2.576171875,False,4145,False
4674778006,accenturefederalservices||compliance/audit specialist,3309,2.576171875,False,4144,False
4131968009,woolpert||engineering technician,3310,2.576171875,False,4143,False
7950563,gassouth||service desk technician ii,3311,2.57421875,False,4148,False
6017437004,babylist||showroom host,3312,2.57421875,False,4147,False
7810099003,cookunity||sustainability team member - austin,3313,2.572265625,False,4151,False
4697888006,applovin||crm & lifecycle marketing specialist - growth marketing,3314,2.572265625,False,4150,False
4093274009,loganpremiumlogistics||customer sales representative,3315,2.572265625,False,4149,False
8563785002,digicert||product designer - 3 months contract,3316,2.5703125,False,4153,False
8408634002,spacex||fulfillment buyer,3317,2.5703125,False,4152,False
R0016276,astreya|wd5|life-at-astreya-opportunities||it infrastructure operations engineer ii,3318,2.568359375,False,4155,False
7421414,zuora||hris analyst - technical consultant workday,3319,2.568359375,False,4154,False
8558191002,spacex||hospitality supervisor,3320,2.56640625,False,4157,False
8509400002,spacex||jr. sous chef,3321,2.564453125,False,4161,False
7785960003,cookunity||accounting analyst,3322,2.564453125,False,4159,False
5361468008,spsnorthamerica||client services associate - mailroom,3323,2.564453125,False,4158,False
4095316009,woolpert||civil engineer - bridge design,3324,2.5625,False,4162,False
R103192,duboischemicals|wd1|external||technical service representative,3325,2.55859375,False,4168,False
8073626,greenthumbindustries||process engineer - extraction,3326,2.55859375,False,4166,False
8570230002,spacex||graphic designer,3327,2.556640625,False,4171,False
8026424,taskrabbit||partner onboarding specialist,3328,2.556640625,False,4170,False
6110905004,mercury||customer support systems & analytics architect,3329,2.556640625,False,4169,False
8601388002,spacex||launch pad technician (starship) - multiple shifts,3330,2.5546875,False,4172,False
5191077007,smaamerica||hr & talent acquisition coordinator,3331,2.55078125,False,4177,False
4556320008,offshorelaunch||customer service representative,3332,2.55078125,False,4176,False
8042395,urbancompass||chief information security officer,3333,2.548828125,False,4179,False
7810000003,ampsortation||maintenance supervisor,3334,2.548828125,False,4178,False
8013228,"redventures||book designer, trade publishing | lonely planet",3335,2.546875,False,4181,False
4716871005,place||financial analyst,3336,2.546875,False,4180,False
8544891002,cannondesign||construction administrator,3337,2.544921875,False,4184,False
7958993,urbancompass||office administrator,3338,2.544921875,False,4183,False
8399515002,spacex||it network engineer,3339,2.54296875,False,4186,False
8069979,equipmentsharecom||shop technician,3340,2.54296875,False,4185,False
cf00d3d5-f52a-415b-8df3-a11e500a4061,"mazedesign||head of gtm, research services",3341,2.541015625,False,4190,False
REF085107W,"visa|wd5|visa||analyst, government affairs",3342,2.541015625,False,4189,False
7807143003,cookunity||operations and merchant support associate,3343,2.541015625,False,4188,False
7732691003,paystand||vice president of corporate marketing,3344,2.541015625,False,4187,False
8048947,urbancompass||user research operations specialist,3345,2.5390625,False,4191,False
8075802,carvana||automotive detailer / lot attendant - 2nd shift,3346,2.537109375,False,4195,False
7529197003,cookunity||maintenance team member,3347,2.53515625,False,4197,False
4985448007,harbingermotors||fleet administrator,3348,2.53515625,False,4196,False
8608792002,gotion||ehs technician,3349,2.533203125,False,4200,False
5022152007,scoutmotors||direct procurement specialist – interior commodity,3350,2.533203125,False,4198,False
8178334002,aegworldwide||service desk technician ii- axs,3351,2.53125,False,4203,False
5181682007,"scoutmotors||feature partner – range extender (reev), specialist",3352,2.53125,False,4202,False
4688175006,accenturefederalservices||contract special security officer,3353,2.53125,False,4201,False
8527628002,cannondesign||health planner iii,3354,2.529296875,False,4206,False
8458702002,gotion||customs clearance specialist,3355,2.529296875,False,4205,False
5141661007,"scoutmotors||specialist, pre-series material planner - overseas parts",3356,2.529296875,False,4204,False
7868773,ardentmc||security operations center analyst,3357,2.52734375,False,4207,False
8418663002,spacex||supplier quality specialist - 3rd shift,3358,2.525390625,False,4209,False
8587138002,aegworldwide||talent development and learning analyst,3359,2.5234375,False,4211,False
8530284002,cannondesign||health project planner iv,3360,2.5234375,False,4210,False
R-10399189,"fiserv|wd5|ext||vice president, adoption marketing and automation",3361,2.51953125,False,4214,False
7735577,crunchyroll||head of ecommerce,3362,2.51953125,False,4213,False
6103250004,redwoodmaterials||it support specialist,3363,2.51953125,False,4212,False
JR105756,corrohealth|wd1|corro||profee coding quality specialist,3364,2.517578125,False,4217,False
8634612002,3redpartners||graduate trader,3365,2.517578125,False,4216,False
8055486,zuora||total rewards analyst,3366,2.517578125,False,4215,False
4978183008,"wppmedia||vice president, entertainment & sports",3367,2.515625,False,4218,False
JR4975,wellsky|wd1|wellskycareers||validation specialist,3368,2.513671875,False,4221,False
5016446008,res||water resources engineer iii - ecological restoration,3369,2.513671875,False,4220,False
4105433009,valaratomics||health physicist,3370,2.513671875,False,4219,False
6611878003,"a16z||partner 34, communications partner, bio",3371,2.51171875,False,4224,False
4698430006,jrmconstructionmanagementllc||superintendent,3372,2.51171875,False,4223,False
8609318002,addepar1||alternatives data operations analyst,3373,2.5078125,False,4226,False
8068753,velocityelectronics||sales assistant,3374,2.5078125,False,4225,False
JR040942,ms|wd5|private||intern,3375,2.498046875,False,4234,False
4284501009,vianttechnology||advertising operations coordinator - temp,3376,2.498046875,False,4229,False
8622428002,suvoda||sales development representive,3377,2.49609375,False,4238,False
8403125002,spacex||business analyst,3378,2.49609375,False,4237,False
8077178,carolinatitleloansinc||sales representative,3379,2.49609375,False,4236,False
6105387004,vailclinicincdbavailhealthhospital||project superintendent,3380,2.49609375,False,4235,False
8621275002,spacex||electrical engineer - instrumentation and controls,3381,2.494140625,False,4243,False
5174156007,scoutmotors||brand immersion program specialist,3382,2.494140625,False,4240,False
4284497009,vianttechnology||advertising operations coordinator,3383,2.494140625,False,4239,False
JR101953,nabancard|wd1|nab||client services representative,3384,2.490234375,False,4246,False
WD224752,flextronics|wd1|careers||analyst - procurement,3385,2.48828125,False,4250,False
5080364008,skhynixamerica||local community engagement specialist,3386,2.48828125,False,4248,False
4677071006,accenturefederalservices||security transformation practitioner,3387,2.48828125,False,4247,False
8610994002,aegworldwide||non-certified engineer,3388,2.486328125,False,4255,False
813c5847-01ca-4cf4-94d8-8ed26dd954c6,"raya||product designer, places",3389,2.486328125,False,4254,False
7811812003,ridgeline||investment operations analyst - reconciliation specialist,3390,2.486328125,False,4253,False
5722026004,acuitymd||enterprise account executive,3391,2.486328125,False,4252,False
4292521009,grvty||electrical engineer,3392,2.486328125,False,4251,False
5183361007,scoutmotors||communications operations specialist,3393,2.484375,False,4256,False
913f872d-ad0f-4258-80ee-5adbdcb749ee,pano-ai||head of public sector sales,3394,2.48046875,False,4259,False
8378521002,spacex||development test technician,3395,2.48046875,False,4258,False
5713075004,monks||chief creative officer,3396,2.48046875,False,4257,False
8047847,roblox||data center asset management specialist,3397,2.478515625,False,4260,False
6114884004,vailclinicincdbavailhealthhospital||medical assistant - family med,3398,2.4765625,False,4261,False
5362928008,csciconsulting||knowledge management analyst - change management,3399,2.474609375,False,4263,False
5172428007,mobentertainment||marketing video production designer,3400,2.474609375,False,4262,False
7574179003,cookunity||warehouse associate,3401,2.47265625,False,4264,False
8065500,doordashindia||real time analyst supervisor,3402,2.470703125,False,4266,False
5ededbe9-77d1-4d76-b872-e7f3d5987a87,radai||radiology transcriptionist,3403,2.470703125,False,4265,False
8497590002,spacex||hvac programmer,3404,2.46875,False,4269,False
5094672007,"scoutmotors||specialist, field monitoring - technical field data",3405,2.46875,False,4267,False
6016394004,epicgames||ui programmer,3406,2.466796875,False,4272,False
7744015,gusto||sales compensation analyst,3407,2.46484375,False,4274,False
7807077003,enviva||mechanical technician,3408,2.462890625,False,4277,False
7528519,"roku||ux product designer, frndly tv experience",3409,2.462890625,False,4276,False
4089035009,woolpert||hydrographic specialist,3410,2.462890625,False,4275,False
R10095606,airliquidehr|wd3|airliquideexternalcareer||product expert,3411,2.4609375,False,4281,False
7579809003,cookunity||logistics team member,3412,2.4609375,False,4280,False
7528108003,cookunity||food safety specialist,3413,2.4609375,False,4279,False
5362918008,csciconsulting||quality assurance analyst - onestream implementation,3414,2.4609375,False,4278,False
4715463005,goldenhippo||youtube pr intern,3415,2.45703125,False,4283,False
8498812002,spacex||welding inspector specialist,3416,2.455078125,False,4285,False
5047415008,fiveringsllc||campus full time - trading assistant,3417,2.455078125,False,4284,False
5148215007,"energysolutions||solar programs, application processing associate",3418,2.44921875,False,4290,False
5138676007,scoutmotors||document control specialist,3419,2.44921875,False,4289,False
4110676009,arcanaanalytics||data analyst,3420,2.44921875,False,4288,False
4673482006,accenturefederalservices||penetration tester,3421,2.447265625,False,4291,False
R186975,oreillyauto|wd1|oreilly||retail service specialist,3422,2.4453125,False,4293,False
6121491004,morganmorganjobsapplynow||accounting clerk,3423,2.4453125,False,4292,False
e4785435-12a7-4bac-a7f3-510825b5cfa3,lilt-production||ai training contributor - luxembourgish - remote,3424,2.443359375,False,4297,False
5978342004,"redwoodmaterials||functional safety engineer, energy storage",3425,2.443359375,False,4295,False
4698708006,akidolabs||physician assistant (physician associate) ripcmg,3426,2.443359375,False,4294,False
6291883,squarepointcapital||commercial operator,3427,2.44140625,False,4298,False
91870487-4047-4579-83bc-fd25625c9a90,bjakcareer||ui designer - ai neobank app,3428,2.439453125,False,4304,False
8523833002,spacex||tig welder (starship components) - 2nd shift,3429,2.439453125,False,4303,False
8074890,"webflow||associate general counsel, corporate",3430,2.439453125,False,4301,False
4695690006,accenturefederalservices||opentext data migration consultant,3431,2.439453125,False,4300,False
4186580009,industrialelectricmanufacturing||field service technician,3432,2.439453125,False,4299,False
JR135397,jdgroupnam|wd1|jdfl_corporate_careers||hardware support tech,3433,2.4375,False,4308,False
8643041002,guidepoint||executive recruiter,3434,2.4375,False,4307,False
8065127,urbancompass||account executive,3435,2.4375,False,4306,False
7588928003,cookunity||sanitation supervisor,3436,2.4375,False,4305,False
7931397,urbancompass||business development representative,3437,2.435546875,False,4312,False
5349526008,dlrgroup||architect,3438,2.435546875,False,4311,False
5160770007,scoutmotors||hiland requirements coordinator – drive systems,3439,2.435546875,False,4310,False
4683024006,adjustjobs||sales engineer,3440,2.435546875,False,4309,False
8623429002,spacex||logistics technician - 2nd shift,3441,2.43359375,False,4313,False
8516545002,spacex||weld support technician,3442,2.431640625,False,4316,False
8603155002,aegworldwide||client services specialist ii - theaters and residencies,3443,2.427734375,False,4321,False
8587099002,axs||client services specialist ii - theaters and residencies,3444,2.427734375,False,4320,False
8072742,fanduel||sports trader,3445,2.427734375,False,4319,False
8016767,doordashindia||quality assurance subject matter expert,3446,2.427734375,False,4318,False
451d78a1-6cba-4c40-9afc-d50322e5f8f9,hirehangar||growth & marketing associate,3447,2.427734375,False,4317,False
4324962009,grvty||cryptologic computer scientist level 1,3448,2.423828125,False,4324,False
31156761,"abbott|wd5|abbottcareers2||clinical sales specialist, structural heart - teer",3449,2.423828125,False,4323,False
WD225365,flextronics|wd1|careers||analyst - accounts payable,3450,2.421875,False,4326,False
6117093004,vailclinicincdbavailhealthhospital||maintenance specialist,3451,2.421875,False,4325,False
8612010002,suvoda||site support specialist,3452,2.416015625,False,4328,False
5364806008,vscfiresecurityinc||integrated systems technician,3453,2.416015625,False,4327,False
4047855009,encoura||engagement ambassador - university of delaware,3454,2.4140625,False,4329,False
4680234008,skhynixamerica||corporate counsel,3455,2.412109375,False,4330,False
6115602004,guidepointsecurity||microsoft security engineer- remote,3456,2.41015625,False,4339,False
5231999008,block||business development rep associate,3457,2.41015625,False,4332,False
7671051003,shopltk||data analyst,3458,2.408203125,False,4342,False
5189629007,scoutmotors||analyst transportation planning,3459,2.408203125,False,4341,False
8026778,alphasights||legal & compliance associate,3460,2.40625,False,4343,False
5365068008,pearceservices||sgre certified travel wind technician,3461,2.40234375,False,4345,False
7573864003,cookunity||marketplace associate,3462,2.3984375,False,4347,False
1f3c0997-899c-432d-8bd3-b2b9771866b8,solace||ux writer,3463,2.392578125,False,4348,False
8559862002,gotion||recruiting coordinator,3464,2.390625,False,4352,False
7805127003,cookunity||stand-up forklift operator & receiver,3465,2.390625,False,4350,False
5172043007,urpt||growth & development team assistant,3466,2.388671875,False,4353,False
8626902002,sponsorsforeducationalopportunity||10-11th grade advisory instructor,3467,2.38671875,False,4356,False
8613948002,"spacex||sourcing specialist, test hardware and equipment",3468,2.38671875,False,4355,False
7886349,roblox||support escalations specialist,3469,2.38671875,False,4354,False
ff4752ef-4866-4a3a-b40f-8f25f558edb8,strala-ai||subrogation claims adjuster,3470,2.384765625,False,4359,False
8505168002,gotion||metrology technician,3471,2.384765625,False,4358,False
7811724003,ridgeline||investment operations analyst - trade support,3472,2.384765625,False,4357,False
7810265003,"teachforall||ai specialist, global institute",3473,2.37890625,False,4360,False
8626918002,sponsorsforeducationalopportunity||10-11th grade ela instructor,3474,2.376953125,False,4362,False
8114761002,gotion||accounts payable accountant,3475,2.376953125,False,4361,False
8627066002,sponsorsforeducationalopportunity||10-11th grade ela associate instructor,3476,2.373046875,False,4364,False
R157728,ntrs|wd1|northerntrust||associate consultant,3477,2.369140625,False,4367,False
R0130107,hitachi|wd1|hitachi||cybersecurity professional,3478,2.3671875,False,4369,False
5183359007,"scoutmotors||specialist, hr operations",3479,2.3671875,False,4368,False
daadd87b-142a-4dbb-8a61-e371fac3c2a7,airdna||strategy & planning analyst,3480,2.365234375,False,4372,False
7869625,hubspotjobs||head of performance partnerships,3481,2.365234375,False,4370,False
8074805,renttherunway||corporate securities counsel,3482,2.36328125,False,4373,False
8621439002,spacex||physical security specialist,3483,2.361328125,False,4374,False
5993002004,"sidecarhealth||operations training specialist, member care",3484,2.35546875,False,4376,False
8643212002,centriaautism||entry level operations role,3485,2.353515625,False,4379,False
8071391,weinsteinproperties||maintenance technician - make ready,3486,2.353515625,False,4377,False
7812899,urbancompass||performance advisor,3487,2.3515625,False,4381,False
4217843009,guildgaragegroup||garage door technician,3488,2.3515625,False,4380,False
8468781002,gotion||hr coordinator,3489,2.34765625,False,4382,False
4646658006,instawork||inventory intern,3490,2.345703125,False,4383,False
6120117004,studsinc||sales associate,3491,2.34375,False,4385,False
ba26a6c7-af93-418e-8085-5c81b4769419,shopback-2||content specialist,3492,2.341796875,False,4389,False
7574167003,cookunity||fulfillment associate,3493,2.341796875,False,4388,False
5356075008,"vaxcyte||scientist ii, analytical development",3494,2.341796875,False,4387,False
5044546007,"scoutmotors||specialist, logistics training coordinator",3495,2.341796875,False,4386,False
8573885002,edgewoodpartnersinsurancecenter||financial planning and design coordinator with life insurance product expertise,3496,2.33984375,False,4392,False
8075649,equipmentsharecom||parts service sales representative,3497,2.33984375,False,4391,False
4313449009,ensafeinc||industrial wastewater engineer,3498,2.33984375,False,4390,False
5278108008,"theknotworldwide||associate, venue business",3499,2.3359375,False,4397,False
5164842007,"scoutmotors||specialist, control technician",3500,2.3359375,False,4396,False
7857818,roblox||facilities engineer,3501,2.333984375,False,4399,False
4274546009,industrialelectricmanufacturing||field service technician level iii,3502,2.333984375,False,4398,False
8641891002,financialtechnologypartners||equity research associate – fintech,3503,2.33203125,False,4404,False
8525400002,spacex||security analyst,3504,2.33203125,False,4403,False
8072170,onemedical||per diem family medicine physician assistant or nurse practitioner,3505,2.33203125,False,4402,False
8550946002,cannondesign||experiential graphic designer - entry level,3506,2.330078125,False,4405,False
8621675002,spacex||propulsion technician - raptor chamber & nozzle assembly & final assembly - 2nd shift,3507,2.328125,False,4407,False
R1552642,iqvia|wd1|iqvia||logistics analyst,3508,2.326171875,False,4409,False
R-248010,amgen|wd1|careers||encryption agility analyst,3509,2.326171875,False,4408,False
4326898009,lumimeds||customer service representative,3510,2.32421875,False,4410,False
8544478002,"spacex||commercial counsel, starlink",3511,2.3203125,False,4413,False
5344957008,help||residential plumber,3512,2.3203125,False,4411,False
8584666002,spacex||food services specialist - temporary,3513,2.318359375,False,4416,False
6099040004,forbes||designer,3514,2.318359375,False,4415,False
8066969,drweng||trading systems engineer - operations in prediction markets,3515,2.31640625,False,4418,False
4716876005,waymark||general counsel,3516,2.31640625,False,4417,False
R-138693,ferguson|wd1|ferguson_experienced||hr technology analyst,3517,2.314453125,False,4422,False
8636993002,vixxo||hvac trade specialist,3518,2.314453125,False,4421,False
8363101002,quberesearchandtechnologies||data center operations engineer,3519,2.314453125,False,4420,False
7906106,sweetgreen||assistant coach,3520,2.314453125,False,4419,False
eaf53e57-0876-48a2-a583-3c042470f409,simpleclosure||operations specialist,3521,2.3125,False,4424,False
6522736,datadog||strategic account executive,3522,2.310546875,False,4428,False
6004776004,epicgamesfrench||programmeur sénior en interface utilisateur,3523,2.310546875,False,4426,False
5165566007,rewardsnetwork||collections specialist,3524,2.310546875,False,4425,False
7811498003,ampsortation||maintenance mechanic technician,3525,2.30859375,False,4430,False
6104532004,redwoodmaterials||business operations associate,3526,2.30859375,False,4429,False
8060700,equipmentsharecom||service writer,3527,2.306640625,False,4436,False
7811504003,ampsortation||heavy equipment operator,3528,2.306640625,False,4435,False
4687378006,visiersolutionsinc||account executive,3529,2.306640625,False,4433,False
4088644009,woolpert||aerial sensor operator,3530,2.306640625,False,4432,False
3acf329a-c910-493d-bed4-13cb327b1406,campus||teaching assistant,3531,2.306640625,False,4431,False
R-248005,amgen|wd1|careers||encryption agility team architect,3532,2.302734375,False,4439,False
8031486,onemedical||primary care physician (spear street) - sign-on bonus available,3533,2.302734375,False,4438,False
4690548006,accenturefederalservices||events marketing specialist,3534,2.302734375,False,4437,False
5255334008,fiveringsllc||campus full time 2027 - quantitative trader,3535,2.30078125,False,4440,False
R26_2833,ameriprise|wd5|ameriprise||administrative assistant,3536,2.296875,False,4444,False
8031482,onemedical||primary care physician (financial district sutter) - sign-on bonus available,3537,2.296875,False,4443,False
37400eba-34ce-4b53-98a9-3be802c279c3,aisle||head of marketing,3538,2.296875,False,4442,False
8013340,urbancompass||marketing advisor,3539,2.294921875,False,4445,False
8538879002,"aegworldwide||la galaxy, account executive",3540,2.29296875,False,4446,False
8071206,vaynermedia||french strategist,3541,2.291015625,False,4451,False
8065547,onemedical||family medicine physician - domain northside,3542,2.291015625,False,4450,False
8055933,fanduel||ux researcher,3543,2.291015625,False,4449,False
4324509009,"kikoff||customer support supervisor, escalations & qa",3544,2.291015625,False,4448,False
4309014009,"woolpert||bim specialist, aviation & airports",3545,2.291015625,False,4447,False
8065548,onemedical||family medicine physician - south austin,3546,2.287109375,False,4455,False
6118869004,kimballequipmentcompany||parts delivery/warehouse specialist,3547,2.287109375,False,4453,False
5226372008,scopely||data analyst,3548,2.287109375,False,4452,False
4274197009,attentive||program coordinator,3549,2.28515625,False,4456,False
7928914,toast||capital underwriting specialist ii,3550,2.283203125,False,4457,False
8579716002,spacex||electrical superintendent,3551,2.28125,False,4458,False
5254125008,kurosbiosciencesinc||us operator,3552,2.279296875,False,4459,False
R0026354,elanco|wd5|external_career||patent agent,3553,2.27734375,False,4460,False
8070330,urbancompass||growth marketing operations coordinator,3554,2.275390625,False,4461,False
7b75d95c-ddea-4031-add9-80e7b4c33dc5,captivateiq||account executive - enterprise,3555,2.2734375,False,4463,False
JR6154597,rollsroyce|wd3|professional||mechanical design engineer,3556,2.26953125,False,4465,False
8642273002,questbridge||data analyst,3557,2.267578125,False,4467,False
8293362002,gotion||general counsel,3558,2.267578125,False,4466,False
ea2dd0a4-5e45-4c85-b2f6-7bf7c593ac11,higharc||solutions consultant - estimate,3559,2.265625,False,4472,False
4347847007,tubescience52||analyst,3560,2.265625,False,4469,False
4005204009,arcanaanalytics||portfolio data analyst,3561,2.265625,False,4468,False
8639190002,spacex||tig welder (starship) - 2nd shift,3562,2.26171875,False,4474,False
8633422002,spacex||critical lift & transport technician,3563,2.26171875,False,4473,False
WD225396,flextronics|wd1|careers||analyst - gbs procurement,3564,2.259765625,False,4478,False
R1557180,"iqvia|wd1|iqvia||scientist, lab operations",3565,2.259765625,False,4477,False
5183464007,"scoutmotors||garage e/e technician, specialist",3566,2.259765625,False,4475,False
7767671,onemedical||family physician - sign-on bonus available,3567,2.2578125,False,4481,False
5191428007,mcadams||survey cad technician,3568,2.2578125,False,4480,False
4094229009,woolpert||survey crew chief,3569,2.2578125,False,4479,False
071f5d3d-570d-44df-83c0-3866e14524e4,"directive||account strategist, paid media",3570,2.255859375,False,4483,False
8622863002,sponsorsforeducationalopportunity||executive and program assistant,3571,2.25390625,False,4485,False
6121383004,aloyoga||operations associate (part-time) - palmer square,3572,2.251953125,False,4488,False
4919552007,homemarketfoods||maintenance mechanic ii - 1st shift plus $5000 bonus,3573,2.251953125,False,4487,False
4250756009,arcanaanalytics||client solutions associate,3574,2.251953125,False,4486,False
R72260,medtronic|wd1|medtroniccareers||chemist i,3575,2.25,False,4492,False
8025877,greenthumbindustries||order fulfillment technician,3576,2.25,False,4491,False
R0138784,hitachi|wd1|hitachi||instructional designer – nam training and development,3577,2.248046875,False,4495,False
8540412002,aegworldwide||creative marketing design specialist,3578,2.248046875,False,4494,False
5174541007,urpt||talent acquisition partner,3579,2.248046875,False,4493,False
8072130,simplisafe||financial systems analyst ii,3580,2.24609375,False,4496,False
6008159004,"treelinebiosciences||vice president, head of quality assurance",3581,2.244140625,False,4499,False
5162394007,dorsia||hospitality analyst,3582,2.244140625,False,4498,False
8065617,onemedical||per diem physician assistant or nurse practitioner,3583,2.2421875,False,4502,False
7843793,"reformation||sales supervisor, full-time - boston",3584,2.2421875,False,4500,False
8068521,stripe||head of self-serve paid media,3585,2.240234375,False,4505,False
7796320003,cookunity||sustainability operator - la,3586,2.240234375,False,4504,False
8451922002,modernhealth||product security engineer,3587,2.23828125,False,4507,False
6001637004,"epicgames||game designer, activities",3588,2.236328125,False,4508,False
7689134003,higherlogic||contract specialist,3589,2.232421875,False,4509,False
8583931002,"spacex||supervisor, porter",3590,2.23046875,False,4510,False
5134376007,veracyte||data scientist iii - temporary,3591,2.2265625,False,4511,False
8639548002,mediaalpha||data scientist iv,3592,2.224609375,False,4514,False
6098225004,"aloyoga||associate product developer, accessories",3593,2.224609375,False,4512,False
"Otis Elevator Co India Ltd. SAKAR – IX, Sixth Floor Unit Nos. 617 & 618, Beside Old Reserve Bank Of India, Near City Gold, Ashram Road, Ahmedabad 380 009, Gujarat-India",otis|wd5|rec_ext_gateway||executive field service,3594,2.220703125,False,4518,False
REQ53662,masco|wd1|masco||cybersecurity analyst - operations technology,3595,2.216796875,False,4522,False
8071528,onemedical||family nurse practitioner or physician assistant- sign on bonus available,3596,2.216796875,False,4520,False
4205046009,"headlandsresearch||physician, md/do - clinical research",3597,2.216796875,False,4519,False
5101421007,veracyte||bioinformatics research scientist ii,3598,2.21484375,False,4523,False
5318577008,spsnorthamerica||courier route driver floater,3599,2.212890625,False,4524,False
8074797,onemedical||phlebotomist,3600,2.2109375,False,4526,False
5286435008,everagtester||payroll administrator,3601,2.2109375,False,4525,False
8586495002,axiscompany||mechanical engineer levels 2,3602,2.208984375,False,4527,False
5362997008,armstrongtransportgroup||corporate counsel,3603,2.205078125,False,4529,False
4324794009,guildgaragegroup||garage door technician apprentice,3604,2.205078125,False,4528,False
8065336,"toast||territory account executive, smb",3605,2.203125,False,4532,False
5832672004,submittable||enterprise account executive,3606,2.203125,False,4530,False
8001961,urbancompass||marketing specialist,3607,2.19921875,False,4533,False
R-10399073,fiserv|wd5|ext||fraud/risk analyst,3608,2.197265625,False,4534,False
JR37371,dyson|wd3|dyson_careers||dyson expert - swansea morfa curry's,3609,2.1953125,False,4537,False
8548098002,"spacex||customer support associate, bilingual - ukrainian",3610,2.1953125,False,4536,False
4234579009,loganpremiumlogistics||carrier sales agent,3611,2.1953125,False,4535,False
JR00040947,abb|wd3|external_career_page||sales specialist - plc & automation,3612,2.193359375,False,4541,False
JR-202615665,generalmotors|wd5|careers_gm||mechanical journeyperson (machine repair) - pontiac ppo,3613,2.193359375,False,4540,False
8594523002,spacex||comsec analyst,3614,2.193359375,False,4539,False
7681972003,cookunity||onboarding coordinator,3615,2.193359375,False,4538,False
8016528,onemedical||primary care physician (noe valley) - sign-on bonus available,3616,2.19140625,False,4542,False
7796342003,sezzle||it operations analyst,3617,2.1875,False,4543,False
8031487,onemedical||primary care physician (transbay center) - sign-on bonus available,3618,2.185546875,False,4545,False
8026766,fanduel||media associate,3619,2.185546875,False,4544,False
5050371004,thevascularcaregroup||clinical research coordinator,3620,2.18359375,False,4546,False
8604755002,spacex||employee experience specialist,3621,2.181640625,False,4550,False
8054370,onemedical||per diem family medicine nurse practitioner or physician assistant,3622,2.181640625,False,4549,False
7791809,urbancompass||sales development representative,3623,2.181640625,False,4548,False
5148698007,"veracyte||system administrator, lab operation support",3624,2.181640625,False,4547,False
7785784,roblox||quality analyst,3625,2.177734375,False,4551,False
R-10399114,fiserv|wd5|ext||analyst – transaction monitoring operations,3626,2.171875,False,4554,False
8423849002,spacex||process operator specialist - level 4/5,3627,2.16796875,False,4558,False
8077236,carvana||entry-level automotive detailer / lot attendant post production,3628,2.16796875,False,4557,False
6010434004,cannondale||design engineer i - gravel,3629,2.16796875,False,4556,False
8052626,onemedical||family nurse practitioner or physician assistant,3630,2.166015625,False,4562,False
7815302,tripactions||business travel consultant ii,3631,2.166015625,False,4561,False
6010428004,cannondale||design engineer i - mountain bikes,3632,2.1640625,False,4563,False
7918161,onemedical||primary care nurse practitioner or physician assistant - dc metro center office,3633,2.158203125,False,4569,False
5058962008,flip||recruiting coordinator,3634,2.158203125,False,4568,False
4313877009,kikoff||customer support escalations specialist,3635,2.158203125,False,4567,False
R0021734,"ascensushr|wd1|ascensuscareers||financial analyst, 529 back office - india",3636,2.15625,False,4572,False
8638121002,sponsorsforeducationalopportunity||10th grade scholars advisor,3637,2.15625,False,4571,False
6010373004,cannondale||3d cad specialist,3638,2.154296875,False,4573,False
7628262003,cookunity||warehouse logistics coordinator,3639,2.15234375,False,4574,False
8188198002,suvoda||account executive,3640,2.150390625,False,4577,False
8072261,onemedical||per diem primary care nurse practitioner or physician assistant,3641,2.150390625,False,4576,False
6022313004,amarok||field service technician,3642,2.14453125,False,4579,False
8016524,onemedical||primary care physician (pacific heights) - sign-on bonus available,3643,2.142578125,False,4581,False
R1541160,iqvia|wd1|iqvia||snr reg affairs officer,3644,2.138671875,False,4586,False
8628980002,spacex||crane operator - 2nd shift,3645,2.138671875,False,4585,False
7537283003,"cookunity||vice president, growth marketing",3646,2.138671875,False,4583,False
7168914,"toast||territory account executive , smb",3647,2.138671875,False,4582,False
5360932008,simpluris||disbursement analyst,3648,2.134765625,False,4589,False
4118102009,woolpert||electrical engineer,3649,2.134765625,False,4588,False
7807564003,"abnormalsecurity||financial analyst, marketing",3650,2.130859375,False,4591,False
8016531,onemedical||primary care physician (mission valencia) - sign-on bonus available,3651,2.12890625,False,4598,False
7800504003,sezzle||graphic designer,3652,2.12890625,False,4597,False
5254151008,iovancebiotherapeutics||aseptic manufacturing technician i - day shift a [contract to hire],3653,2.12890625,False,4593,False
94473fc3-79db-4f39-935f-ab43dce387d6,valeriehealth||customer strategy,3654,2.126953125,False,4599,False
8072035,equipmentsharecom||telematics installer,3655,2.125,False,4601,False
7768909003,sofi||investment specialist ii,3656,2.125,False,4600,False
R00210398,alliance|wd3|nissanjobs||maintenance technician,3657,2.123046875,False,4603,False
5825151004,vailclinicincdbavailhealthhospital||mammography tech,3658,2.123046875,False,4602,False
8052625,onemedical||family medicine physician,3659,2.119140625,False,4605,False
8051321,lendingtree||paid social media buyer and analyst,3660,2.119140625,False,4604,False
ebc2451c-856e-42ab-be2e-278c26b41d08,directive||paid social strategist (remote us)- future opening,3661,2.115234375,False,4607,False
8550958002,cannondesign||experiential graphic designer ib,3662,2.115234375,False,4606,False
5365634008,spsnorthamerica||workplace experience coordinator,3663,2.11328125,False,4609,False
8642714002,calm||partnerships designer,3664,2.111328125,False,4611,False
8053344,onemedical||phlebotomist/front desk,3665,2.111328125,False,4610,False
8075956,carvana||mid-level automotive parts associate,3666,2.109375,False,4615,False
7612260,piaggiofastforward||mechanical engineering machinist,3667,2.109375,False,4612,False
8071536,onemedical||family medicine physician- sign on bonus available,3668,2.107421875,False,4619,False
4716378005,goldenhippo||email automation intern,3669,2.107421875,False,4618,False
4697235006,accenturefederalservices||cybersecurity incident response triage ir analyst,3670,2.107421875,False,4617,False
4271526009,headlandsresearch||accounts payable specialist,3671,2.107421875,False,4616,False
5189190007,rvi||landscape designer,3672,2.10546875,False,4623,False
4204723009,formativgroup||aladdin technical consultant - front office,3673,2.10546875,False,4622,False
8633366002,"smcp||retail keyholder, sandro meatpacking",3674,2.103515625,False,4626,False
8550124002,"aegworldwide||la galaxy academy, academic tutor",3675,2.103515625,False,4625,False
JR-202614296,generalmotors|wd5|careers_gm||mechanical journeyperson (toolmaker) - flint naetc,3676,2.1015625,False,4630,False
8029260,onemedical||per diem nurse practitioner or physician assistant - south lake union,3677,2.1015625,False,4628,False
4715609005,ensono||commercial counsel,3678,2.1015625,False,4627,False
8016517,onemedical||primary care physician (burlingame) - sign-on bonus available,3679,2.099609375,False,4631,False
8642702002,thesciongroupllc||maintenance technician,3680,2.09765625,False,4634,False
8072224,onemedical||practice coordinator,3681,2.09765625,False,4633,False
4324959009,oura||paid search specialist,3682,2.09765625,False,4632,False
5191073007,harborglobal||data quality professional,3683,2.095703125,False,4635,False
8071510,onemedical||nurse practitioner or physician assistant- sign on bonus available,3684,2.09375,False,4640,False
6008718004,rushstreetinteractive||technical compliance analyst,3685,2.09375,False,4637,False
5364394008,spsnorthamerica||client service associate,3686,2.09375,False,4636,False
8072040,onemedical||per diem family nurse practitioner or physician assistant,3687,2.091796875,False,4641,False
8d19b8fb-498b-4e93-9aae-c308c8be1dfa,directive||paid media strategist,3688,2.087890625,False,4647,False
8077409,onemedical||primary care physician - downtown seattle - sign on bonuses available!,3689,2.087890625,False,4646,False
8070490,fwdus||web intern,3690,2.087890625,False,4644,False
5224232008,trueclassicteesllc||creative strategist,3691,2.0859375,False,4649,False
R0132455,hitachi|wd1|hitachi||treasury analyst,3692,2.083984375,False,4655,False
7979827,"flatironhealth||associate, business operations",3693,2.083984375,False,4652,False
PT-JR040497,"ms|wd5|private||analyst, p1, community affairs : job level - analyst",3694,2.08203125,False,4658,False
8619966002,"spacex||sourcing specialist, contracts",3695,2.080078125,False,4659,False
5363291008,thatch||event marketing associate,3696,2.078125,False,4660,False
8016516,onemedical||primary care physician (castro) - sign-on bonus available,3697,2.076171875,False,4665,False
7773740003,breezeairways||materials specialist,3698,2.076171875,False,4662,False
6108879004,zyngacareers||concept artist,3699,2.076171875,False,4661,False
8016529,onemedical||primary care physician (duboce triangle) - sign-on bonus available,3700,2.07421875,False,4667,False
R000072506,chevron|wd5|jobs||geopolitical risk analyst - maritime and transnational,3701,2.072265625,False,4671,False
8600112002,spacex||security officer 3,3702,2.072265625,False,4670,False
8031493,onemedical||primary care physician (clay) - sign-on bonus available,3703,2.072265625,False,4669,False
4031094009,arcanaanalytics||it support engineer,3704,2.072265625,False,4668,False
7848412,onemedical||family medicine nurse practitioner or physician assistant,3705,2.0703125,False,4672,False
8297933002,gotion||general accountant,3706,2.068359375,False,4677,False
8077403,onemedical||primary care physician - south lake union - sign on bonuses available!,3707,2.068359375,False,4676,False
1371a363-ff11-4123-a24a-255a3633668f,directive||paid social strategist (remote canada) - future opening,3708,2.068359375,False,4674,False
8550544002,modernhealth||data analyst,3709,2.06640625,False,4681,False
8072217,onemedical||primary care physician,3710,2.06640625,False,4680,False
8016525,onemedical||primary care physician (cow hollow) - sign-on bonus available,3711,2.06640625,False,4679,False
7808402003,smxtech||cyber security engineer,3712,2.06640625,False,4678,False
5072804008,hoodhp||technical sanitation specialist,3713,2.0625,False,4683,False
R-10399092,fiserv|wd5|ext||credit risk analyst,3714,2.060546875,False,4689,False
8641143002,tecovas||sales associate,3715,2.060546875,False,4688,False
8612130002,"spacex||supervisor, security protective operations center",3716,2.060546875,False,4687,False
7974231,onemedical||family nurse practitioner or physician assistant - sign-on bonus available,3717,2.060546875,False,4684,False
7810007003,strategichr||edi supervisor,3718,2.05859375,False,4692,False
5365362008,vscfiresecurityinc||fire sprinkler service technician,3719,2.05859375,False,4691,False
5191407007,tegnainc||motion graphic designer,3720,2.05859375,False,4690,False
8031488,onemedical||primary care physician (two embarcadero center) - sign-on bonus available,3721,2.056640625,False,4695,False
8516568002,spacex||apprentice weld support technician,3722,2.0546875,False,4696,False
8627488002,spacex||environmental health & safety technician,3723,2.05078125,False,4701,False
8499362002,dialpad||product and privacy counsel,3724,2.048828125,False,4706,False
8022280,carvana||car detailer,3725,2.048828125,False,4704,False
5969084004,aloyoga||operations associate (part-time) - stonebriar centre,3726,2.048828125,False,4702,False
8628973002,tecovas||sales associate - green hills,3727,2.046875,False,4707,False
R26_03755,regalrexnord|wd1|careers||maintenance technician 1st shift,3728,2.044921875,False,4710,False
ac23b101-7664-4ba4-a70e-71cd13020d6d,vanta||people operations specialist,3729,2.041015625,False,4714,False
7651504003,shopmonkey||sales development representative,3730,2.033203125,False,4716,False
8339587002,spacex||spacecraft cleanliness technician,3731,2.03125,False,4722,False
7960696,"carvana||customer advocate i, vm, market operations",3732,2.03125,False,4720,False
4088135009,woolpert||construction survey crew chief,3733,2.03125,False,4718,False
5781512004,bondvet||dvm student ambassador,3734,2.02734375,False,4723,False
8627395002,spacex||development test technician - 2nd shift,3735,2.0234375,False,4732,False
7947913,"roblox||law enforcement and digital safety specialist, nevada",3736,2.0234375,False,4729,False
5779295004,kimballequipmentcompany||parts delivery/warehouse associate,3737,2.0234375,False,4728,False
JR107138,hfecorp|wd503|palace_jobs||dutch wonderland inn maintenance,3738,2.021484375,False,4734,False
8077391,onemedical||primary care physician - capitol hill - sign on bonuses available!,3739,2.021484375,False,4733,False
7994509,urbancompass||enterprise account executive,3740,2.01953125,False,4735,False
8075819,equipmentsharecom||yard technician,3741,2.015625,False,4736,False
7782560003,neuralink||construction superintendent,3742,2.013671875,False,4739,False
6121237004,premiermedical||front desk receptionist,3743,2.013671875,False,4738,False
4086779009,coolwillys||dispatch,3744,2.013671875,False,4737,False
8071531,onemedical||per diem nurse practitioner or physician assistant,3745,2.01171875,False,4743,False
8071491,equipmentsharecom||heavy equipment shop technician,3746,2.01171875,False,4742,False
7783083003,cookunity||menu planning analyst,3747,2.01171875,False,4741,False
5199037008,championsgroupholdings||hvac maintenance/sales trainer,3748,2.01171875,False,4740,False
R9184,onedigital|wd5|onedigital||claims and implementation specialist - remote,3749,2.009765625,False,4744,False
7798870003,truebill||creative strategist,3750,2.0078125,False,4746,False
4691739005,"thenewyorktimes||express reporter, pacific region",3751,2.0078125,False,4745,False
8031656,onemedical||nurse practitioner or physician assistant,3752,2.005859375,False,4747,False
7980606,mongodb||payroll tax analyst,3753,2.0,False,4751,False
5755320004,vailclinicincdbavailhealthhospital||surgical tech,3754,2.0,False,4750,False
4697311006,iterativehealth||provider growth specialist - cardiology,3755,2.0,False,4749,False
8639959002,"smcp||retail sales supervisor, sandro/maje at bloomingdale's soho",3756,1.9990234375,False,4753,False
8542033002,cannondesign||interior designer ii,3757,1.9990234375,False,4752,False
8598203002,"aegworldwide||la galaxy academy, performance coach",3758,1.99609375,False,4756,False
8055910,onemedical||family nurse practitioner or physician assistant (cow hollow) - sign-on bonus available,3759,1.994140625,False,4757,False
R4043003,gehc|wd5|gehc_externalsite||field service engineer 2 multi-modality,3760,1.9931640625,False,4758,False
4135605009,li-thermal-works||field service technician,3761,1.9912109375,False,4759,False
8629078002,honor||business development advisor,3762,1.990234375,False,4760,False
8643057002,later||influencer development specialist,3763,1.9892578125,False,4762,False
4703820005,blackedgecapital||quantitative trader intern,3764,1.9892578125,False,4761,False
5365552008,spsnorthamerica||facilities associate,3765,1.9873046875,False,4763,False
8617827002,sponsorsforeducationalopportunity||online learning specialist,3766,1.986328125,False,4766,False
7991479,equipmentsharecom||pm field technician (mechanic) - core solutions,3767,1.986328125,False,4764,False
8022890,"carvana||automotive mechanic – high-volume shop with $4,000+ bonus",3768,1.9853515625,False,4767,False
8553703002,spacex||hospitality specialist,3769,1.9833984375,False,4770,False
6120139004,pfm||regulatory and site start up specialist,3770,1.98046875,False,4774,False
6120137004,precisionmedicinegroup||regulatory and site start up specialist,3771,1.98046875,False,4773,False
8318794002,cannondesign||interior designer iii,3772,1.9794921875,False,4776,False
8044281,onemedical||physician - family medicine - sign-on bonus available,3773,1.978515625,False,4778,False
7856888,"roblox||data analyst, operations",3774,1.9765625,False,4779,False
8055905,onemedical||expanded care family nurse practitioner or physician assistant,3775,1.9736328125,False,4780,False
8428315002,spacex||nde inspector trainee (starship) - temporary,3776,1.9716796875,False,4782,False
7782218003,shopmonkey||customer support representative - u.s. based,3777,1.970703125,False,4783,False
8642780002,suvoda||travel & customer service coordinator,3778,1.9697265625,False,4785,False
7996532,"redventures||visual designer, contractor | lonely planet",3779,1.9697265625,False,4784,False
8049007,"toast||territory account executive , retail",3780,1.96875,False,4786,False
6117107004,"vailclinicincdbavailhealthhospital||care technician, patient care unit",3781,1.962890625,False,4790,False
R32803,allstate|wd5|allstate_careers||nest supplement appraiser,3782,1.9599609375,False,4792,False
8031527,onemedical||nurse practitioner or physician assistant (mission valencia) - sign-on bonus available,3783,1.95703125,False,4794,False
369a6e96-26df-4c46-b877-0505aabd5dfc,"scribe||account executive, mid market",3784,1.955078125,False,4796,False
5160726007,scoutmotors||corporate paralegal,3785,1.9521484375,False,4798,False
8031655,onemedical||nurse practitioner or physician assistant - capitol hill,3786,1.951171875,False,4803,False
8031507,onemedical||nurse practitioner or physician assistant (hayes valley) - sign-on bonus available,3787,1.951171875,False,4802,False
7974220,onemedical||nurse practitioner or physician assistant - sign-on bonus available,3788,1.951171875,False,4800,False
7867878,onemedical||family medicine nurse practitioner,3789,1.951171875,False,4799,False
8031517,onemedical||nurse practitioner or physician assistant (inner sunset) - sign-on bonus available,3790,1.9501953125,False,4805,False
8622749002,spacex||comsec responsible officer,3791,1.9482421875,False,4807,False
7554877,datadog||security sales engineer,3792,1.9482421875,False,4806,False
8049852,carvana||vehicle inspector,3793,1.9462890625,False,4813,False
5364865008,raptortechnologies||installation technician,3794,1.9462890625,False,4811,False
4400641004,crescent||forklift operator,3795,1.9453125,False,4814,False
5301144008,strongpointpartners||retirement plan consultant,3796,1.943359375,False,4815,False
R113310,lithia|wd5|lithiacareers||service technician,3797,1.94140625,False,4820,False
8629373002,spacex||it network administrator,3798,1.94140625,False,4819,False
8516852002,spacex||orbital tube welder,3799,1.94140625,False,4818,False
5205083008,splootveterinarycare||veterinarian,3800,1.9404296875,False,4821,False
7785584003,cookunity||culinary administrative support specialist,3801,1.935546875,False,4825,False
8076948,hydritechemicalco||maintenance mechanic- 3rd shift,3802,1.93359375,False,4827,False
8028584,"carvana||customer advocate i, vm, market operations - garden city vending machine",3803,1.9296875,False,4830,False
5166120007,eikontherapeutics||total rewards analyst,3804,1.9296875,False,4828,False
4222301009,corviascorporateservicesllc||maintenance technician i,3805,1.927734375,False,4831,False
8031501,onemedical||nurse practitioner or physician assistant (castro) - sign-on bonus available,3806,1.9248046875,False,4834,False
8031503,onemedical||nurse practitioner or physician assistant (clay st) - sign-on bonus available,3807,1.9228515625,False,4836,False
8031529,onemedical||nurse practitioner or physician assistant (pacific heights) - sign-on bonus available,3808,1.919921875,False,4838,False
5978264004,vailclinicincdbavailhealthhospital||rn cath lab,3809,1.919921875,False,4837,False
8076878,renttherunway||corporate paralegal,3810,1.9189453125,False,4840,False
7591922,onemedical||lab services specialist/ member support specialist,3811,1.9189453125,False,4839,False
8071534,onemedical||primary care physician - sign on bonus available,3812,1.91796875,False,4841,False
8635665002,spacex||security concierge,3813,1.9169921875,False,4843,False
8112883002,gotion||legal counsel,3814,1.9169921875,False,4842,False
8409072002,spacex||cnc maintenance technician (starship components) - 2nd shift,3815,1.9140625,False,4847,False
8038348,onemedical||family medicine physician - sign-on bonus available,3816,1.9130859375,False,4848,False
7800587003,"sofi||insurance agent, protect - west coast shift",3817,1.912109375,False,4849,False
8031505,onemedical||nurse practitioner or physician assistant (duboce triangle) - sign-on bonus available,3818,1.91015625,False,4850,False
R141786,oreillyauto|wd1|oreilly||delivery specialist,3819,1.9091796875,False,4852,False
8076826,greenthumbindustries||flower technician,3820,1.9091796875,False,4851,False
8065715,urbancompass||agent experience coordinator,3821,1.90625,False,4853,False
8589035002,spacex||environmental specialist,3822,1.9052734375,False,4855,False
5192157007,birdygrey||office coordinator,3823,1.9052734375,False,4854,False
8635721002,cannondesign||legal counsel ii,3824,1.900390625,False,4858,False
5124401007,veracyte||pre-analytical supervisor,3825,1.8974609375,False,4860,False
8031504,onemedical||nurse practitioner or physician assistant (cow hollow) - sign-on bonus available,3826,1.896484375,False,4861,False
8052380,"toast||territory account executive, retail - columbus north",3827,1.8955078125,False,4862,False
8591149002,axs||payment reconciliation coordinator,3828,1.89453125,False,4866,False
f60b0b25-3c06-4ef0-8357-0d4333d47442,hirehangar||customer onboarding & training specialist,3829,1.8935546875,False,4867,False
8552234002,cannondesign||experiential graphic designer ii,3830,1.8896484375,False,4871,False
8053309,alkujobs||personnel services coordinator,3831,1.8876953125,False,4872,False
8031534,onemedical||nurse practitioner or physician assistant (transbay center) - sign-on bonus available,3832,1.8857421875,False,4876,False
8044274,onemedical||primary care physician - adult medicine,3833,1.884765625,False,4878,False
7507105,"toast||territory account executive, retail",3834,1.884765625,False,4877,False
8627181002,sponsorsforeducationalopportunity||10-11th grade,3835,1.8837890625,False,4881,False
5190185007,energysolutions||helpdesk technician ii,3836,1.8837890625,False,4879,False
6121350004,precisionmedicinegroup||clinical research associate ii,3837,1.8818359375,False,4885,False
25dff7cf-2a35-4f6c-b768-f6f9a8a8048e,solace||creative copywriter,3838,1.8818359375,False,4884,False
8567856002,aegworldwide||la kings - head athletic trainer,3839,1.8759765625,False,4890,False
8379501002,spacex||mixologist,3840,1.8759765625,False,4889,False
6121361004,pfm||clinical research associate ii,3841,1.8740234375,False,4891,False
8014796,sweetgreen||quality assurance specialist,3842,1.873046875,False,4895,False
7861971,"toast||territory account executive, retail - new york metro",3843,1.873046875,False,4892,False
8548138002,gotion||hr business partner/employee relations specialist,3844,1.8720703125,False,4897,False
7804629003,freedomcare||field care specialist i,3845,1.87109375,False,4898,False
5152760007,veracyte||sustaining lab intern,3846,1.8701171875,False,4899,False
8055244,"toast||territory account executive, retail - south pittsburgh",3847,1.8671875,False,4903,False
8053325,onemedical||float phlebotomist / front desk,3848,1.8671875,False,4902,False
89e8c629-36d6-48a3-9b64-0a48d290f36c,acorns||data analyst i,3849,1.8642578125,False,4904,False
4299365009,nationallifeinsurancecompany||new business case management specialist - mandarin speaking,3850,1.8623046875,False,4905,False
R5046152,gevernova|wd5|only_confidential_executive_recruiting||partenaire bilingue en acquisition de talents / bilingual talent acquisition partner,3851,1.861328125,False,4906,False
8047291,"toast||territory account executive, retail - baltimore",3852,1.8583984375,False,4907,False
4697702006,triumvirateenvironmental||environmental specialist,3853,1.8525390625,False,4910,False
5349550008,spsnorthamerica||receptionist,3854,1.8486328125,False,4913,False
8026391,"toast||territory account executive, retail - nashville: east",3855,1.84765625,False,4915,False
4299355009,nationallifeinsurancecompany||new business case management specialist - spanish speaking,3856,1.845703125,False,4916,False
8643213002,centriaautism||center administrator,3857,1.8447265625,False,4918,False
8055429,"toast||territory account executive, retail - pensacola",3858,1.8427734375,False,4924,False
8053761,"toast||territory account executive, retail - kansas city east",3859,1.8427734375,False,4923,False
8026758,"alphasights||legal & compliance, research compliance associate",3860,1.8427734375,False,4922,False
6118950004,vailclinicincdbavailhealthhospital||surgical technologist - seasonal,3861,1.8427734375,False,4921,False
R-280888,mastercard|wd1|corporatecareers||executive assistant,3862,1.841796875,False,4926,False
7967039,onemedical||medical assistant,3863,1.841796875,False,4925,False
7863460,toast||head of people technology,3864,1.8408203125,False,4927,False
8067483,"toast||territory account executive, retail - bentonville/ft. smith",3865,1.83984375,False,4928,False
8075580,carvana||auto body paint prepper,3866,1.8388671875,False,4930,False
8047274,"toast||territory account executive, retail - alaska",3867,1.8310546875,False,4941,False
8505413002,spacex||hr generalist,3868,1.830078125,False,4945,False
8034797,onemedical||primary care physician - sign-on bonus available,3869,1.830078125,False,4943,False
6008098004,epicgames||technical designer in animation,3870,1.8271484375,False,4948,False
1694375,datadog||commercial account executive,3871,1.8271484375,False,4946,False
8581427002,spacex||hr business partner,3872,1.82421875,False,4955,False
8010230,"toast||territory account executive, retail - tulsa",3873,1.82421875,False,4954,False
5365764008,bellbros||drain technician,3874,1.822265625,False,4959,False
8639486002,dialpad||partner marketing coordinator,3875,1.8212890625,False,4960,False
8048977,"toast||territory account executive, retail - tallahassee",3876,1.8203125,False,4961,False
JR36708,dyson|wd3|dyson_careers||direct retail marketing executive,3877,1.8173828125,False,4965,False
8047289,"toast||territory account executive, retail - harrisburg",3878,1.8173828125,False,4964,False
7842769,"toast||territory account executive, retail - salt lake city",3879,1.8134765625,False,4969,False
4691402006,bestpass||customer service representative,3880,1.8115234375,False,4972,False
8049262,"toast||territory account executive, retail - scranton",3881,1.810546875,False,4973,False
7997981,urbancompass||transaction coordinator,3882,1.806640625,False,4977,False
4254906009,headlandsresearch||phlebotomist - clinical research assistant,3883,1.806640625,False,4976,False
8049241,equipmentsharecom||low voltage technician,3884,1.8056640625,False,4979,False
8642079002,"smcp||sales associate, maje meatpacking",3885,1.8046875,False,4985,False
8070633,accela||account executive,3886,1.8046875,False,4984,False
4326130009,grvty||target digital network analyst 1,3887,1.8046875,False,4980,False
4697991006,specialty1||accounts payable specialist,3888,1.8037109375,False,4986,False
4714438005,goldenhippo||testimonial video editor intern,3889,1.802734375,False,4988,False
8639546002,spacex||property tax analyst,3890,1.7998046875,False,4991,False
8047293,"toast||territory account executive, retail - cambridge/somerville",3891,1.7978515625,False,4994,False
7576807,"toast||territory account executive, retail - fairfield/bridgeport/danbury",3892,1.796875,False,4998,False
4717111005,keeleyconstruction||traveling superintendent,3893,1.796875,False,4997,False
7963220,"roblox||law enforcement and digital safety specialist, west virginia",3894,1.794921875,False,5001,False
8077408,equipmentsharecom||heavy equipment field technician,3895,1.79296875,False,5008,False
5755336004,vailclinicincdbavailhealthhospital||surgical technologist,3896,1.79296875,False,5007,False
8055259,"toast||territory account executive, retail - east cleveland",3897,1.78515625,False,5017,False
7930749,"toast||territory account executive, retail - sioux falls",3898,1.78515625,False,5016,False
7963253,"monzo||people partner, operations",3899,1.7841796875,False,5022,False
7705800,"toast||territory account executive, retail - south texas",3900,1.78125,False,5024,False
6117651004,"stokespacetechnologies||environmental, health, safety (ehs) specialist",3901,1.779296875,False,5028,False
6112574004,supplyhouse||junior accountant,3902,1.7744140625,False,5032,False
7815811,"toast||territory account executive, retail - fort worth",3903,1.7734375,False,5034,False
R2613925,medline|wd5|medline||analyst prime vendor,3904,1.7705078125,False,5041,False
4251468009,vianttechnology||account executive,3905,1.7705078125,False,5040,False
3e1c0b02-7e92-470a-95ae-f7aaf76bdf33,dandy||training enablement specialist,3906,1.76953125,False,5042,False
RQ113670,bpinternational|wd3|bpcareers||gbs crm process analyst accelerator,3907,1.7685546875,False,5044,False
R17476,clarioclinical|wd1|clarioclinical_careers||medical & scientific affairs advisor,3908,1.765625,False,5047,False
8075592,carvana||auto body airbrush technician,3909,1.765625,False,5046,False
4710192005,lisc||program officer (po) – wealth building and workforce development,3910,1.765625,False,5045,False
8048975,"toast||territory account executive , retail - winston",3911,1.7646484375,False,5049,False
8075730,carvana||automotive technician - post production- (2nd shift) monday - thursday - diff + $6k bonus,3912,1.76171875,False,5053,False
5364796008,spsnorthamerica||front desk receptionist,3913,1.76171875,False,5051,False
R0000043698,parexel|wd1|parexel_external_careers||laboratory technician i,3914,1.7607421875,False,5055,False
7686448003,cookunity||sustainability associate,3915,1.7607421875,False,5054,False
8055241,"toast||territory account executive, retail - morgantown wv",3916,1.759765625,False,5057,False
8031514,"onemedical||nurse practitioner or physician assistant, hiv medicine (castro) - sign-on bonus available",3917,1.755859375,False,5060,False
8074719,humaninterest||compliance qc specialist,3918,1.7548828125,False,5063,False
4688271006,adjustjobs||account executive,3919,1.7548828125,False,5061,False
7741590003,smxtech||network administrator,3920,1.75,False,5066,False
5362895008,csciconsulting||data transmission analyst,3921,1.7490234375,False,5067,False
7847347,carvana||vehicle delivery driver- 4 day work week!,3922,1.7451171875,False,5070,False
7808085003,crfamilyofcompanies||technical writer,3923,1.7412109375,False,5072,False
8019018,reddit||creative strategist - finance,3924,1.7392578125,False,5074,False
4691031006,onbe||product marketing specialist,3925,1.7373046875,False,5077,False
5364771008,phizenix||asic design engineer,3926,1.736328125,False,5078,False
5252699008,trueclassicteesllc||part time sales associate,3927,1.7353515625,False,5079,False
8378571002,cannondesign||electrical assessor ii,3928,1.732421875,False,5081,False
6105392004,vailclinicincdbavailhealthhospital||par/pct - vail urgent care,3929,1.7294921875,False,5082,False
5295829002,insightrx||clinical applications specialist,3930,1.7275390625,False,5083,False
R4043832,gehc|wd5|gehc_externalsite||biomed technician ii,3931,1.7265625,False,5085,False
R189795,maersk|wd3|maersk_careers||industrial trainee,3932,1.7255859375,False,5086,False
4254956009,headlandsresearch||medical assistant - research assistant,3933,1.72265625,False,5087,False
R1550216,iqvia|wd1|iqvia||scientist,3934,1.7216796875,False,5088,False
8047287,"toast||territory account executive, retail - el paso",3935,1.720703125,False,5089,False
5257072008,cannabisandglass||walk-in retail associate - budtender,3936,1.7197265625,False,5090,False
4289963009,valaratomics||legal counsel,3937,1.71484375,False,5092,False
7806935003,berkadia||real estate analyst,3938,1.712890625,False,5094,False
5191475007,sandiegocommunitypower||rates analyst,3939,1.712890625,False,5093,False
R26-5068,rockwellautomation|wd1|external_rockwell_automation||maintenance technician - 2nd shift,3940,1.7080078125,False,5097,False
7946929,carvana||vehicle delivery driver - 4 day work week!,3941,1.705078125,False,5100,False
7847323,carvana||customer service delivery advocate- 4 day work week!,3942,1.705078125,False,5098,False
8064589,toast||retail account executive - la: long beach,3943,1.703125,False,5101,False
8599825002,spacex||information system security officer,3944,1.7021484375,False,5106,False
8047672,onemedical||float phlebotomist/administrative assistant,3945,1.7001953125,False,5108,False
8044902,toast||accounting specialist,3946,1.7001953125,False,5107,False
8046303,morganfranklinconsultingllc||human resources business partner,3947,1.69921875,False,5109,False
6011473004,vailclinicincdbavailhealthhospital||medical records technician,3948,1.6982421875,False,5110,False
8575267002,spacex||proposal specialist,3949,1.6962890625,False,5112,False
R-147237,"nttlimited|wd3|ntt_careers||data privacy officer, apac",3950,1.6953125,False,5115,False
8030691,onemedical||phlebotomist / administrative assistant,3951,1.6953125,False,5113,False
7809685003,seed||head of influencer,3952,1.6923828125,False,5117,False
5361271008,spsnorthamerica||office services specialist,3953,1.6923828125,False,5116,False
55dbe93d-c886-43ec-93d4-d6786a0f474c,zeely||education partner,3954,1.6884765625,False,5118,False
8031361,carvana||experienced automotive technician - post production,3955,1.6865234375,False,5120,False
5362830008,csciconsulting||pmo support analyst,3956,1.685546875,False,5122,False
7847348,carvana||customer delivery driver- 4 day work week!,3957,1.6845703125,False,5124,False
6119863004,millervein||registered vascular technologist,3958,1.6845703125,False,5123,False
8433665002,cannondesign||mechanical assessor iii,3959,1.68359375,False,5125,False
7778351,carvana||customer service delivery driver,3960,1.681640625,False,5127,False
6606638003,coherehealth||workforce management analyst,3961,1.681640625,False,5126,False
4091997009,headlandsresearch||clinical research coordinator,3962,1.6806640625,False,5128,False
7922914,urbancompass||recruiter,3963,1.6796875,False,5129,False
8075018,lush||part time sales ambassador - west acres,3964,1.6767578125,False,5131,False
7791656003,prizepicks||game operations analyst - trading optimization,3965,1.6748046875,False,5132,False
R5026743,envista|wd1|envistacareers||dexis regional technical specialist,3966,1.673828125,False,5133,False
7851543,"toast||bilingual territory account executive , retail (spanish) - san antonio: west",3967,1.6728515625,False,5134,False
8067922,carvana||vehicle delivery driver,3968,1.671875,False,5137,False
8054528,fanduel||commercial marketing associate,3969,1.671875,False,5136,False
7863267,carvana||customer service delivery driver- 4 day work week!,3970,1.669921875,False,5138,False
5177671007,"inhometherapy||physical therapist, pt",3971,1.666015625,False,5141,False
5365479008,unlimitedtechnology||traveling security technician,3972,1.6650390625,False,5144,False
6121612004,vailclinicincdbavailhealthhospital||nursing supervisor - prn,3973,1.6611328125,False,5145,False
5186469007,urpt||recruiting operations & executive support specialist,3974,1.6591796875,False,5147,False
R1558083,iqvia|wd1|iqvia||lab associate,3975,1.658203125,False,5151,False
6413393,urbancompass||new development on-site leasing licensed administrator,3976,1.658203125,False,5150,False
4694165006,concentric||corporate security community ambassador,3977,1.658203125,False,5149,False
7842664,carvana||4 day work week! - customer service delivery driver,3978,1.6572265625,False,5152,False
R606936,circlek|wd3|circlekstorejobs||customer service representative,3979,1.6533203125,False,5155,False
5169185007,veracyte||inventory management specialist,3980,1.65234375,False,5156,False
5980209004,"vailclinicincdbavailhealthhospital||care tech, shaw radiation oncology",3981,1.6513671875,False,5159,False
8049015,onemedical||float medical assistant,3982,1.6494140625,False,5161,False
8618476002,aegworldwide||security officer full-time,3983,1.6484375,False,5164,False
5502849004,vailclinicincdbavailhealthhospital||inpatient behavioral health tech (bht) - prn,3984,1.6474609375,False,5165,False
5139028007,veracyte||molecular technician,3985,1.646484375,False,5166,False
8430198002,aegworldwide||security supervisor - internal only,3986,1.6455078125,False,5168,False
5677543004,"khealthcareers||weekdays | primary care physician (fm/im) | imlc or fl, ma, nj, ny, or, tx, wi, mn, ia | remote",3987,1.64453125,False,5170,False
04631c0b-ee28-482d-baaa-15e6c918bbf1,roshalimaging||ultrasound technologist,3988,1.64453125,False,5169,False
8069228,"synack||security analyst, part-time",3989,1.642578125,False,5172,False
8068235,onemedical||float member support specialist,3990,1.642578125,False,5171,False
7802727003,otterbein||maintenance tech,3991,1.63671875,False,5176,False
9512,velera|wd5|veleracareers||quality assurance consultant (client delivery experience) - remote,3992,1.6357421875,False,5180,False
8044190,carvana||customer service vehicle delivery driver,3993,1.6357421875,False,5179,False
7957742,carvana||customer service delivery driver - 4 day work week!,3994,1.6357421875,False,5177,False
5985937004,forbes||temporary social designer,3995,1.630859375,False,5182,False
8065374,onemedical||float phlebotomist / administrative assistant-fidi,3996,1.6279296875,False,5185,False
73b6953f-c63c-40c9-a913-26049ebe9e6e,jobs-page-4dc2685b-eb82-46d1-a3f9-1f0764dba814||general counsel @ accrete,3997,1.625,False,5186,False
7805102003,crfamilyofcompanies||helpdesk data analyst,3998,1.6240234375,False,5187,False
98c59304-10da-4e75-a4c9-e705b53b235f,"coalfire||associate, vulnerability assessment",3999,1.623046875,False,5190,False
8076683,"convene||av technician, live events",4000,1.623046875,False,5189,False
8049973,"carvana||experienced auto painter (2nd shift) - $6,000 bonus",4001,1.623046875,False,5188,False
8027383,carvana||dealership attendant,4002,1.62109375,False,5193,False
4698094006,concentric||executive protection agent,4003,1.62109375,False,5192,False
7901676,carvana||customer delivery driver - 4 day work week!,4004,1.6201171875,False,5194,False
6121457004,charliehealth||business development coordinator,4005,1.6171875,False,5196,False
4313204009,headlandsresearch||laboratory coordinator / phlebotomist,4006,1.615234375,False,5198,False
8323441002,spacex||corporate counsel,4007,1.6103515625,False,5200,False
5206266008,cannabisandglass||retail associate - budtender,4008,1.6083984375,False,5201,False
8627075002,sponsorsforeducationalopportunity||10-11th grade math associate instructor,4009,1.6064453125,False,5206,False
8594579002,spacex||classified cyber assurance analyst,4010,1.60546875,False,5207,False
5755327004,vailclinicincdbavailhealthhospital||operating room technician,4011,1.603515625,False,5209,False
5090869007,veracyte||scientist i,4012,1.603515625,False,5208,False
7767207003,olympusproperty||maintenance technician - olympus fenwick,4013,1.6005859375,False,5210,False
7967027,onemedical||phlebotomist / administrative assistant - el segundo,4014,1.5986328125,False,5212,False
7778337,carvana||customer service delivery advocate,4015,1.59765625,False,5213,False
8075019,internaljobsatlush||part time sales ambassador - west acres,4016,1.5966796875,False,5215,False
4279482009,loganpremiumlogistics||carrier sales representative,4017,1.595703125,False,5216,False
7958185,onemedical||phlebotomist / administrative assistant - west hollywood,4018,1.59375,False,5218,False
8009949,onemedical||part time medical assistant,4019,1.5927734375,False,5219,False
5235548008,"ophelia||associate, clinical operations",4020,1.591796875,False,5221,False
8433636002,cannondesign||mechanical assessor ii,4021,1.5908203125,False,5224,False
4695706006,accenturefederalservices||pricing analyst,4022,1.587890625,False,5228,False
8060350,carvana||customer vehicle delivery ambassador,4023,1.5869140625,False,5230,False
6641292003,cookunity||quality assurance associate,4024,1.5849609375,False,5231,False
8053498,"carvana||customer advocate i, delivery, market operations",4025,1.5810546875,False,5236,False
8611037002,aegworldwide||human resources coordinator - temp,4026,1.580078125,False,5237,False
7778326,carvana||customer delivery driver,4027,1.576171875,False,5238,False
7863270,carvana||customer service vehicle delivery driver - 4 day work week!,4028,1.5751953125,False,5241,False
JR26-0983,publicpartnerships|wd1|ppl||medicaid billing clerk,4029,1.57421875,False,5245,False
6121129004,experigreen||technician ii - turfmen lawns,4030,1.5712890625,False,5251,False
5677552004,"khealthcareers||weekends | primary care physician (fm/im) | imlc or fl, ma, nj, ny, or, tx, wi, mn, ia | remote",4031,1.5712890625,False,5250,False
5362601008,cc||community engagement coordinator,4032,1.5693359375,False,5254,False
4955284007,rvi||planner,4033,1.5673828125,False,5257,False
R-180112,republic|wd5|republic||chemical processing operator i,4034,1.56640625,False,5259,False
8427546002,spacex||accounts payable specialist,4035,1.56640625,False,5258,False
4326697009,"nightingalecollege||specialist iii, kit operations",4036,1.5654296875,False,5260,False
7931133,toast||bilingual hybrid development representative - mandarin,4037,1.564453125,False,5262,False
7992640,toast||bilingual hybrid development representative - thai,4038,1.5634765625,False,5275,False
7810204003,olympusproperty||maintenance technician - montair at somerset hill,4039,1.5634765625,False,5274,False
9fa6a696-7025-4e47-898a-94fb9bcedf1b,meridianlink||client support specialist ii,4040,1.5615234375,False,5279,False
7953121002,"aegworldwide||la galaxy, youth programs coach - juniors and skills",4041,1.560546875,False,5283,False
a625ca50-a673-4c54-bfa2-f6edb6111f32,pennylane||expert support technique h/f,4042,1.5595703125,False,5287,False
4112953009,"vianttechnology||head of industry, travel",4043,1.5595703125,False,5286,False
R-025837,columbiasportswearcompany|wd5|retail||retail sales associate,4044,1.5576171875,False,5290,False
7862653,carvana||customer service delivery advocate - 4 day work week!,4045,1.5576171875,False,5289,False
8574025002,spacex||youth activities specialist,4046,1.5556640625,False,5293,False
8076658,inizio||workday business analyst,4047,1.548828125,False,5300,False
7979870,carvana||customer service & delivery advocate,4048,1.5478515625,False,5301,False
8573889002,centriaautism||north grand rapids- center administrator,4049,1.544921875,False,5304,False
7959361,onemedical||phlebotomist / administrative assistant - long beach,4050,1.544921875,False,5303,False
5355987008,americaninstitutesforresearch||medicaid and prescription drug data analyst,4051,1.5390625,False,5308,False
5137287007,veracyte||clinical research associate,4052,1.5361328125,False,5313,False
JR-0091825,kiongroup|wd3|kion_scs||electro-mechanical technician level 4,4053,1.53515625,False,5318,False
8590437002,"teamrubicon||associate, operations (east branch) - northeast tx/ok",4054,1.533203125,False,5321,False
8001468,carvana||customer service delivery,4055,1.533203125,False,5320,False
4698274006,vegaamericas||instructional content specialist,4056,1.533203125,False,5319,False
5344724008,jensenhughes||consultant - fire safety & emergency management,4057,1.5322265625,False,5322,False
7444317,carvana||vehicle delivery advocate,4058,1.529296875,False,5327,False
8603539002,sonymusicentertainment||content creator (latin music) - awal,4059,1.5283203125,False,5330,False
7810313003,grayscaleinvestments||cybersecurity engineer,4060,1.5283203125,False,5329,False
8551902002,janestreet||securities financing specialist,4061,1.52734375,False,5331,False
6121473004,guidepointsecurity||field marketing specialist,4062,1.5263671875,False,5332,False
7612709,carvana||customer service delivery advocate 4- day work week!,4063,1.525390625,False,5334,False
8066771,toast||account recovery agent,4064,1.5234375,False,5340,False
5291544008,"theknotworldwide||new business field sales representative, portuguese market",4065,1.5234375,False,5338,False
8031389,onemedical||float phlebotomist / administrative assistant-meatpacking,4066,1.5224609375,False,5341,False
8065562,onemedical||float phlebotomist / administrative assistant-upper east side,4067,1.521484375,False,5343,False
6119183004,natera||medical science liaison,4068,1.5205078125,False,5344,False
8068081,carvana||customer service advocate,4069,1.5185546875,False,5348,False
8014349,carvana||vehicle delivery driver - long island ny - patchogue,4070,1.513671875,False,5355,False
8026787,carvana||customer service delivery advocate - hartford,4071,1.5068359375,False,5359,False
4321221009,headlandsresearch||nurse practitioner or physician assistant - clinical research,4072,1.5068359375,False,5358,False
6113759004,vailclinicincdbavailhealthhospital||security specialist - days,4073,1.5029296875,False,5362,False
8614142002,cortica||operations administrator,4074,1.501953125,False,5367,False
R2026070094,tarkett|wd3|tsp_careers||lift truck operator,4075,1.4990234375,False,5371,False
8042112,carvana||customer advocate part-time,4076,1.498046875,False,5372,False
5152339007,veracyte||clinical lab scientist (contract) - 1st shift,4077,1.494140625,False,5374,False
8060849,lush||casual sales ambassador - del amo,4078,1.4931640625,False,5377,False
5994544004,vailclinicincdbavailhealthhospital||occupational health care technician,4079,1.4921875,False,5378,False
7863276,carvana||customer vehicle delivery ambassador - 4 day work week!,4080,1.48046875,False,5381,False
4895529101,moniepoint||people business partner,4081,1.478515625,False,5384,False
8569964002,cannondesign||electrical assessor iii,4082,1.4775390625,False,5386,False
6016674004,simplepractice55||support specialist,4083,1.4775390625,False,5385,False
7943816,carvana||customer service vehicle delivery driver- 4 day work week!,4084,1.4716796875,False,5389,False
8074560,lush||casual sales ambassador - bridgewater commons,4085,1.46875,False,5395,False
4307554009,headlandsresearch||phlebotomist / laboratory technician,4086,1.462890625,False,5410,False
5529809004,corcepttherapeutics||clinical sales specialist (cs) - jacksonville south,4087,1.4619140625,False,5411,False
8196938002,aegworldwide||security officer part-time,4088,1.4609375,False,5415,False
5978353004,corcepttherapeutics||clinical sales specialist,4089,1.4609375,False,5413,False
5848429004,corcepttherapeutics||clinical sales specialist (cs) - houston southwest,4090,1.4521484375,False,5422,False
4045939007,aviatornation||retail sales associate,4091,1.44921875,False,5425,False
5185718007,veracyte||clinical lab scientist (contract) - 2nd shift,4092,1.4482421875,False,5426,False
6114519004,optimadermatologycareers||medical receptionist,4093,1.443359375,False,5429,False
JR-032375,centerstone|wd5|centerstonecareers||office professional ccbhc,4094,1.4423828125,False,5434,False
8641906002,allcareers||front desk and operations administrator,4095,1.4423828125,False,5433,False
8056709,oscar||case management rn,4096,1.4375,False,5437,False
7958315,carvana||customer vehicle delivery driver - 4 day work week!,4097,1.435546875,False,5438,False
8014302,carvana||security associate - 3rd shift,4098,1.4296875,False,5440,False
4313142009,headlandsresearch||pharmacy coordinator,4099,1.4267578125,False,5441,False
6109894004,centrumhealth||bilingual front desk receptionist,4100,1.4248046875,False,5443,False
5286986008,arizonaliverhealth||ar process strategist,4101,1.423828125,False,5444,False
8014303,carvana||customer service delivery advocate - long island ny - patchogue,4102,1.4208984375,False,5447,False
6119953004,millervein||medical technician,4103,1.4169921875,False,5450,False
6117208004,envoyglobalinc||immigration specialist,4104,1.4140625,False,5451,False
84e0c928-1267-452f-bc89-a673df0876e5,big-leap-health||coding specialist,4105,1.4091796875,False,5467,False
6121142004,koalafi||customer and merchant advocacy team (cmat) case agent,4106,1.408203125,False,5468,False
8567815002,"spacex||corporate counsel, securities",4107,1.40625,False,5474,False
7894733,roblox||junior incident and investigations specialist,4108,1.4052734375,False,5476,False
4716737005,virtru||security governance risk & compliance (grc) analyst,4109,1.4052734375,False,5475,False
8633435002,sonymusicentertainment||executive assistant – latin regional office,4110,1.4033203125,False,5480,False
JR102935,djeholdings|wd5|edelman-careers-e200||temporary experience designer,4111,1.40234375,False,5482,False
7804480003,smxtech||pacom tactical mission network trainer,4112,1.4013671875,False,5483,False
7993168,carvana||experienced auto mechanic tech- 1st shift,4113,1.3994140625,False,5494,False
8390355002,spacex||benefits coordinator,4114,1.3935546875,False,5505,False
4314651009,ivxhealth||front desk coordinator,4115,1.3916015625,False,5507,False
5728060004,vailclinicincdbavailhealthhospital||mri technologist,4116,1.3896484375,False,5508,False
8075660,carvana||auto mechanic tech - diagnostics - 1st shift (monday to friday) bonus $4k (b-level) $6k,4117,1.388671875,False,5516,False
R003137,"endo|wd1|external||technical assistant, warehouse",4118,1.38671875,False,5518,False
8500905002,"mboothhealth||executive vice president, marketing communications",4119,1.38671875,False,5517,False
7667288,carvana||customer service delivery specialist,4120,1.384765625,False,5520,False
4324707009,guildgaragegroup||garage door sales consultant,4121,1.384765625,False,5519,False
8022316,carvana||customer advocate field operations,4122,1.3837890625,False,5521,False
8067162,clever||strategic account executive,4123,1.3818359375,False,5524,False
6031056004,epicgamesfrench||chef d'équipe de la sous-traitance en modélisation,4124,1.37890625,False,5529,False
R192605,oreillyauto|wd1|oreilly||parts specialist,4125,1.375,False,5531,False
7810448003,freedomcare||caregiver support specialist,4126,1.3720703125,False,5534,False
6001532004,vailclinicincdbavailhealthhospital||radiology technologist - flex,4127,1.3720703125,False,5533,False
5977329004,corcepttherapeutics||clinical sales specialist (cs) - washington d.c. east,4128,1.3701171875,False,5535,False
8048744,onemedical||flex phlebotomist / administrative assistant,4129,1.3662109375,False,5544,False
6121526004,focuspartnerswealth||advisory team associate,4130,1.3662109375,False,5543,False
7612707,carvana||customer delivery driver 4- day work week!,4131,1.365234375,False,5545,False
7784520003,kyowakirinusa90||north america head of medical affairs operations & excellence,4132,1.36328125,False,5546,False
R26_00705,regalrexnord|wd1|careers||maintenance technician -2nd or 3rd shift,4133,1.359375,False,5549,False
7701413,carvana||customer advocate delivery driver,4134,1.359375,False,5547,False
8075165,bbyo||associate talent services,4135,1.353515625,False,5552,False
JR0000108989,ivytech|wd1|ivy_tech_careers||assistant registrar - data analyst,4136,1.3525390625,False,5553,False
R-0000180202,rbc|wd3|rbcglobal1||trade surveillance analyst,4137,1.3466796875,False,5558,False
8627145002,sponsorsforeducationalopportunity||10-11th grade math instructor,4138,1.3466796875,False,5557,False
5803037004,vailclinicincdbavailhealthhospital||cath lab technologist,4139,1.3447265625,False,5560,False
8604744002,"spacex||supervisor, security",4140,1.3427734375,False,5564,False
4246773009,headlandsresearch||research assistant / patient recruitment,4141,1.3427734375,False,5563,False
8022420,carvana||security associate - 2nd shift,4142,1.337890625,False,5568,False
8624498002,spacex||instrumentation & controls technician - 2nd shift,4143,1.3369140625,False,5569,False
4322651009,comstock||security officer,4144,1.333984375,False,5572,False
4515001008,fiveringsllc||experienced/lateral - compliance analyst,4145,1.33203125,False,5573,False
5131570007,veracyte||genomic specialist (commercial sales) - virginia,4146,1.3310546875,False,5574,False
8074561,internaljobsatlush||casual sales ambassador - bridgewater commons,4147,1.3271484375,False,5576,False
REQ520252,jll|wd1|jllcareers||sales coordinator,4148,1.32421875,False,5579,False
8636916002,centriaautism||junior facilities stager,4149,1.32421875,False,5578,False
8626611002,centriaautism||community outreach specialist (inside sales)- virginia,4150,1.3173828125,False,5582,False
8552428002,spacex||instrumentation & controls technician,4151,1.3125,False,5584,False
8627035002,sponsorsforeducationalopportunity||10th-11th grade math associate instructor,4152,1.30859375,False,5588,False
5793676004,vailclinicincdbavailhealthhospital||retail pharmacy tech - prn,4153,1.30859375,False,5587,False
5173306007,veracyte||clinical lab scientist,4154,1.30859375,False,5586,False
7708603003,abclegalservices||legal process server,4155,1.3046875,False,5591,False
5183602007,urpt||patient care coordinator,4156,1.3046875,False,5589,False
8583093002,spacex||human resources coordinator,4157,1.3037109375,False,5592,False
7546057003,breezeairways||crew scheduler,4158,1.302734375,False,5593,False
6017548004,vailclinicincdbavailhealthhospital||dexa tech - part time,4159,1.2958984375,False,5595,False
6112163004,vailclinicincdbavailhealthhospital||hhsm - patient access representative,4160,1.294921875,False,5599,False
588164,"philips|wd3|jobs-and-careers||biomedical equipment technician - kingston, new york",4161,1.294921875,False,5598,False
4698457006,ernestpackagingsolutions||collections specialist,4162,1.29296875,False,5600,False
6110217004,"vailclinicincdbavailhealthhospital||obstetrics & gynecology physician, nocturnist",4163,1.2919921875,False,5603,False
5999789004,pathward||financial crimes quality assurance analyst,4164,1.2890625,False,5604,False
8616003002,optiverus||graduate equity analyst,4165,1.287109375,False,5605,False
8526723002,suvoda||pricing & contracts analyst,4166,1.28515625,False,5606,False
5172213007,veracyte||genomic specialist,4167,1.279296875,False,5609,False
6011616004,vailclinicincdbavailhealthhospital||clinical laboratory scientist - nights,4168,1.275390625,False,5612,False
5765993004,vailclinicincdbavailhealthhospital||nuclear medicine technologist - prn,4169,1.275390625,False,5611,False
4324972009,oura||paid social specialist,4170,1.26953125,False,5615,False
7612710,carvana||customer delivery specialist 4- day work week!,4171,1.2666015625,False,5620,False
5104513007,communitymanager||maintenance apprentice,4172,1.2666015625,False,5619,False
4326416009,metroveincenters||medical assistant,4173,1.2666015625,False,5618,False
4156686009,guildgaragegroup||garage door - install technician,4174,1.265625,False,5622,False
4780374008,clearviewhealthcarepartners||life sciences strategy consultant,4175,1.2607421875,False,5624,False
6011624004,vailclinicincdbavailhealthhospital||medical laboratory tech (mlt) - nights,4176,1.25,False,5629,False
4253145009,"vitalcaringgroup||social worker, msw - prn",4177,1.2470703125,False,5631,False
5361804008,ophelia||credentialing & enrollment specialist,4178,1.24609375,False,5632,False
8055639,onemedical||medical receptionist,4179,1.2451171875,False,5633,False
5350600008,dlrgroup||healthcare interior designer,4180,1.2421875,False,5634,False
8068082,carvana||vending machine attendant,4181,1.240234375,False,5635,False
a39f8b47-fe51-4320-b76f-25101bf6c134,timely||product designer,4182,1.23828125,False,5637,False
4313182009,headlandsresearch||clinical research - medical receptionist,4183,1.23828125,False,5636,False
R1069,ansira|wd1|ansira_careers||associate paid media strategist,4184,1.2353515625,False,5638,False
5190471007,"fo||mechanic assistant, seasonal full-time",4185,1.234375,False,5639,False
8054531,onemedical||certified medical assistant,4186,1.232421875,False,5641,False
5365051008,birgo||client services representative,4187,1.2314453125,False,5642,False
8577398002,sponsorsforeducationalopportunity||college persistence advisor,4188,1.23046875,False,5647,False
7761373003,smxtech||soc analyst,4189,1.23046875,False,5646,False
8059510,toast||bilingual strategic cuisines account executive,4190,1.2294921875,False,5648,False
5826258004,vailclinicincdbavailhealthhospital||radiology tech,4191,1.2275390625,False,5649,False
5365609008,littlewordsproject||sales associate,4192,1.2265625,False,5652,False
4698702006,ennoblecare||community liaison,4193,1.2265625,False,5651,False
6031092004,vailclinicincdbavailhealthhospital||him / medical records technician,4194,1.2177734375,False,5653,False
8076065,"goldenstate||specialist, internal communications",4195,1.2158203125,False,5655,False
6121499004,proshares||portfolio operations analyst,4196,1.2158203125,False,5654,False
8612915002,allinc||maintenance associate,4197,1.21484375,False,5656,False
4738219008,alliancedefendingfreedom||legal counsel,4198,1.20703125,False,5657,False
7758863003,prizepicks||partnerships coordinator,4199,1.203125,False,5660,False
6016367004,vailclinicincdbavailhealthhospital||mri technologist - prn,4200,1.203125,False,5659,False
5365471008,msfcareers||donor services assistant,4201,1.201171875,False,5661,False
5181463007,shunnarahcareers||case coordinator,4202,1.19140625,False,5662,False
8568074002,cannondesign||legal student intern,4203,1.1875,False,5663,False
8580488002,veterinarypracticepartners||veterinarian,4204,1.185546875,False,5664,False
4257212009,"headlandsresearch||nurse practitioner - plymouth, ma - clinical research",4205,1.1845703125,False,5665,False
5826730004,"vailclinicincdbavailhealthhospital||certified registered nurse anesthetist (crna), independent contractor",4206,1.17578125,False,5668,False
5188690007,veracyte||specimen processor,4207,1.17578125,False,5667,False
JR103283,multimatic|wd10|mmec||front office coordinator,4208,1.1748046875,False,5669,False
4245281009,headlandsresearch||part-time or full-time physician - clinical research,4209,1.171875,False,5670,False
8075640,carvana||experienced auto body repair technician,4210,1.1708984375,False,5671,False
4684207006,onbe||client support specialist,4211,1.169921875,False,5673,False
7758669003,shopltk||public relations specialist,4212,1.1689453125,False,5675,False
5981351004,epicgamesfrench||concepteur technique ui sénior,4213,1.1650390625,False,5676,False
R2026-6204,rocket|wd5|rocket_careers||accountant,4214,1.1572265625,False,5677,False
8055570,carvana||part-time dealership attendant,4215,1.15234375,False,5680,False
5223600008,ww||studio coach,4216,1.146484375,False,5681,False
5184826007,veracyte||reimbursement specialist,4217,1.1455078125,False,5682,False
7777261003,prizepicks||associate retention analyst,4218,1.14453125,False,5683,False
7120216,"hubspotjobs||account executive, small business - benelux",4219,1.1396484375,False,5685,False
4693988006,specialty1||patient care coordinator,4220,1.1328125,False,5686,False
7811648003,crfamilyofcompanies||social and digital media specialist,4221,1.126953125,False,5688,False
8bb825c2-3fe2-40a1-928a-b30aa77f4b8f,pennylane||spécialiste support services financiers,4222,1.1240234375,False,5689,False
5190466007,"inhometherapy||physical therapist assistant, pta",4223,1.1201171875,False,5690,False
8632882002,"theriversidecompany||2026 fundraising support analyst, fundraising and investor relations",4224,1.1123046875,False,5691,False
8641635002,veterinarypracticepartners||veterinary technician,4225,1.111328125,False,5692,False
8641638002,toropark||veterinary technician,4226,1.107421875,False,5697,False
8616572002,welbehealth||home care coordinator,4227,1.107421875,False,5694,False
4202749009,midpenhousing||maintenance and groundskeeper,4228,1.107421875,False,5693,False
8642011002,camp||sales associate,4229,1.1044921875,False,5700,False
R-172576,vwr|wd1|avantorjobs||sales specialist - critical environment & safety,4230,1.103515625,False,5702,False
5172107007,communitymanager||maintenance supervisor,4231,1.103515625,False,5701,False
PT-JR041003,ms|wd5|external||application and infrastructure security specialist - assistant vice president,4232,1.1025390625,False,5703,False
8064253,"carvana||hiring now! experienced auto body repair tech - $4,000 bonus",4233,1.0966796875,False,5704,False
8642766002,cranialtechnologies||patient services & imaging specialist - los feliz,4234,1.091796875,False,5707,False
6121327004,morganmorganjobsapplynow||litigation assistant,4235,1.08984375,False,5708,False
4625373005,"thenewyorktimes||video reporter, texas",4236,1.0849609375,False,5709,False
6121112004,thoropass||outbound marketing development representative,4237,1.0830078125,False,5713,False
8053807,collectivehealth||customer service representative,4238,1.076171875,False,5714,False
4683172006,firststepsforkids||board certified behavior analyst | bcba,4239,1.0732421875,False,5715,False
5191088007,abilitypath||individualized support specialist,4240,1.0693359375,False,5717,False
4712005005,effectiveschoolsolutions||part-time strategic implementation advisor,4241,1.0693359375,False,5716,False
5841385004,vailclinicincdbavailhealthhospital||patient access representative,4242,1.0595703125,False,5720,False
8642774002,cranialtechnologies||business development representative - ventura county,4243,1.056640625,False,5721,False
c38407db-8cf5-4698-9ba4-68bedf01d684,clipboard||account executive,4244,1.0546875,False,5723,False
7810388003,breezeairways||airport agent,4245,1.0546875,False,5722,False
238652d9-1063-4219-bd86-aaf64de73116,campus||marketing instructor,4246,1.052734375,False,5724,False
4861383101,davinciderivatives||hr generalist,4247,1.05078125,False,5725,False
5765985004,vailclinicincdbavailhealthhospital||cath lab technologist- prn,4248,1.04296875,False,5727,False
5361609008,renpsg||executive assistant,4249,1.04296875,False,5726,False
6114500004,"altoslabs||scientist, in vivo biology",4250,1.0419921875,False,5729,False
6538736003,compasshealthcenter||patient advocate,4251,1.0400390625,False,5730,False
7765639003,revolutionmedicines||talent acquisition operations analyst ii,4252,1.0390625,False,5731,False
5148688007,veracyte||customer care specialist,4253,1.0361328125,False,5732,False
8639099002,welbehealth||dietary assistant,4254,1.0322265625,False,5734,False
f1d7416c-21e6-4af4-ba4e-f260a6c87af3,tellos||registered behavior technician,4255,1.03125,False,5737,False
6121270004,"precisionaq||media supervisor, media and engagement",4256,1.03125,False,5736,False
6119998004,"precisionmedicinegroup||media supervisor, media and engagement",4257,1.03125,False,5735,False
7799425003,smxtech||intelligence exercise and engagement planner,4258,1.029296875,False,5739,False
4257215009,"headlandsresearch||physician assistant - plymouth, ma - clinical research",4259,1.029296875,False,5738,False
6120016004,hopscotchprimarycare||nurse practitioner,4260,1.0224609375,False,5741,False
4313688009,serhant||licensing speciaist,4261,1.0224609375,False,5740,False
8642769002,cranialtechnologies||patient services & imaging specialist,4262,1.021484375,False,5742,False
8077362,"carvana||experienced automotive technician - 1st shift $4,000-$6,000 bonus",4263,1.017578125,False,5743,False
6119902004,veterinaryemergencygroupst||emergency credentialed veterinary technician,4264,1.015625,False,5744,False
4321985009,lakefieldveterinarygroup||registered veterinary technician - rvt - freeland animal hospital,4265,1.0146484375,False,5745,False
5158124008,everdriven||finance analyst,4266,1.0048828125,False,5746,False
5192491007,strivepharmacy||ehs technician - safety & security,4267,1.00390625,False,5747,False
4699153007,ascendhealthcare||it service technician,4268,0.9951171875,False,5750,False
8629081002,honor||client care advisor,4269,0.99169921875,False,5751,False
4695786006,acurussolutions||rcm trainer,4270,0.990234375,False,5753,False
4326570009,headlandsresearch||physician assistant - clinical research,4271,0.990234375,False,5752,False
6117649004,vailclinicincdbavailhealthhospital||housekeeper,4272,0.98974609375,False,5754,False
4246708009,"headlandsresearch||nurse practitioner or physician assistant - plymouth, ma - clinical research",4273,0.98095703125,False,5756,False
R0021762,"ascensushr|wd1|ascensuscareers||associate financial analyst, 529 back office - india",4274,0.97802734375,False,5757,False
8077384,"carvana||automotive technician - 1st shift $4,000-$6,000 bonus",4275,0.97705078125,False,5759,False
5099826007,communitymanager||leasing specialist,4276,0.97265625,False,5761,False
8044834,asana||commercial counsel,4277,0.9716796875,False,5762,False
8075139,"madisonreedcolorbar||hair color bar assistant, licensed cosmetologist",4278,0.96484375,False,5766,False
8075072,"madisonreedcolorbar||colorist, licensed cosmetologist",4279,0.9541015625,False,5769,False
5173951007,foundationriskpartners||benefits administration analyst,4280,0.953125,False,5770,False
5783235004,vailclinicincdbavailhealthhospital||dermatologist,4281,0.9462890625,False,5771,False
5997100004,vailclinicincdbavailhealthhospital||outpatient behavioral health tech,4282,0.9443359375,False,5772,False
4303630009,advancedspace||contracts specialist,4283,0.93017578125,False,5773,False
5192329007,reprofreedomforallinternships||fall 2026 government relations intern,4284,0.9287109375,False,5774,False
5364765008,cpgroup||corporate accountant,4285,0.9267578125,False,5775,False
6004831004,epicgamesfrench||artiste de concepts sénior,4286,0.92236328125,False,5776,False
7806888003,dental365||dental hygienist,4287,0.91943359375,False,5777,False
R0136733,hitachi|wd1|hitachi||hr service specialist,4288,0.91845703125,False,5778,False
5361696008,spsnorthamerica||junior executive receptionist,4289,0.9169921875,False,5779,False
7789969003,rightwayhealthcare||utilization management support technician,4290,0.916015625,False,5780,False
7810039003,otterbein||maintenance assistant,4291,0.91357421875,False,5782,False
8606954002,"icapitalnetwork||corporate finance, equity - associate",4292,0.90576171875,False,5784,False
7804592003,compasshealthcenter||mental health professional,4293,0.9052734375,False,5785,False
8626952002,sponsorsforeducationalopportunity||10-11th math instructor,4294,0.904296875,False,5786,False
4695084006,ernesta||sales and design consultant,4295,0.89794921875,False,5788,False
8566155002,centriaautism||intake specialist,4296,0.89404296875,False,5789,False
6117584004,"veterinaryemergencygroupst||customer experience coordinator - h street, washington, d.c.",4297,0.88818359375,False,5790,False
5190575007,urpt||physical therapist,4298,0.88671875,False,5791,False
5077227007,familyofkidz||speech therapist evaluator- westchester,4299,0.88232421875,False,5792,False
5161124007,urpt||physical therapist - part time,4300,0.865234375,False,5796,False
6117577004,"veterinaryemergencygroupst||emergency credentialed veterinary technician - georgetown, washington, d.c.",4301,0.857421875,False,5800,False
5190473007,"inhometherapy||certified occupational therapy assistant, cota",4302,0.85302734375,False,5803,False
4661875005,effectiveschoolsolutions||graduate internship school based mental health clinician,4303,0.85107421875,False,5804,False
5202326008,greenpointtechnologies||aircraft inspector iii,4304,0.849609375,False,5806,False
5316642008,greenbrookmedical||referral coordinator,4305,0.8486328125,False,5807,False
5201702008,convenientmd||medical receptionist,4306,0.84619140625,False,5808,False
4113201009,lakefieldveterinarygroup||registered veterinary technician,4307,0.83984375,False,5812,False
6119915004,veterinaryemergencygroupst||customer experience coordinator,4308,0.8388671875,False,5813,False
8076891,"carvana||experienced auto body repair technician (2nd shift) - $4,000 bonus",4309,0.83203125,False,5817,False
7679474003,thinkacademyus||part time math tutor,4310,0.8291015625,False,5819,False
7494945003,compasshealthcenter||clinical therapist,4311,0.82763671875,False,5821,False
8067041,greenthumbindustries||personal care specialist,4312,0.8271484375,False,5822,False
4697766006,specialty1||technical accounting analyst,4313,0.8193359375,False,5828,False
8642146002,allcareers||board certified behavior analyst *$5k first year bonus*,4314,0.80615234375,False,5832,False
5462266004,"corcepttherapeutics||medical science liaison, endocrinology – mid-atlantic region",4315,0.8017578125,False,5833,False
4716903005,godfreydadichpartners||designer,4316,0.80126953125,False,5834,False
5365553008,croihealth||hospice house chaplain,4317,0.77880859375,False,5841,False
5365841008,unitedveincenters||medical receptionist,4318,0.77783203125,False,5842,False
8072124,greenthumbindustries||delivery driver,4319,0.7666015625,False,5847,False
5980247004,vailclinicincdbavailhealthhospital||clinical research coordinator,4320,0.7578125,False,5849,False
5104519007,communitymanager||maintenance technician,4321,0.74951171875,False,5850,False
7810327003,ieqcapital||administrative assistant,4322,0.74169921875,False,5853,False
4254831009,comstock||barista,4323,0.74072265625,False,5854,False
5191461007,urpt||prn physical therapist,4324,0.7255859375,False,5858,False
8617974002,cannondesign||payroll coordinator ii,4325,0.72314453125,False,5859,False
8642053002,welbehealth||utilization management rn,4326,0.7197265625,False,5861,False
8060518002,centriaautism||clinical apprentice - bcba fieldwork program,4327,0.7197265625,False,5860,False
4716938005,mainstreethealth||health navigator,4328,0.71923828125,False,5862,False
6115057004,natera||pathology support coordinator,4329,0.71875,False,5863,False
5362492008,optimalcare||medical assistant,4330,0.7099609375,False,5865,False
8610647002,allinc||direct support professional,4331,0.70263671875,False,5866,False
8076876,"carvana||hiring now! auto body combo technician - $6,000 bonus",4332,0.70068359375,False,5867,False
8525186002,centriahealthcare||bt onboarding specialist,4333,0.69921875,False,5868,False
R0000043366,parexel|wd1|parexel_external_careers||regulatory affairs consultant- local regulatory affairs operations,4334,0.6845703125,False,5870,False
4698272006,sagesure||special investigator ii,4335,0.677734375,False,5871,False
8577025002,cortica||speech language pathologist,4336,0.66845703125,False,5874,False
8046576,alphapublicschools||temporary office assistant,4337,0.66845703125,False,5873,False
5190432007,imafinancialgroup||financial strategist,4338,0.66455078125,False,5875,False
5833443004,vailclinicincdbavailhealthhospital||physician - internal medicine,4339,0.6630859375,False,5876,False
5594495004,"vailclinicincdbavailhealthhospital||radiology tech - prn, dillon surgery center",4340,0.6611328125,False,5877,False
4698112006,specialty1||treatment coordinator,4341,0.6552734375,False,5878,False
5848558004,vailclinicincdbavailhealthhospital||occupational health nurse,4342,0.65283203125,False,5879,False
5190770007,brillapubliccharterschools||2026-27 high school placement counselor,4343,0.6513671875,False,5880,False
8642151002,allcareers||licensed behavior analyst -be part of our founding team!,4344,0.64794921875,False,5882,False
5163667007,urpt||physical therapist assistant,4345,0.64794921875,False,5881,False
R0088822,uvmhealth|wd1|external||audiologist,4346,0.6455078125,False,5884,False
6110688004,vailclinicincdbavailhealthhospital||ct technologist - prn,4347,0.64111328125,False,5886,False
6099877004,epicgamesfrench||artiste technique,4348,0.63671875,False,5887,False
8075480,greenthumbindustries||outdoor maintenance technician,4349,0.6357421875,False,5888,False
5971645004,"vailclinicincdbavailhealthhospital||radiology technologist - vail, colorado",4350,0.6328125,False,5889,False
8468662002,spacex||benefits analyst,4351,0.630859375,False,5891,False
8044880,squarepointcapital||junior credit fundamental research analyst,4352,0.62841796875,False,5893,False
4717086005,found||social media coordinator,4353,0.6259765625,False,5894,False
5230877008,convenientmd||paramedic (urgent care tech) - urgent care,4354,0.62548828125,False,5896,False
5777947004,"vailclinicincdbavailhealthhospital||mammography tech - dillon, prn",4355,0.61669921875,False,5899,False
8641203002,allcareers||speech language pathologist,4356,0.6123046875,False,5900,False
4312980009,headlandsresearch||study participant recruiter,4357,0.61083984375,False,5901,False
5835968004,huddleup||virtual speech language pathologist,4358,0.609375,False,5903,False
5362908008,croihealth||full time hospice chaplain,4359,0.60302734375,False,5905,False
8060408,fwdus||external affairs intern,4360,0.6015625,False,5906,False
8640113002,veterinarypracticepartners||veterinary receptionist,4361,0.57177734375,False,5909,False
7808197003,dental365||dental front desk coordinator,4362,0.5712890625,False,5910,False
4698564006,naturesbakery||2nd shift maintenance technician i,4363,0.568359375,False,5911,False
4696525006,specialty1||dental assistant,4364,0.56787109375,False,5912,False
8641878002,day1academies||assistant teacher (float) (part,4365,0.56640625,False,5913,False
REQ-260291,gnw|wd1|gnw||associate claims clinical/care advocacy,4366,0.56494140625,False,5914,False
8075658,asana||chief accounting officer,4367,0.55078125,False,5916,False
5231404008,ophelia||patient engagement specialist,4368,0.54296875,False,5918,False
JR040877,ms|wd5|external||client relationship analyst,4369,0.54052734375,False,5921,False
6098222004,vailclinicincdbavailhealthhospital||physician - family practice,4370,0.52392578125,False,5922,False
6115465004,"khealthcareers||overnight | primary care physician (fm/im) | imlc or nj, ct, ma | remote",4371,0.5146484375,False,5924,False
6106344004,vailclinicincdbavailhealthhospital||clinical trial research assistant,4372,0.5048828125,False,5928,False
4711223005,effectiveschoolsolutions||licensed school-based clinical program supervisor,4373,0.50439453125,False,5929,False
4696879005,effectiveschoolsolutions||school-based mental health technician,4374,0.50146484375,False,5930,False
JR040093,ms|wd5|private||client relationship analyst,4375,0.492919921875,False,5932,False
JR48498,weis|wd108|careers||retail crime investigator,4376,0.48974609375,False,5933,False
8631860002,"welbehealth||clinic nurse, rn",4377,0.487548828125,False,5934,False
5365605008,heartpaw||veterinary assistant,4378,0.486328125,False,5935,False
5985378004,vailclinicincdbavailhealthhospital||financial counselor,4379,0.474853515625,False,5939,False
8642299002,alphagrepsecurities||accountant,4380,0.466796875,False,5940,False
7776081003,verisign||legal operations specialist,4381,0.466064453125,False,5941,False
7809985003,otterbein||culinary aide- part-time,4382,0.459716796875,False,5942,False
5365127008,medelitellc||certified nursing assistant,4383,0.45751953125,False,5943,False
8076644,greenthumbindustries||asset protection specialist,4384,0.45361328125,False,5945,False
4916007008,luminaryhospice||hospice care consultant,4385,0.451416015625,False,5946,False
8642072002,allcareers||behavioral therapist,4386,0.4453125,False,5952,False
8542315002,spacex||global immigration and compliance specialist,4387,0.444580078125,False,5954,False
5755291004,vailclinicincdbavailhealthhospital||anesthesiologist,4388,0.43994140625,False,5956,False
4138505009,headlandsresearch||clinical research nurse,4389,0.435546875,False,5957,False
5dbdf71e-4434-40e9-9ee7-64b35e291335,expressable||contract coordinator,4390,0.4326171875,False,5958,False
5364869008,medelitellc||lpn care coordinator,4391,0.43212890625,False,5959,False
8355157002,allcareers||behavior technician,4392,0.417724609375,False,5962,False
6009179004,vailclinicincdbavailhealthhospital||retail pharmacist - part time,4393,0.4169921875,False,5963,False
4698427006,ennoblecare||certified home health aide,4394,0.41552734375,False,5965,False
6111846004,vailclinicincdbavailhealthhospital||endocrinologist,4395,0.4111328125,False,5966,False
8369532002,spacex||industrial hygienist,4396,0.408203125,False,5967,False
4683723006,specialty1||surgical assistant,4397,0.406982421875,False,5968,False
7810163003,crfamilyofcompanies||financial analyst,4398,0.40283203125,False,5970,False
5230876008,convenientmd||licensed practical nurse,4399,0.3935546875,False,5971,False
4707565005,imaginepediatrics||mental health therapist,4400,0.39306640625,False,5972,False
4326312009,summittherapeutics||talent acquisition coordinator,4401,0.38037109375,False,5973,False
5830856004,vailclinicincdbavailhealthhospital||clinical trainer,4402,0.375244140625,False,5974,False
5783183004,vailclinicincdbavailhealthhospital||mohs surgeon - dermatologist,4403,0.372314453125,False,5975,False
8643097002,allcareers||entry level play based behavior therapist,4404,0.370849609375,False,5976,False
6110526004,vailclinicincdbavailhealthhospital||radiology tech - prn,4405,0.36865234375,False,5977,False
8643095002,allcareers||behavioral specialist,4406,0.360595703125,False,5978,False
4297246009,midpenhousing||maintenance technician,4407,0.3564453125,False,5979,False
8641589002,veterinarypracticepartners||veterinary assistant,4408,0.352783203125,False,5980,False
7810314003,otterbein||sales and marketing specialist,4409,0.348388671875,False,5982,False
5796565004,vailclinicincdbavailhealthhospital||respiratory therapist,4410,0.34716796875,False,5983,False
5891590004,cottonwoodresidential||maintenance technician,4411,0.340087890625,False,5986,False
5279014008,luminaryhospice||patient team assistant,4412,0.3330078125,False,5988,False
7807661003,airsculpt||licensed vocational nurse,4413,0.33056640625,False,5989,False
R0039971,harriscomputer|wd3|gbs||credentialing specialist,4414,0.318115234375,False,5991,False
5177413007,holisticindustries||security monitoring associate,4415,0.316650390625,False,5992,False
4385501007,familyofkidz||behavior technician - center based - hawthorne,4416,0.315185546875,False,5993,False
6118938004,"vailclinicincdbavailhealthhospital||nurse practitioner, acute pain",4417,0.299560546875,False,5995,False
4295479009,lakefieldveterinarygroup||customer service representative,4418,0.2978515625,False,5996,False
6008370004,corcepttherapeutics||clinical research associate ii,4419,0.283935546875,False,5998,False
7746841003,smxtech||leia sfi mission planners,4420,0.282958984375,False,5999,False
8610632002,allinc||per diem direct support professional,4421,0.2734375,False,6001,False
6019960004,vailclinicincdbavailhealthhospital||radiation therapist - full time,4422,0.263916015625,False,6003,False
8641541002,veterinarypracticepartners||veterinary technician- er / overnights,4423,0.263427734375,False,6005,False
JR0000109060,ivytech|wd1|ivy_tech_careers||hospitality customer service representative,4424,0.260986328125,False,6006,False
8593206002,allcareers||behavioral technician,4425,0.2548828125,False,6009,False
5120034007,urpt||prn - athletic trainer,4426,0.251708984375,False,6011,False
7600045,flatironhealth||compliance risk specialist,4427,0.2474365234375,False,6013,False
6117887004,onecampaign||chief communications officer,4428,0.2283935546875,False,6015,False
5364664008,croihealth||medical social worker,4429,0.22802734375,False,6016,False
8643157002,cortica||counselor,4430,0.2237548828125,False,6018,False
5971810004,"vailclinicincdbavailhealthhospital||advanced practice practitioner, internal medicine",4431,0.2164306640625,False,6021,False
8641310002,veterinarypracticepartners||kennel assistant,4432,0.210693359375,False,6024,False
R18740,worldacceptance|wd12|world_finance||financial services representative,4433,0.20849609375,False,6026,False
JR36356,dyson|wd3|dyson_careers||friseur.in/hair stylist.in,4434,0.20556640625,False,6027,False
JR105231,insbrk|wd5|rscareers||claims analyst,4435,0.20166015625,False,6033,False
8642225002,allcareers||bcba supervisor,4436,0.200927734375,False,6035,False
5172966007,urpt||physical therapy technician,4437,0.1990966796875,False,6037,False
8592681002,centriaautism||clinical recruiter,4438,0.1943359375,False,6039,False
8642233002,allinc||per diem direct support professional - woodland,4439,0.185546875,False,6043,False
8641890002,centriaautism||hybrid board certified behavior analyst (bcba) – remote / in-person,4440,0.178466796875,False,6048,False
7796075003,airsculpt||registered nurse,4441,0.1744384765625,False,6049,False
4321653009,metroveincenters||registered vascular technologist,4442,0.168212890625,False,6052,False
6119728004,hcesquared||medical grant writer,4443,0.1668701171875,False,6055,False
8643094002,cortica||behavioral interventionist,4444,0.1629638671875,False,6056,False
5192014007,freedomconsulting||facility security officer / personnel security officer,4445,0.1549072265625,False,6058,False
5839934004,huddleup||virtual occupational therapist,4446,0.1444091796875,False,6059,False
8642192002,allcareers||aba supervisor - bcba,4447,0.1353759765625,False,6061,False
7788691003,teachforall||media and editorial coordinator,4448,0.1220703125,False,6065,False
8641527002,veterinarypracticepartners||veterinary assistant and kennel attendant,4449,0.10211181640625,False,6067,False
8603492002,allcareers||play-based behavior technician,4450,0.07672119140625,False,6072,False
4678272006,specialty1||registered dental assistant,4451,0.06927490234375,False,6075,False
6015429004,modernanimal||registered veterinary technician - playa vista,4452,0.06585693359375,False,6076,False
5287436008,guidelighthealth||psychiatric nurse practitioner,4453,0.061798095703125,False,6078,False
4307110009,nationallutheraninc||fitness specialist,4454,0.053680419921875,False,6080,False
5365980008,moodhealth||licensed mental health counselor,4455,0.0245361328125,False,6083,False
5173014007,phynetdermatology||patient services representative - front desk - part-time,4456,0.0216064453125,False,6085,False
5173015007,neda||patient services representative - front desk - part-time,4457,0.009368896484375,False,6087,False
4713910005,springfertility||people team specialist,4458,0.007518768310546875,False,6088,False
5174035007,"urpt||licensed athletic trainer - gulf shores, alabama",4459,-0.002593994140625,False,6089,False
4628990006,specialty1||oral surgical assistant,4460,-0.0230865478515625,False,6092,False
4251715009,lakefieldveterinarygroup||neurology veterinary assistant,4461,-0.028961181640625,False,6096,False
4716679005,effectiveschoolsolutions||[2026-2027] bilingual school-based therapist,4462,-0.03533935546875,False,6097,False
8641622002,veterinarypracticepartners||licensed veterinary technician,4463,-0.042022705078125,False,6098,False
5999899004,huddleup||virtual school psychologist,4464,-0.047576904296875,False,6099,False
5684421004,pomelocare||bilingual outbound enrollment specialist,4465,-0.050567626953125,False,6100,False
7693216003,smavagmbh||baufinanzierungsberater (w/m/d) im homeoffice,4466,-0.06378173828125,False,6104,False
4520ca85-cf0b-4788-b293-0e724eaa61c1,campus||economics instructor,4467,-0.064208984375,False,6105,False
bdc0d76c-467d-4c5d-9a07-79ee09156e46,ignite-reading||general interest application,4468,-0.0673828125,False,6108,False
8642197002,cortica||aba supervisor,4469,-0.06805419921875,False,6109,False
5303196008,unitedveincenters||vascular technologist/ sonographer- $10k sign on bonus,4470,-0.072021484375,False,6110,False
6117700004,vailclinicincdbavailhealthhospital||sonographer,4471,-0.0792236328125,False,6111,False
4686869006,specialty1||insurance coordinator,4472,-0.08502197265625,False,6112,False
4298294009,headlandsresearch||bilingual patient recruitment specialist,4473,-0.0865478515625,False,6113,False
4356871003,compasshealthcenter||adult psychiatrist,4474,-0.0919189453125,False,6114,False
8554669002,centriaautism||early intervention bcba – life skills autism academy,4475,-0.10687255859375,False,6115,False
8588508002,cranialtechnologies||customer service representative – parent liaison,4476,-0.11480712890625,False,6116,False
5361795008,luminaryhospice||medical social worker (msw) prn,4477,-0.1163330078125,False,6117,False
4717034005,acornhealth||board certified behavior analyst,4478,-0.12408447265625,False,6118,False
7810275003,otterbein||maintenance - part time - every 3rd weekend,4479,-0.132568359375,False,6120,False
4680173006,engageseniortherapy||speech-language pathologist - per diem,4480,-0.142822265625,False,6121,False
7778147003,otterbein||registered nurse - rn,4481,-0.1436767578125,False,6122,False
JR101055,zenithamerican|wd5|zas||benefits billing/operations analyst,4482,-0.15380859375,False,6123,False
8619418002,veterinarypracticepartners||grooming assistant,4483,-0.196533203125,False,6128,False
5238337008,luminaryhospice||medical social worker,4484,-0.1968994140625,False,6129,False
6553227003,compasshealthcenter||teacher's assistant,4485,-0.216552734375,False,6132,False
4819731008,luminaryhospice||hospice volunteer,4486,-0.2186279296875,False,6133,False
4321805009,kodiaksolutions||unclaimed property consulting associate,4487,-0.2247314453125,False,6137,False
8076014,goldenstate||music coordinator,4488,-0.2445068359375,False,6139,False
4697428006,specialty1||accountant ii,4489,-0.2469482421875,False,6140,False
4698293006,pediatricsplus||part time documentation coordinator,4490,-0.247802734375,False,6141,False
4936005003,compasshealthcenter||registered nurse,4491,-0.263427734375,False,6142,False
5189480007,neda||medical assistant,4492,-0.264404296875,False,6144,False
5189479007,phynetdermatology||medical assistant,4493,-0.264404296875,False,6143,False
4071339009,firsthand||recovery peer specialist,4494,-0.267822265625,False,6145,False
5287731008,luminaryhospice||prn medical social worker,4495,-0.273193359375,False,6146,False
4716887005,springfertility||registered nurse,4496,-0.281982421875,False,6149,False
4535746007,familyofkidz||teachers aide - ei/ preschool -riverhead,4497,-0.285888671875,False,6150,False
7810270003,crestwoodcareers||recovery coach | entry-level mental health aide,4498,-0.287353515625,False,6153,False
5211451008,luminaryhospice||hospice chaplain,4499,-0.2890625,False,6155,False
8642227002,allcareers||board certified behavior analyst,4500,-0.297607421875,False,6158,False
7539356,democracypreppublicschools||pre-k teacher's aide,4501,-0.300048828125,False,6159,False
5148785008,luminaryhospice||prn hospice chaplain,4502,-0.301513671875,False,6160,False
8642226002,allcareers||behavior analyst,4503,-0.302734375,False,6162,False
4691647005,effectiveschoolsolutions||[2026-2027] school-based mental health technician,4504,-0.31005859375,False,6164,False
9abaddb9-c919-45e2-a5cd-d6b08084d871,truemed||categorization specialist,4505,-0.312744140625,False,6165,False
8641842002,centriahealthcare||home health nurse- lpn/ rn,4506,-0.314453125,False,6166,False
5362834008,luminaryhospice||evening hospice aide,4507,-0.340087890625,False,6171,False
f81f4e9c-4b55-49b9-a85e-443174394b07,includedhealth||urgent care nurse practitioner,4508,-0.354736328125,False,6172,False
5191082007,elitedentalpartnersllc||dental assistant,4509,-0.365478515625,False,6173,False
4710442005,effectiveschoolsolutions||[2026-2027] mental health technician,4510,-0.381103515625,False,6175,False
4695152006,specialty1||field marketing specialist,4511,-0.39697265625,False,6178,False
5849776,democracypreppublicschools||prek teacher’s assistant,4512,-0.40966796875,False,6179,False
5365171008,theperiscopegroup||physical / occupational therapist consultant,4513,-0.420166015625,False,6181,False
4593259005,acornhealth||behavior technician,4514,-0.425537109375,False,6182,False
4716829005,effectiveschoolsolutions||mental health technician,4515,-0.427978515625,False,6183,False
6008379004,epicgamesfrench||concepteur technique en animation,4516,-0.445556640625,False,6185,False
7770772003,smxtech||category 1 linguist,4517,-0.463623046875,False,6186,False
5250799008,luminaryhospice||hospice aide,4518,-0.465087890625,False,6187,False
6115930004,vailclinicincdbavailhealthhospital||presurgical planning rn - prn,4519,-0.482666015625,False,6194,False
4856600003,compasshealthcenter||patient care coordinator,4520,-0.48779296875,False,6195,False
6119807004,optimadermatologycareers||medical assistant,4521,-0.4990234375,False,6196,False
8639046002,cranialtechnologies||occupational therapist,4522,-0.50244140625,False,6197,False
7810438003,thinkacademyus||remote language arts teacher,4523,-0.51171875,False,6198,False
5182441008,luminaryhospice||prn night hospice aide,4524,-0.515625,False,6199,False
5962592003,compasshealthcenter||psychiatric nurse practitioner,4525,-0.54296875,False,6200,False
6017501004,natera||histology lab operator ii,4526,-0.54541015625,False,6201,False
8614844002,welbehealth||physical therapist,4527,-0.55322265625,False,6202,False
8621499002,welbehealth||occupational therapist,4528,-0.56787109375,False,6204,False
6119925004,harringtonorthodontics||treatment coordinator,4529,-0.58251953125,False,6205,False
4697812006,naturesbakery||3rd shift sanitation technician,4530,-0.6064453125,False,6207,False
7741083003,compasshealthcenter||tms psychiatrist,4531,-0.60693359375,False,6208,False
5231445008,luminaryhospice||prn hospice aide,4532,-0.62939453125,False,6211,False
6538644003,compasshealthcenter||family therapist,4533,-0.630859375,False,6212,False
8075149,guidepostmontessori||aftercare administrator,4534,-0.65673828125,False,6214,False
8639045002,cranialtechnologies||physical therapist,4535,-0.6630859375,False,6215,False
4714129005,cbemllc||stabilization interventionist,4536,-0.68310546875,False,6224,False
5188862007,vanguarddermatology||medical assistant,4537,-0.68505859375,False,6225,False
7798190003,otterbein||resident assistant,4538,-0.6923828125,False,6226,False
R-180018,republic|wd5|republic||heavy equipment operator,4539,-0.7138671875,False,6227,False
8077432,guidepostmontessori||assistant teacher,4540,-0.72705078125,False,6230,False
5076643008,wovencare||qualified autism service practitioner-supervisor,4541,-0.74365234375,False,6231,False
8639049002,cranialtechnologies||certified prosthetist orthotist,4542,-0.7626953125,False,6232,False
4715716005,cbemllc||critical intervention specialist,4543,-0.771484375,False,6234,False
5364560008,oralsurgerypartners||patient coordinator,4544,-0.787109375,False,6236,False
7811677003,wellthy-care-network||full-time special needs personal assistant,4545,-0.8193359375,False,6239,False
4710448005,effectiveschoolsolutions||part-time mental health professional development trainer and coach,4546,-0.83984375,False,6242,False
8075179,guidepostmontessori||spanish assistant teacher,4547,-0.8447265625,False,6243,False
5364360008,oralsurgerypartners||surgical assistant,4548,-0.84521484375,False,6246,False
8639048002,cranialtechnologies||registered nurse,4549,-0.8818359375,False,6249,False
8075202,guidepostmontessori||teacher assistant,4550,-0.89697265625,False,6252,False
7810284003,coherehealth||commercial counsel,4551,-0.9267578125,False,6255,False
8642196002,unitedfirm||criminal defense attorney,4552,-0.99365234375,False,6257,False
8642198002,unitedfirm||entry-level criminal defense attorney,4553,-1.0126953125,False,6258,False
6121118004,optimadermatologycareers||mohs medical assistant,4554,-1.0966796875,False,6260,False
8643143002,centriaautism||center-based registered behavior technician,4555,-1.2041015625,False,6263,False
8643142002,centriaautism||center-based behavior technician,4556,-1.2275390625,False,6265,False
6239055003,compasshealthcenter||education specialist,4557,-1.3935546875,False,6266,False
5316860008,bythebayhealth||certified child life specialist,4558,-1.7060546875,False,6267,False
