job_id,cluster_key,cluster_rank,rank_score,is_refined,wide_rank,selected
4851158101,nice||forward deployed engineer,1,1.0000003576278687,False,2,True
4698580006,eulerity||forward deployed engineer,2,1.0000003576278687,False,1,True
c6d119df-b5e3-4d94-8a4f-22d5040a0924,thought-machine||forward deployed engineer,3,1.000000238418579,False,16,True
8526776002,workato||forward deployed engineer,4,1.000000238418579,False,15,True
8526757002,workato||forward deployed engineer,5,1.000000238418579,False,14,True
8440865002,workato||forward deployed engineer,6,1.000000238418579,False,13,True
8437707002,workato||forward deployed engineer,7,1.000000238418579,False,12,True
8437665002,workato||forward deployed engineer,8,1.000000238418579,False,11,True
8437661002,workato||forward deployed engineer,9,1.000000238418579,False,10,True
8437639002,workato||forward deployed engineer,10,1.000000238418579,False,9,True
8282660002,gotion||machine learning engineer,11,1.000000238418579,False,8,True
8282400002,gotion||machine learning engineer,12,1.000000238418579,False,7,True
7955995,roku||machine learning engineer,13,1.000000238418579,False,6,True
7619114003,nearform||forward deployed engineer,14,1.000000238418579,False,5,True
5984207004,workstream||forward deployed engineer,15,1.000000238418579,False,4,True
5829711004,diligentcorporation||forward deployed engineer,16,1.000000238418579,False,3,True
7589442,samsara||ai engineer,17,1.0,False,26,True
7491153,samsara||ai engineer,18,1.0,False,25,True
5365365008,getwellnetwork||ai engineer,19,1.0,False,24,True
5165240008,trueclassicteesllc||ai engineer,20,1.0,False,23,True
4691822006,accenturefederalservices||full stack developer,21,1.0,False,22,True
4687505006,pitchbookdata||machine learning engineer,22,1.0,False,21,True
4680794006,accenturefederalservices||full stack developer,23,1.0,False,20,True
4680742006,accenturefederalservices||full stack developer,24,1.0,False,19,True
4651080006,accenturefederalservices||full stack developer,25,1.0,False,18,True
4019475009,eudia||ai engineer,26,1.0,False,17,True
R0095203,sandvik|wd3|sandvik-jobs||data scientist,27,0.9999999403953552,False,30,True
5318944008,block||data scientist,28,0.9999999403953552,False,29,True
4689015006,accenturefederalservices||data scientist,29,0.9999999403953552,False,28,True
4609464006,accenturefederalservices||data scientist,30,0.9999999403953552,False,27,True
5191603007,clerkie||backend engineer,31,0.9999998807907104,False,33,True
4695324006,accenturefederalservices||full stack developer,32,0.9999998807907104,False,32,True
4684701006,accenturefederalservices||full stack developer,33,0.9999998807907104,False,31,True
R005736,adtran|wd3|adtran||software engineer,34,0.9999998211860657,False,43,True
8599644002,janestreet||software engineer,35,0.9999998211860657,False,42,True
8075011,babelstreet||software engineer,36,0.9999998211860657,False,41,True
8016515,fanduel||software engineer,37,0.9999998211860657,False,40,True
7583622,phdata||solutions architect,38,0.9999998211860657,False,39,True
6119171004,twosixtechnologies||software engineer,39,0.9999998211860657,False,38,True
6115695004,turing||software engineer,40,0.9999998211860657,False,37,True
5caff613-773d-466d-9876-cd803811d30b,skyflow||software engineer,41,0.9999998211860657,False,36,True
5309141008,procaresolutions||software engineer,42,0.9999998211860657,False,35,True
5181289007,octus||software engineer,43,0.9999998211860657,False,34,True
badc9bc0-7da5-45f2-9807-a400cebacfee,nylas||software engineer,44,0.9999997615814209,False,67,True
RQ112661,bpinternational|wd3|bpcareers||software engineer,45,0.9999997615814209,False,66,True
8633227002,databricks||solutions architect,46,0.9999997615814209,False,65,True
8633225002,databricks||solutions architect,47,0.9999997615814209,False,64,True
8566918002,axs||software engineer,48,0.9999997615814209,False,63,True
8563110002,spacex||software engineer,49,0.9999997615814209,False,62,True
8059825,boxinc||solutions architect,50,0.9999997615814209,False,61,True
7925289,phdata||solutions architect,51,0.9999997615814209,False,60,True
7307903,phdata||solutions architect,52,0.9999997615814209,False,59,True
6983933,phdata||solutions architect,53,0.9999997615814209,False,58,True
6021978004,clickhouse||solutions architect,54,0.9999997615814209,False,57,True
5806749004,vercel||solutions architect,55,0.9999997615814209,False,56,True
5804110004,vercel||solutions architect,56,0.9999997615814209,False,55,True
5133682007,andurilindustries||software engineer,57,0.9999997615814209,False,54,True
4689886006,accenturefederalservices||software engineer,58,0.9999997615814209,False,53,True
4689027006,accenturefederalservices||software engineer,59,0.9999997615814209,False,52,True
4680117006,accenturefederalservices||software engineer,60,0.9999997615814209,False,51,True
4609686006,accenturefederalservices||software engineer,61,0.9999997615814209,False,50,True
4609681006,accenturefederalservices||software engineer,62,0.9999997615814209,False,49,True
4324995009,weave||solutions architect,63,0.9999997615814209,False,48,True
4324888004,warp||software engineer,64,0.9999997615814209,False,47,True
4243668009,redwoodsoftware||software engineer,65,0.9999997615814209,False,46,True
4052875009,redwoodsoftware||software engineer,66,0.9999997615814209,False,45,True
1209483,hpe|wd5|jobsathpe||software engineer,67,0.9999997615814209,False,44,True
8404440002,axogen||ai/ml engineer,68,0.9861341118812561,False,71,True
4674621006,accenturefederalservices||ai/ml engineer,69,0.9861341118812561,False,70,True
1208934,hpe|wd5|jobsathpe||ai/ml engineer,70,0.9861341118812561,False,69,True
1208933,hpe|wd5|jobsathpe||ai/ml engineer,71,0.9861341118812561,False,68,True
4644242006,accenturefederalservices||ai / ml engineer,72,0.9861340522766113,False,74,True
4628914006,accenturefederalservices||ai / ml engineer,73,0.9861340522766113,False,73,True
4608162006,accenturefederalservices||ai/ml engineer,74,0.9861340522766113,False,72,True
5752684004,vercel||forward-deployed engineer,75,0.9843344688415527,False,75,True
4648420006,accenturefederalservices||solution architect,76,0.9676068425178528,False,76,True
8042511,dominodatalab||solution architect,77,0.967606782913208,False,78,True
4686124006,accenturefederalservices||solution architect,78,0.967606782913208,False,77,True
7979540,ardentmc||full stack software developer,79,0.9486408233642578,False,79,True
7576969003,axon||software engineer i,80,0.9335975050926208,False,81,True
4266177009,publicinput||software engineer i,81,0.9335975050926208,False,80,True
5055532007,veracyte||software development engineer,82,0.9307779669761658,False,83,True
4655607006,accenturefederalservices||software development engineer,83,0.9307779669761658,False,82,True
4689887006,accenturefederalservices||software developer/engineer,84,0.9073728322982788,False,84,True
7377294,zuora||solution architect ii,85,0.9036897420883179,False,85,True
7650609003,tulip||applied ai engineer,86,0.8953640460968018,False,86,True
8611118002,spacex||application software engineer,87,0.8875792026519775,False,90,True
8494240002,spacex||application software engineer,88,0.8875792026519775,False,89,True
8494238002,spacex||application software engineer,89,0.8875792026519775,False,88,True
8402778002,spacex||application software engineer,90,0.8875792026519775,False,87,True
6635595,monzo||backend engineer iii,91,0.8866102695465088,False,91,True
8639548002,mediaalpha||data scientist iv,92,0.8863242864608765,False,92,True
7984730,toast||data scientist ii,93,0.8834981918334961,False,93,True
7775271003,oddball||back end engineer,94,0.8809669017791748,False,94,True
7751601003,cookunity||ai native engineer,95,0.8767060041427612,False,95,True
8633661002,fieldwire||mid-level backend engineer,96,0.8757864236831665,False,96,True
4673138006,accenturefederalservices||software developer,97,0.8729230165481567,False,97,True
42296,guidehouse|wd1|external||software developer,98,0.872922956943512,False,98,True
5430088004,"vercel||software engineer, backend",99,0.8705725073814392,False,99,True
4691592006,accenturefederalservices||data science practitioner,100,0.8618313074111938,False,100,True
4671340006,accenturefederalservices||data science practitioner,101,0.8618311882019043,False,103,False
4628919006,accenturefederalservices||data science practitioner,102,0.8618311882019043,False,102,False
4620960006,accenturefederalservices||data science practitioner,103,0.8618311882019043,False,101,False
5189877007,andurilindustries||production software engineer,104,0.8617637157440186,False,104,False
59f3c28d-c365-4343-a11e-001cef58ce90,wayflyer||full stack software engineer,105,0.8612813353538513,False,106,False
4683032006,accenturefederalservices||full stack software engineer,106,0.8612813353538513,False,105,False
4957889008,buzzsolutions||solutions engineer,107,0.8611648678779602,False,107,False
8069776,mongodb||software engineer 3,108,0.8602790832519531,False,111,False
8015792,mongodb||software engineer 3,109,0.8602790832519531,False,110,False
7993984,mongodb||software engineer 3,110,0.8602790832519531,False,109,False
7908785,mongodb||software engineer 3,111,0.8602790832519531,False,108,False
5355963008,habitathealth||forward-deployed product engineer,112,0.8515422344207764,False,112,False
7572075,cloudflare||forward deployed engineer,113,0.8459926843643188,False,113,False
4599640006,accenturefederalservices||software engineering analyst,114,0.8451992869377136,False,114,False
0eecd153-c7e7-4098-987c-7d34e9d2850b,hirehangar||frontend-focused full stack developer,115,0.8398764133453369,False,115,False
8485797002,"discord||data scientist, analytics",116,0.8398042917251587,False,116,False
65148649-2d74-4af6-a0b0-cad793083d78,tradeify||full stack engineer,117,0.8384212851524353,False,119,False
4673775006,accenturefederalservices||full stack engineer,118,0.8384212851524353,False,118,False
4628511006,accenturefederalservices||full stack engineer,119,0.8384212851524353,False,117,False
R-108690,mrisoftware|wd501|external_careersite||software engineer iii,120,0.835830807685852,False,122,False
5185576008,backblaze||software engineer iii,121,0.835830807685852,False,121,False
4715753005,globalhealthcareexchangeinc||software engineer iii,122,0.835830807685852,False,120,False
8069662,sonicwall||distinguished engineer – ai/ml,123,0.8335123062133789,False,123,False
5191113007,"redcellpartners||forward deployed engineer, federal/national security",124,0.8331739902496338,False,124,False
8498606002,zoominfo||forward deployed data engineer,125,0.832870364189148,False,125,False
5131150007,"andurilindustries||software engineer, tooling",126,0.832379937171936,False,126,False
7765684003,verisign||software engineer ii,127,0.8323724865913391,False,127,False
R-282822,mastercard|wd1|corporatecareers||software engineer ii,128,0.8323724269866943,False,133,False
8070752,urbancompass||software engineer ii,129,0.8323724269866943,False,132,False
8070744,urbancompass||software engineer ii,130,0.8323724269866943,False,131,False
8042469,urbancompass||software engineer ii,131,0.8323724269866943,False,130,False
8042468,urbancompass||software engineer ii,132,0.8323724269866943,False,129,False
0ca9484b-5eb3-45c2-9ea6-64c3f8144a3a,spreetail||software engineer ii,133,0.8323724269866943,False,128,False
5613601004,"vercel||software engineer, growth",134,0.8317070007324219,False,134,False
5064165007,"andurilindustries||software engineer, intelligence systems",135,0.8307985067367554,False,135,False
7789541,phdata||solutions architect,136,0.8266497850418091,False,136,False
5609732004,turing||forward deployed ai engineer,137,0.8251274824142456,False,137,False
4689012006,accenturefederalservices||jr. data scientist,138,0.824458658695221,False,138,False
4681293006,accenturefederalservices||cleared ai/ml engineer,139,0.8218361139297485,False,141,False
4662901006,accenturefederalservices||cleared ai/ml engineer,140,0.8218361139297485,False,140,False
4608166006,accenturefederalservices||cleared ai/ml engineer,141,0.8218361139297485,False,139,False
4694802006,sharkninjaoperatingllc||ai designer,142,0.821569561958313,False,142,False
8492935002,"workato||intern, ai engineering",143,0.8211719989776611,False,143,False
8633831002,gotion||software development engineer – full stack,144,0.8208365440368652,False,144,False
8014448,stitchfix||ml platform engineer,145,0.8193154335021973,False,145,False
4690993006,accenturefederalservices||enterprise solutions architect,146,0.8173291683197021,False,146,False
7490828002,gotion||application engineer,147,0.814730167388916,False,148,False
7451008002,gotion||application engineer,148,0.814730167388916,False,147,False
WD30273794,jci|wd5|jci||application engineer,149,0.8147300481796265,False,149,False
R-10399050,fiserv|wd5|ext||data engineer,150,0.8135944604873657,False,155,False
8516396002,wpp||data engineer,151,0.8135944604873657,False,154,False
7777284003,prizepicks||data engineer,152,0.8135944604873657,False,153,False
5120884007,xai||data engineer,153,0.8135944604873657,False,152,False
4680730006,accenturefederalservices||data engineer,154,0.8135944604873657,False,151,False
4609467006,accenturefederalservices||data engineer,155,0.8135944604873657,False,150,False
4655610006,accenturefederalservices||ai architect,156,0.8121529221534729,False,156,False
7918310,relaypro||solutions engineer,157,0.8113192319869995,False,159,False
7722011,d2l||solutions engineer,158,0.8113192319869995,False,158,False
4236171009,numa||solutions engineer,159,0.8113192319869995,False,157,False
7570898,workatbackbase||ai applied software engineer,160,0.8091906905174255,False,160,False
5191611007,clerkie||full-stack engineer,161,0.8085176348686218,False,162,False
3ccd9185-0138-4211-a757-428092170dfe,sift||full-stack engineer,162,0.8085176348686218,False,161,False
7332473,"roblox||distinguished engineer, machine learning systems – economy",163,0.8067836761474609,False,163,False
R0123378,hitachi|wd1|hitachi||data analyst,164,0.8057249784469604,False,172,False
8642273002,questbridge||data analyst,165,0.8057249784469604,False,171,False
8550544002,modernhealth||data analyst,166,0.8057249784469604,False,170,False
8282912002,gotion||data analyst,167,0.8057249784469604,False,169,False
7671051003,shopltk||data analyst,168,0.8057249784469604,False,168,False
5226372008,scopely||data analyst,169,0.8057249784469604,False,167,False
4716536005,connectwise||data analyst,170,0.8057249784469604,False,166,False
4683750006,pitchbookdata||data analyst,171,0.8057249784469604,False,165,False
4110676009,arcanaanalytics||data analyst,172,0.8057249784469604,False,164,False
6100885004,extrahopnetworks||software engineer iii | ai/ml,173,0.8050615787506104,False,173,False
R1127015,dentsuaegis|wd3|dan_global||data & ai engineer,174,0.8021395206451416,False,174,False
8025021,"roblox||software engineer, data engineering",175,0.8014427423477173,False,176,False
4991618007,"andurilindustries||software engineer, data engineering",176,0.8014427423477173,False,175,False
4243666009,redwoodsoftware||associate software engineer,177,0.8003907203674316,False,177,False
7766899003,verisign||junior software engineer,178,0.7991874814033508,False,178,False
5151287007,"andurilindustries||perception engineer, machine learning",179,0.7980446219444275,False,179,False
7805049003,phoenixcontact||software development engineer ii,180,0.7973217964172363,False,180,False
5147775007,andurilindustries||frontend software engineer,181,0.7972208857536316,False,181,False
4610676006,accenturefederalservices||data engineer specialist,182,0.7917602062225342,False,182,False
8642007002,trexsolutions||sharepoint engineer,183,0.7895203828811646,False,183,False
7645194003,sezzle||ai engineer ii,184,0.7887264490127563,False,189,False
7633990003,sezzle||ai engineer ii,185,0.7887264490127563,False,188,False
7633989003,sezzle||ai engineer ii,186,0.7887264490127563,False,187,False
7633988003,sezzle||ai engineer ii,187,0.7887264490127563,False,186,False
7633986003,sezzle||ai engineer ii,188,0.7887264490127563,False,185,False
7633985003,sezzle||ai engineer ii,189,0.7887264490127563,False,184,False
7719653003,affirm||machine learning engineer ii,190,0.7886656522750854,False,191,False
7719651003,affirm||machine learning engineer ii,191,0.7886656522750854,False,190,False
R-10398965,"fiserv|wd5|ext||specialist, software development engineering",192,0.7869130373001099,False,192,False
4956028007,xai||exceptional software engineer,193,0.7858759760856628,False,193,False
5183145007,andurilindustries||robotic software engineer,194,0.7857704162597656,False,194,False
8639573002,spacex||full stack software engineer,195,0.7836207747459412,False,198,False
8600005002,spacex||full stack software engineer,196,0.7836207747459412,False,197,False
8495180002,spacex||full stack software engineer,197,0.7836207747459412,False,196,False
8495131002,spacex||full stack software engineer,198,0.7836207747459412,False,195,False
5102393007,"andurilindustries||software engineer, robotics",199,0.7833893299102783,False,199,False
8559015002,spacex||ai software engineer,200,0.782890796661377,False,200,False
6115863004,"googlefiber||backend engineer, ai systems",201,0.7822108864784241,False,201,False
8376377002,faire||data science intern,202,0.7779619693756104,False,202,False
6120133004,"kargo||software engineer, edge",203,0.7776697278022766,False,203,False
8076927,boxinc||solutions engineer i,204,0.7767903804779053,False,204,False
5704320004,"vercel||software engineer, agent",205,0.7757629752159119,False,205,False
8639200002,"lyft||ml software engineer, eta",206,0.7741063237190247,False,206,False
5134986007,andurilindustries||security software engineer,207,0.770049512386322,False,207,False
89e8c629-36d6-48a3-9b64-0a48d290f36c,acorns||data analyst i,208,0.769249439239502,False,208,False
4689025006,accenturefederalservices||jr. software engineer,209,0.7687092423439026,False,209,False
7650739003,verisign||research engineer,210,0.7673372626304626,False,210,False
5286244008,"quince||data scientist, storefront",211,0.7672938108444214,False,211,False
5474915004,"vercel||software engineer, ai sdk",212,0.7660306096076965,False,212,False
8557032002,spacex||software engineer,213,0.76439368724823,False,213,False
5173534007,"andurilindustries||ai solutions engineer, talent acquisition",214,0.7641043066978455,False,216,False
5173388007,"andurilindustries||ai solutions engineer, talent acquisition",215,0.7641043066978455,False,215,False
5171942007,"andurilindustries||ai solutions engineer, talent acquisition",216,0.7641043066978455,False,214,False
4928202007,"andurilindustries||software test engineer, intelligence systems",217,0.762866735458374,False,217,False
5798406004,"vercel||software engineer, ai gateway",218,0.7624025940895081,False,218,False
4697647006,accenturefederalservices||cleared full stack developer,219,0.7594107389450073,False,219,False
8603667002,"spacex||application software engineer, manufacturing",220,0.7590018510818481,False,220,False
4193414009,woolpert||project architect,221,0.7587515711784363,False,221,False
4005123009,"kodiak||software engineer, embedded",222,0.7571898698806763,False,222,False
5179639004,"vercel||software engineer, cdn",223,0.7559285163879395,False,223,False
5178957007,"andurilindustries||software engineer, game development",224,0.7552715539932251,False,225,False
4975955007,"andurilindustries||software engineer, game development",225,0.7552715539932251,False,224,False
7603832003,abarca||software automation engineer,226,0.7543110847473145,False,226,False
7727042003,teachforall||head of ai solutions & engineering - technology & innovation,227,0.7541426420211792,False,227,False
8421359002,spacex||full stack software engineer,228,0.7540076971054077,False,228,False
7195528,phdata||machine learning solutions architect,229,0.7524821758270264,False,230,False
6991264,phdata||machine learning solutions architect,230,0.7524821758270264,False,229,False
4696106006,accenturefederalservices||drupal engineer,231,0.7518815398216248,False,231,False
8493079002,"spacex||new graduate engineer, software",232,0.7491346001625061,False,232,False
4481921005,"scaleai||forward deployed software engineer, public sector",233,0.748952329158783,False,233,False
6098390004,"vercel||software engineer, eve",234,0.7487661838531494,False,234,False
R440549,comcast|wd5|comcast_careers||data engineer 3,235,0.747626543045044,False,235,False
8112909002,workato||software engineer - ai agent platforms,236,0.7469273805618286,False,236,False
5832853004,ionq||systems engineer,237,0.7451512813568115,False,242,False
5176746007,andurilindustries||systems engineer,238,0.7451512813568115,False,241,False
4689035006,accenturefederalservices||systems engineer,239,0.7451512813568115,False,240,False
4676953006,accenturefederalservices||systems engineer,240,0.7451512813568115,False,239,False
4668821006,accenturefederalservices||systems engineer,241,0.7451512813568115,False,238,False
4658153006,accenturefederalservices||systems engineer,242,0.7451512813568115,False,237,False
7909448,boxinc||ai business automation engineer,243,0.7450417280197144,False,243,False
7798649003,"engine||solutions engineer, integrations",244,0.7439348697662354,False,244,False
8569160002,spacex||software engineer,245,0.7421563863754272,False,246,False
8569125002,spacex||software engineer,246,0.7421563863754272,False,245,False
8605075002,spacex||software engineer,247,0.7416492700576782,False,248,False
8501199002,spacex||software engineer,248,0.7416492700576782,False,247,False
8642274002,spacex||software engineer,249,0.7398422360420227,False,249,False
5179580007,andurilindustries||robotics software engineer,250,0.7395050525665283,False,252,False
5136146007,andurilindustries||robotics software engineer,251,0.7395050525665283,False,251,False
5113524007,andurilindustries||robotics software engineer,252,0.7395050525665283,False,250,False
8050418,mongodb||advisory partner solutions architect,253,0.7379215359687805,False,253,False
5798416004,"vercel||software engineer, workflows",254,0.736120343208313,False,254,False
5156713007,"andurilindustries||mission software engineer, intelligence systems",255,0.7354234457015991,False,255,False
8487534002,"spacex||software engineer, simulations",256,0.7350457310676575,False,256,False
8466905002,"spacex||software engineer, design software",257,0.7344459295272827,False,258,False
8466837002,"spacex||software engineer, design software",258,0.7344459295272827,False,257,False
6092680004,boomilp||ai full stack engineer,259,0.7339751124382019,False,259,False
8593713002,databricks||ai engineer - fde,260,0.7333498001098633,False,260,False
R-10398712,"fiserv|wd5|ext||advisor, software development engineering",261,0.7324322462081909,False,262,False
R-10398711,"fiserv|wd5|ext||advisor, software development engineering",262,0.7324322462081909,False,261,False
7991641,"roku||software engineer, embedded agentic ai",263,0.7319530844688416,False,263,False
5551619004,"vercel||software engineer, compute",264,0.7315866947174072,False,264,False
4925835007,xai||data science tutor,265,0.7310139536857605,False,265,False
8560546002,spacex||software engineer,266,0.7301870584487915,False,271,False
8560537002,spacex||software engineer,267,0.7301870584487915,False,270,False
8558859002,spacex||software engineer,268,0.7301870584487915,False,269,False
8558858002,spacex||software engineer,269,0.7301870584487915,False,268,False
8558857002,spacex||software engineer,270,0.7301870584487915,False,267,False
8495882002,spacex||software engineer,271,0.7301870584487915,False,266,False
R-281017,mastercard|wd1|corporatecareers||software engineer ii - cs,272,0.7294957637786865,False,272,False
8621621002,"spacex||software engineer, product development",273,0.7292764186859131,False,274,False
8436728002,"spacex||software engineer, product development",274,0.7292764186859131,False,273,False
7647797003,"launchdarkly||sdk software engineer, ai",275,0.7290105819702148,False,275,False
4688156006,accenturefederalservices||custom software engineer,276,0.7289592027664185,False,278,False
4673485006,accenturefederalservices||custom software engineer,277,0.7289592027664185,False,277,False
4672257006,accenturefederalservices||custom software engineer,278,0.7289592027664185,False,276,False
7680250,"roku||software engineer, embedded systems",279,0.7264282703399658,False,279,False
5134376007,veracyte||data scientist iii - temporary,280,0.7262959480285645,False,280,False
7819100,purestorage||service solutions engineer,281,0.7262170314788818,False,281,False
4609465006,accenturefederalservices||cleared data scientist,282,0.7251518964767456,False,282,False
JR-202615309,generalmotors|wd5|careers_gm||industrial engineer,283,0.723651647567749,False,283,False
4052862009,redwoodsoftware||full stack java engineer,284,0.7236383557319641,False,284,False
8553080002,"spacex||full stack software engineer, data",285,0.7234224081039429,False,285,False
5238831008,trueclassicteesllc||data & analytics engineer,286,0.7220093011856079,False,286,False
4855435101,nice||specialist software architect,287,0.7219854593276978,False,287,False
8610872002,spacex||full stack software engineer,288,0.7211863994598389,False,288,False
4260796009,valaratomics||manufacturing engineer,289,0.7205257415771484,False,289,False
4303062009,cadwell||manufacturing engineer,290,0.7205256819725037,False,290,False
7629223003,northspyre||data journalist,291,0.7202655076980591,False,291,False
5323679008,"quince||data scientist, planning and forecasting",292,0.72017502784729,False,292,False
4716870005,astspacemobile||ate associate software engineer,293,0.7197116017341614,False,293,False
7826363,roblox||design engineer,294,0.7192538976669312,False,294,False
7800446003,"affirm||software engineer ii, backend",295,0.718742847442627,False,296,False
7800444003,"affirm||software engineer ii, backend",296,0.718742847442627,False,295,False
R184217,maersk|wd3|maersk_careers||software engineer - dot net,297,0.7177788615226746,False,297,False
7810265003,"teachforall||ai specialist, global institute",298,0.7176507711410522,False,298,False
8443290002,"spacex||software engineer, simulation",299,0.7170169353485107,False,299,False
5175168007,"andurilindustries||software engineer, training platform",300,0.7167555093765259,False,300,False
5063490007,xai||ai tutor - software engineering specialist,301,0.715008020401001,False,301,False
8621463002,"spacex||software engineer, high performance computing",302,0.714698314666748,False,302,False
5254965008,mesh||full stack software engineer - web3,303,0.7141566276550293,False,303,False
8632106002,"spacex||application software engineer, employee experience",304,0.7133191823959351,False,305,False
8632103002,"spacex||application software engineer, employee experience",305,0.7133191823959351,False,304,False
7762930,phdata||forward deployed ai product engineer,306,0.7130231857299805,False,306,False
8618424002,cannondesign||project architect iv,307,0.7120546102523804,False,309,False
8572307002,cannondesign||project architect iv,308,0.7120546102523804,False,308,False
8572305002,cannondesign||project architect iv,309,0.7120546102523804,False,307,False
7807087003,phonepe||software engineer-backend,310,0.7112886905670166,False,310,False
WD30274999,jci|wd5|jci||product engineer,311,0.7098783850669861,False,315,False
WD30274998,jci|wd5|jci||product engineer,312,0.7098783850669861,False,314,False
WD30274997,jci|wd5|jci||product engineer,313,0.7098783850669861,False,313,False
WD30274996,jci|wd5|jci||product engineer,314,0.7098783850669861,False,312,False
WD30274995,jci|wd5|jci||product engineer,315,0.7098783850669861,False,311,False
7803020003,verisign||java software engineer,316,0.7096642255783081,False,316,False
R439301,comcast|wd5|comcast_careers||development engineer 3,317,0.7095440030097961,False,317,False
JR102588,o9solutions|wd5|o9solutionsexternal||associate solution architect-demand planning,318,0.7093369960784912,False,318,False
5153901007,andurilindustries||developer experience engineer,319,0.709194004535675,False,320,False
5136434007,andurilindustries||developer experience engineer,320,0.709194004535675,False,319,False
5108653007,andurilindustries||game development engineer,321,0.7091064453125,False,321,False
5191572007,andurilindustries||game development engineer,322,0.7091063261032104,False,322,False
6093255004,"vercel||security software engineer, iam",323,0.7088446021080017,False,323,False
8601802002,"spacex||software engineer, c++",324,0.7086910009384155,False,324,False
5710004004,wavemm1||endpoint engineer,325,0.7083224058151245,False,325,False
5189900007,andurilindustries||technical operations engineer,326,0.7080984115600586,False,326,False
8022942,"reddit||machine learning systems engineer, ads ml platform",327,0.7057605385780334,False,328,False
8022937,"reddit||machine learning systems engineer, ads ml platform",328,0.7057605385780334,False,327,False
4209667009,"redwoodsoftware||solutions engineer, new business",329,0.7057439088821411,False,329,False
9774a0ea-48f5-4c81-9a77-e18c13d366ae,realitydefender||ux engineer,330,0.7049322128295898,False,330,False
8637712002,"spacex||software engineer, applied ai",331,0.7046381831169128,False,331,False
5152408007,"xai||software engineer, ads product",332,0.7040308713912964,False,332,False
5192428007,altentechnologyusa||data architect,333,0.7033162117004395,False,339,False
5192416007,altentechnologyusa||data architect,334,0.7033162117004395,False,338,False
4678457006,accenturefederalservices||data architect,335,0.7033162117004395,False,337,False
4676335006,accenturefederalservices||data architect,336,0.7033162117004395,False,336,False
4676332006,accenturefederalservices||data architect,337,0.7033162117004395,False,335,False
4674792006,accenturefederalservices||data architect,338,0.7033162117004395,False,334,False
4608156006,accenturefederalservices||data architect,339,0.7033162117004395,False,333,False
JR112359,ptc|wd1|ptc||software technical consultant,340,0.7024340629577637,False,340,False
8593365002,"spacex||application software engineer, safety & training",341,0.7022026777267456,False,341,False
5102920007,andurilindustries||computer vision engineer,342,0.7008612155914307,False,342,False
7985390,purestorage||production engineer,343,0.6996763944625854,False,344,False
5158936007,zscaler||production engineer,344,0.6996763944625854,False,343,False
4698754005,shinvestmentsllc||cyber security engineer,345,0.6989935636520386,False,345,False
4695981006,accenturefederalservices||test engineer,346,0.6987735033035278,False,351,False
4694801006,accenturefederalservices||test engineer,347,0.6987735033035278,False,350,False
4694721006,sharkninjaoperatingllc||test engineer,348,0.6987735033035278,False,349,False
4683854006,accenturefederalservices||test engineer,349,0.6987735033035278,False,348,False
4680737006,accenturefederalservices||test engineer,350,0.6987735033035278,False,347,False
4232403009,voyagertechnologiesinc||test engineer,351,0.6987735033035278,False,346,False
7810418003,metrostarsystems||chief enterprise solutions architect,352,0.6986406445503235,False,352,False
R436537,comcast|wd5|comcast_careers||engineer 3 - machine learning,353,0.6984816789627075,False,353,False
5252728008,divergent||industrial robotics engineer,354,0.6983269453048706,False,354,False
99cc333f-10e7-46b4-bd03-e116d327fa6f,campus||ai instructor,355,0.6973786354064941,False,355,False
5124616007,xai||software engineer - data,356,0.6971887946128845,False,356,False
112834-JOB,sprinklr|wd1|careers||it ai and automation analyst,357,0.6966722011566162,False,357,False
5732855004,vercel||site engineer,358,0.6963152885437012,False,358,False
8585929002,atlassand||network engineer,359,0.6939738988876343,False,362,False
7977200,ardentmc||network engineer,360,0.6939738988876343,False,361,False
4870731007,xai||network engineer,361,0.6939738988876343,False,360,False
4675636006,accenturefederalservices||network engineer,362,0.6939738988876343,False,359,False
7693620002,gotion||network engineer,363,0.6939737796783447,False,363,False
R-54185-2026,harman|wd3|harman||software engineer - java backend,364,0.6938292384147644,False,364,False
4681183006,astranis||software engineer- backend intern,365,0.6929463148117065,False,365,False
8585072002,"spacex||software engineer, test infrastructure",366,0.6924464702606201,False,366,False
7781906003,fossainc||sales engineer,367,0.6923540830612183,False,372,False
5171095007,zscaler||sales engineer,368,0.6923540830612183,False,371,False
5168429007,zscaler||sales engineer,369,0.6923540830612183,False,370,False
5159500007,zscaler||sales engineer,370,0.6923540830612183,False,369,False
5158512007,zscaler||sales engineer,371,0.6923540830612183,False,368,False
4683024006,adjustjobs||sales engineer,372,0.6923540830612183,False,367,False
4692035006,accenturefederalservices||front end developer,373,0.6921100616455078,False,373,False
8001042,boxinc||enterprise solutions engineer,374,0.6919440031051636,False,375,False
7985637,boxinc||enterprise solutions engineer,375,0.6919440031051636,False,374,False
26WD99923,autodesk|wd1|ext||software engineer,376,0.6913009881973267,False,376,False
5052038007,xai||software engineer - internal tools,377,0.6905537843704224,False,377,False
8633741002,databricks||solutions architect - public sector,378,0.6905070543289185,False,378,False
5808568004,"vercel||software engineer, dashboard",379,0.6903883218765259,False,379,False
JR2730,shi|wd12|shicareers||solutions architect - vmware,380,0.6903785467147827,False,380,False
8567571002,spacex||security engineer,381,0.6898726224899292,False,381,False
8567522002,spacex||security engineer,382,0.6898725032806396,False,387,False
8031351,fanduel||security engineer,383,0.6898725032806396,False,386,False
8031341,fanduel||security engineer,384,0.6898725032806396,False,385,False
7511689003,anchanto||security engineer,385,0.6898725032806396,False,384,False
4696951006,accenturefederalservices||security engineer,386,0.6898725032806396,False,383,False
4619940006,accenturefederalservices||security engineer,387,0.6898725032806396,False,382,False
7931911,roblox||distinguished machine learning engineer - safety,388,0.6883597373962402,False,388,False
8600019002,"spacex||application software engineer, manufacturing systems",389,0.687387228012085,False,390,False
8600012002,"spacex||application software engineer, manufacturing systems",390,0.687387228012085,False,389,False
8574243002,"spacex||software engineer, hardware test & automation",391,0.6867808103561401,False,391,False
8035763,ivalua||it operations engineer,392,0.6865295171737671,False,392,False
4946696007,xai||software engineer - networking software and services,393,0.686140775680542,False,393,False
5788954004,"vercel||software engineer, trust & safety",394,0.685848593711853,False,394,False
5959293002,"gotion||solution engineer, ess",395,0.6857748031616211,False,395,False
7977663,ardentmc||cybersecurity engineer,396,0.6855604648590088,False,402,False
7810313003,grayscaleinvestments||cybersecurity engineer,397,0.6855604648590088,False,401,False
4690064006,accenturefederalservices||cybersecurity engineer,398,0.6855604648590088,False,400,False
4688186006,accenturefederalservices||cybersecurity engineer,399,0.6855604648590088,False,399,False
4677559006,accenturefederalservices||cybersecurity engineer,400,0.6855604648590088,False,398,False
4677515006,accenturefederalservices||cybersecurity engineer,401,0.6855604648590088,False,397,False
4587745006,accenturefederalservices||cybersecurity engineer,402,0.6855604648590088,False,396,False
R0135071,hitachi|wd1|hitachi||application developer,403,0.6854000091552734,False,404,False
7819738,ardentmc||application developer,404,0.6854000091552734,False,403,False
4592027006,accenturefederalservices||forward deployed engineer - palantir foundry,405,0.6853569746017456,False,405,False
R10267476,veralto|wd1|eskojobs||software support engineer i - solutions,406,0.6852731704711914,False,406,False
7723260003,verisign||software engineer - automation,407,0.6850700378417969,False,407,False
7938955,piaggiofastforward||dev ops engineer,408,0.6850658655166626,False,408,False
5192467007,altentechnologyusa||infrastructure architect,409,0.6849056482315063,False,410,False
5192462007,altentechnologyusa||infrastructure architect,410,0.6849056482315063,False,409,False
5122503007,"andurilindustries||technical operations engineer, intelligence systems",411,0.6848278641700745,False,411,False
4906944101,cognite||software engineer - ai/ml systems,412,0.684792160987854,False,412,False
8420526002,"spacex||application software engineer, data",413,0.6847400665283203,False,413,False
4691258006,accenturefederalservices||iam engineer,414,0.684585452079773,False,414,False
4687162006,accenturefederalservices||sap data scientist,415,0.6844261884689331,False,415,False
5830883004,ionq||mechanical engineer,416,0.6840386390686035,False,423,False
5211721008,lexingtonmedical||mechanical engineer,417,0.6840386390686035,False,422,False
5153667007,andurilindustries||mechanical engineer,418,0.6840386390686035,False,421,False
4321364009,brph||mechanical engineer,419,0.6840386390686035,False,420,False
4321292009,brph||mechanical engineer,420,0.6840386390686035,False,419,False
4321272009,brph||mechanical engineer,421,0.6840386390686035,False,418,False
4321237009,brph||mechanical engineer,422,0.6840386390686035,False,417,False
4299740006,astranis||mechanical engineer,423,0.6840386390686035,False,416,False
4594694006,accenturefederalservices||sap solution architect,424,0.6836545467376709,False,424,False
8618487002,cannondesign||project architect v,425,0.6835240125656128,False,425,False
6118673004,boomilp||systems development engineer 2,426,0.6834707856178284,False,426,False
7988982,boxinc||mid-market solutions engineer,427,0.6834224462509155,False,428,False
7983567,boxinc||mid-market solutions engineer,428,0.6834224462509155,False,427,False
7867202,accordion||ai operations associate,429,0.6823046803474426,False,429,False
4949035007,"verkada||project architect, global services",430,0.6797716617584229,False,430,False
7968124,"relaypro||associate software engineer, embedded development",431,0.6794631481170654,False,431,False
8637713002,"spacex||software engineer, design engineering",432,0.6793287992477417,False,432,False
4015622006,astranis||flight software engineer,433,0.6780791282653809,False,433,False
8590099002,aegworldwide||software engineer- ch- axs,434,0.677356481552124,False,434,False
8399515002,spacex||it network engineer,435,0.6765983700752258,False,435,False
R264053,analogdevices|wd1|external||cloud software engineer,436,0.6764448881149292,False,436,False
4682911006,accenturefederalservices||salesforce developer,437,0.676366925239563,False,437,False
7902817,"airbnb||software engineer, biztech",438,0.6763489246368408,False,438,False
7528394,ardentmc||salesforce technical architect,439,0.6756411194801331,False,439,False
8051390,"waymo||machine learning engineer, sensor pipelines",440,0.6750366687774658,False,440,False
7122157,intercom||technical support engineer,441,0.6749703884124756,False,441,False
8642529002,"spacex||mechanical engineer, ai satellites",442,0.6748034954071045,False,442,False
7944199,"elastic||solutions architect - general business, east",443,0.6746103763580322,False,444,False
7939709,"elastic||solutions architect - general business, east",444,0.6746103763580322,False,443,False
8628843002,janestreet||windows engineer,445,0.6736963987350464,False,445,False
R-250367,amgen|wd1|careers||software development engineer-test ii,446,0.673254132270813,False,446,False
8621508002,"spacex||software engineer, satellite systems",447,0.6728371977806091,False,447,False
4694011006,pitchbookdata||ai enablement specialist,448,0.6727004647254944,False,448,False
7843774,redventures||software engineer | growth & transformation,449,0.6725902557373047,False,449,False
5174717007,"andurilindustries||software engineer, agent platform",450,0.6720413565635681,False,450,False
7962270,"boxinc||machine learning engineer iii, core agents",451,0.6719146966934204,False,451,False
8007613,mongodb||technical services engineer,452,0.6714344024658203,False,452,False
4675053006,accenturefederalservices||epm solution architect,453,0.671281099319458,False,453,False
R014671,aveva|wd3|aveva_careers||technical support engineer i,454,0.6703863143920898,False,454,False
5155311007,zscaler||partner solution architect - gsi,455,0.6702783107757568,False,455,False
8639247002,"spacex||electrical hardware engineer, ai satellites",456,0.6696861982345581,False,456,False
8575857002,"spacex||software engineer, site reliability engineering",457,0.6695935726165771,False,457,False
5115371007,andurilindustries||programs chief engineer,458,0.6691988110542297,False,458,False
8598038002,"spacex||software engineer, c++",459,0.6677669286727905,False,459,False
8052429,"tubitv||data scientist, growth analytics",460,0.6675509810447693,False,460,False
5349526008,dlrgroup||architect,461,0.66736900806427,False,461,False
4666148006,accenturefederalservices||data engineer,462,0.6669074892997742,False,462,False
R265233,"blackrock|wd1|blackrock_professional||artificial intelligence engineer, portfolio management group, vice president",463,0.6661354303359985,False,463,False
4678796006,accenturefederalservices||ai/ml strategist,464,0.6659539937973022,False,466,False
4676299006,accenturefederalservices||ai/ml strategist,465,0.6659539937973022,False,465,False
4674625006,accenturefederalservices||ai/ml strategist,466,0.6659539937973022,False,464,False
5172979007,atwellgroup||civil project engineer,467,0.6653310060501099,False,467,False
4681370006,specialty1||it server engineer,468,0.6647493839263916,False,468,False
8488034002,spacex||simulation software engineer,469,0.6640461087226868,False,469,False
8569790002,spacex||software engineer,470,0.6638522744178772,False,472,False
8525359002,spacex||software engineer,471,0.6638522744178772,False,471,False
8379301002,spacex||software engineer,472,0.6638522744178772,False,470,False
4698536006,orioninnovation||backend java developer,473,0.6636720299720764,False,473,False
6009442004,ionq||production support engineer,474,0.6636655330657959,False,474,False
8008599,tanium||it infrastructure engineer,475,0.6630963087081909,False,475,False
4194979009,woolpert||architect,476,0.662706196308136,False,477,False
4111110009,woolpert||architect,477,0.662706196308136,False,476,False
4599650006,accenturefederalservices||data and ai analyst,478,0.6624528169631958,False,478,False
7310607,zuora||dev. ops engineer,479,0.6619594097137451,False,479,False
8555791002,spacex||full stack software engineer,480,0.6618146896362305,False,480,False
8559054002,"spacex||software engineer, engineering simulation & automation",481,0.6610194444656372,False,481,False
7546762,rubrik||corporate it architect,482,0.6609704494476318,False,482,False
8525554002,"torcrobotics||ml engineer, ii - app engine",483,0.660476803779602,False,483,False
8382088002,"spacex||software engineer, satellite operations",484,0.6604616641998291,False,484,False
R014668,aveva|wd3|aveva_careers||tech support engineer,485,0.660298764705658,False,485,False
5252716008,divergent||robotics systems software engineer,486,0.6593594551086426,False,486,False
5150089007,andurilindustries||product data engineer,487,0.658366322517395,False,490,False
5123282007,andurilindustries||product data engineer,488,0.658366322517395,False,489,False
5114654007,andurilindustries||product data engineer,489,0.658366322517395,False,488,False
5114652007,andurilindustries||product data engineer,490,0.658366322517395,False,487,False
R264722,"blackrock|wd1|blackrock_professional||full stack developer (ui/ux), portfolio management group, analyst",491,0.6575789451599121,False,491,False
R13716,creditacceptance|wd5|credit_acceptance||software engineer ii,492,0.657511830329895,False,492,False
4695444006,accenturefederalservices||data product & quality specialist,493,0.6573835611343384,False,493,False
4669273006,accenturefederalservices||generative ai applications engineer,494,0.6572744846343994,False,496,False
4669272006,accenturefederalservices||generative ai applications engineer,495,0.6572744846343994,False,495,False
4669270006,accenturefederalservices||generative ai applications engineer,496,0.6572744846343994,False,494,False
R14343,proofpoint|wd5|proofpointcareers||marketing ai automation engineer iii,497,0.6565279960632324,False,497,False
R0008335,availity|wd1|availity_careers_us||application support engineer,498,0.6563911437988281,False,498,False
4681773006,accenturefederalservices||enterprise data engineer,499,0.6563747525215149,False,499,False
8632953002,spacex||telecommunications engineer,500,0.6561068296432495,False,500,False
5248857008,"scoutai||software engineer, agent harnessing",501,0.6558958292007446,False,501,False
8245161002,gotion||industrial design engineer,502,0.6554694175720215,False,502,False
4587713006,accenturefederalservices||cybersecurity research engineer,503,0.6548482179641724,False,503,False
5989803004,vercel||developer success engineer,504,0.6547174453735352,False,504,False
4676282006,accenturefederalservices||integration engineer,505,0.6538726091384888,False,505,False
8047815,"roblox||software engineer, ads platform",506,0.6537098288536072,False,506,False
5364355008,watchmakergenomics||it systems engineer,507,0.6535820960998535,False,507,False
7918638,intercom||it systems engineer,508,0.653581976890564,False,510,False
5152463007,andurilindustries||it systems engineer,509,0.653581976890564,False,509,False
4871633007,xai||it systems engineer,510,0.653581976890564,False,508,False
7979762,ardentmc||service desk engineer,511,0.6534595489501953,False,511,False
4691998006,accenturefederalservices||forward data engineer,512,0.6528608798980713,False,512,False
4560681006,accenturefederalservices||computer scientist l2,513,0.6521919965744019,False,513,False
8604635002,gotion||ai financial analyst,514,0.652174711227417,False,514,False
JR102868,infios|wd502|infios||technical architect,515,0.6519567966461182,False,515,False
5112663008,apexcompanies||engineer 2,516,0.6514321565628052,False,516,False
4147236009,woolpert||project architect - healthcare specialized,517,0.6508064270019531,False,517,False
4961005007,"andurilindustries||software engineer (active clearance), intelligence systems",518,0.6506887078285217,False,518,False
5364761008,unlimitedtechnology||systems engineer iii,519,0.650594174861908,False,519,False
8604308002,spacex||infrastructure engineer,520,0.6505486965179443,False,522,False
8493647002,aegworldwide||infrastructure engineer,521,0.6505486965179443,False,521,False
4620112006,accenturefederalservices||infrastructure engineer,522,0.6505486965179443,False,520,False
5142936007,xai||civil engineer,523,0.6502871513366699,False,523,False
4559147007,xai||application security engineer,524,0.6496106386184692,False,524,False
4255957008,appodeal||financial data analyst,525,0.6490283608436584,False,525,False
5172166007,"andurilindustries||data analyst, talent acquisition",526,0.6482592821121216,False,528,False
5172163007,"andurilindustries||data analyst, talent acquisition",527,0.6482592821121216,False,527,False
5171883007,"andurilindustries||data analyst, talent acquisition",528,0.6482592821121216,False,526,False
5362895008,csciconsulting||data transmission analyst,529,0.6480128765106201,False,529,False
5136287007,"xai||x developer platform – forward deployed engineer, x api",530,0.6480069756507874,False,530,False
4689022006,accenturefederalservices||devops engineer,531,0.6478711366653442,False,532,False
4688445006,accenturefederalservices||devops engineer,532,0.6478711366653442,False,531,False
7810449003,oddball||devops engineer,533,0.6478709578514099,False,538,False
4711767005,careerteam||devops engineer,534,0.6478709578514099,False,537,False
4694181006,accenturefederalservices||devops engineer,535,0.6478709578514099,False,536,False
4674040006,accenturefederalservices||devops engineer,536,0.6478709578514099,False,535,False
4612949006,accenturefederalservices||devops engineer,537,0.6478709578514099,False,534,False
4022384009,arcanaanalytics||devops engineer,538,0.6478709578514099,False,533,False
5992269004,coursera||learning designer - technical/ai,539,0.6478632092475891,False,539,False
5129324007,"andurilindustries||software engineer, rapid integration and test",540,0.6476150155067444,False,540,False
R25_05746,regalrexnord|wd1|careers||manufacturing engineering technician,541,0.6474950909614563,False,541,False
5144350007,andurilindustries||manufacturing test engineer,542,0.6469193696975708,False,543,False
5031240007,andurilindustries||manufacturing test engineer,543,0.6469193696975708,False,542,False
84e0c928-1267-452f-bc89-a673df0876e5,big-leap-health||coding specialist,544,0.6468880772590637,False,544,False
8436708002,"spacex||software engineer, embedded software",545,0.6467654705047607,False,545,False
8575779002,spacex||construction project engineer,546,0.6462141871452332,False,547,False
8197463002,gotion||construction project engineer,547,0.6462141871452332,False,546,False
5141668007,"scoutmotors||specialist, software update and validation engineer",548,0.6458529233932495,False,548,False
4932953101,moniepoint||c developer,549,0.6457036733627319,False,549,False
b8bc9bef-2dd4-452f-bf07-769dddd1a6c0,"hims-and-hers||software engineer ii, patient platform",550,0.6448502540588379,False,550,False
8552660002,spacex||data & control systems engineer,551,0.6447958946228027,False,551,False
8029120,"reddit||machine learning engineer, ads optimization",552,0.644742488861084,False,552,False
R46443,oshkoshcorporation|wd5|oshkosh||quality engineer,553,0.6446741819381714,False,554,False
R26_02833,regalrexnord|wd1|careers||quality engineer,554,0.6446741819381714,False,553,False
7535796,alphasights||mid-level frontend engineer (remote) - uk,555,0.6442728042602539,False,555,False
8575996002,spacex||facilities engineer,556,0.6440813541412354,False,558,False
7857818,roblox||facilities engineer,557,0.6440813541412354,False,557,False
4696681006,astranis||facilities engineer,558,0.6440813541412354,False,556,False
6120141004,sonyinteractiveentertainmentglobal||software development engineer in test,559,0.6440221071243286,False,559,False
R0016329,astreya|wd5|life-at-astreya-opportunities||it infrastructure operations engineer i,560,0.6434160470962524,False,560,False
5155608007,"scoutmotors||systems engineer, audio",561,0.6432982087135315,False,561,False
7463634,"roblox||[2026] data scientist, social",562,0.6432450413703918,False,562,False
R9528,renishaw|wd3|renishaw||service & support engineer,563,0.6432386636734009,False,563,False
4681393006,accenturefederalservices||cyber test engineer,564,0.6432030200958252,False,564,False
8639268002,"spacex||power electronics engineer, ai satellites",565,0.6427200436592102,False,565,False
7811700003,blackcanyonconsulting||full stack developer – wagtail cms,566,0.6426606178283691,False,566,False
5189898007,andurilindustries||technical field operations engineer,567,0.6423896551132202,False,567,False
5185864007,tracelinkinc||technical support engineer ii,568,0.6417790651321411,False,568,False
R-089547,"jj|wd5|displacedemployees||experienced engineer, manufacturing engineer",569,0.6416726112365723,False,569,False
4692382006,accenturefederalservices||information system security engineer,570,0.6416569352149963,False,570,False
4689946006,"accenturefederalservices||palantir forward deployed engineer, washington dc",571,0.6410412192344666,False,571,False
4931834101,nice||support engineer,572,0.6404356956481934,False,572,False
4685911006,accenturefederalservices||database engineer,573,0.6400055885314941,False,574,False
4678518006,accenturefederalservices||database engineer,574,0.6400055885314941,False,573,False
008e7a74-06c5-4020-b165-103921002e17,element84||ai systems engineer,575,0.6399763822555542,False,575,False
4696942006,accenturefederalservices||aws solution architect,576,0.6393862962722778,False,576,False
4616472006,"accenturefederalservices||forward deployed engineer, palantir foundry",577,0.6393742561340332,False,577,False
4622150006,accenturefederalservices||servicenow technical architect,578,0.6392927765846252,False,579,False
4608262006,accenturefederalservices||servicenow technical architect,579,0.6392927765846252,False,578,False
8517384002,deliveryassociates||ai solution engineer – lac (brazil) - 12 months contractor,580,0.6379281282424927,False,580,False
8557219002,"spacex||ai engineer, special programs - top secret clearance",581,0.6376481056213379,False,582,False
8557073002,"spacex||ai engineer, special programs - top secret clearance",582,0.6376481056213379,False,581,False
5163328007,andurilindustries||electrical engineer,583,0.6376038789749146,False,584,False
5145243007,andurilindustries||electrical engineer,584,0.6376038789749146,False,583,False
4292521009,grvty||electrical engineer,585,0.6376036405563354,False,585,False
8015761,"roku||architect, front-end/client engineering",586,0.6374555826187134,False,586,False
4596812006,astranis||machinist/programmer,587,0.636239767074585,False,587,False
8624452002,spacex||chemical engineer,588,0.6357784271240234,False,588,False
70c895d0-7b00-496c-891d-0168376f7556,trueml||integrations engineer,589,0.6356518268585205,False,589,False
4600175006,sharkninjaoperatingllc||machine learning and ai opportunities,590,0.6348512768745422,False,590,False
7997198,datadog||partner solutions architect,591,0.6345747709274292,False,591,False
ae709554-e52e-4d12-b5ba-eae6fa94c481,"dnb||analyst ii, data science",592,0.6344655752182007,False,592,False
4643648006,accenturefederalservices||servicenow architect,593,0.6341942548751831,False,593,False
5166088007,andurilindustries||jr people data analyst,594,0.6341661214828491,False,594,False
4960949,pfizer|wd1|pfizercareers||ds & ai full stack engineer,595,0.6338227391242981,False,595,False
8609228002,"spacex||software engineer, vehicle operations",596,0.63375324010849,False,596,False
8616347002,spacex||architectural designer,597,0.6334684491157532,False,599,False
4265129009,woolpert||architectural designer,598,0.6334684491157532,False,598,False
4265126009,woolpert||architectural designer,599,0.6334684491157532,False,597,False
4679031006,accenturefederalservices||cybersecurity engineer-ii,600,0.6333581805229187,False,600,False
5157657007,andurilindustries||logistics engineer,601,0.6326208114624023,False,601,False
8550675002,"spacex||software engineer, high assurance test",602,0.6324057579040527,False,602,False
R438460,"comcast|wd5|comcast_careers||engineer 3,quality and automation",603,0.6323631405830383,False,603,False
8629084002,spacex||operations engineer,604,0.6321057081222534,False,604,False
5832366004,vercel||head of developer community,605,0.6319155693054199,False,605,False
8562450002,"spacex||software engineer, flight software",606,0.6318992376327515,False,607,False
8562284002,"spacex||software engineer, flight software",607,0.6318992376327515,False,606,False
7783549,appian||junior software engineer - java,608,0.6316052675247192,False,608,False
4681855006,astranis||security operations engineer,609,0.6313077211380005,False,610,False
4587706006,accenturefederalservices||security operations engineer,610,0.6313077211380005,False,609,False
5428982004,"vercel||software engineer, observability",611,0.6311977505683899,False,611,False
5132492007,"zscaler||security architect, agentic ai",612,0.6310280561447144,False,612,False
4674910006,accenturefederalservices||platform architect,613,0.6308674812316895,False,613,False
4130504009,woolpert||traffic engineer,614,0.6304120421409607,False,615,False
4095311009,woolpert||traffic engineer,615,0.6304120421409607,False,614,False
6105394004,"vercel||software engineer, cdn content",616,0.6302725076675415,False,616,False
5163958007,andurilindustries||mission operations engineer,617,0.6300415396690369,False,617,False
8483954002,gotion||junior equipment engineer,618,0.6298176050186157,False,618,False
5182903007,nerostechnologies||manufacturing systems engineer,619,0.6292462348937988,False,619,False
5167865007,andurilindustries||early career firmware engineer,620,0.6292263865470886,False,620,False
5236467008,fambrands||technical designer,621,0.6282453536987305,False,621,False
7420443002,gotion||mes engineer,622,0.6279207468032837,False,622,False
4679087006,accenturefederalservices||sap ai developer,623,0.6264451742172241,False,623,False
4674867006,accenturefederalservices||enterprise architect,624,0.6261135339736938,False,624,False
4683539006,accenturefederalservices||enterprise architect,625,0.6261134147644043,False,625,False
5063930007,xai||web engineer - x,626,0.6260279417037964,False,626,False
5182512007,"veracyte||intern, ai",627,0.6260219812393188,False,627,False
7908405,roku||technical architect - business applications,628,0.6259218454360962,False,629,False
7886908,roku||technical architect - business applications,629,0.6259218454360962,False,628,False
JR6154597,rollsroyce|wd3|professional||mechanical design engineer,630,0.625745415687561,False,630,False
5295054008,commvault||ai marketing specialist,631,0.6250622272491455,False,631,False
4683855006,accenturefederalservices||data visualization specialist,632,0.6246607303619385,False,632,False
R000071331,chevron|wd5|jobs||web developer,633,0.6239367723464966,False,633,False
7866534,silananotechnologies||process engineer,634,0.6235712170600891,False,634,False
0a5e8d20-7c2e-4674-9b62-64d36e007f90,wpromote||reporting solutions engineer,635,0.6233309507369995,False,635,False
7583033,boxinc||developer relations engineer,636,0.6233111023902893,False,636,False
6056035004,rockbot||av systems solutions engineer,637,0.6229597330093384,False,637,False
8569186002,spacex||data engineer,638,0.6227200031280518,False,638,False
5285585008,thenuclearcompany||ai engineer 1 - platform integration & ai/data,639,0.6222360134124756,False,639,False
4306653009,woolpert||architectural designer,640,0.6216539740562439,False,641,False
4239373009,woolpert||architectural designer,641,0.6216539740562439,False,640,False
5190195007,"andurilindustries||embedded software engineer, c++",642,0.6216448545455933,False,642,False
8559035002,"spacex||ml engineer, surrogate modeling",643,0.6214842200279236,False,643,False
R26_820,arcticwolf|wd1|external||python backend developer,644,0.6210870742797852,False,644,False
8394893002,cannondesign||project architect iv - healthcare,645,0.6209094524383545,False,645,False
5285921008,gruve||network security engineer,646,0.6204600930213928,False,647,False
4660738006,accenturefederalservices||network security engineer,647,0.6204600930213928,False,646,False
4800712007,xai||network security engineer,648,0.620460033416748,False,648,False
4131968009,woolpert||engineering technician,649,0.6203266978263855,False,649,False
5148199007,andurilindustries||enterprise applications engineer,650,0.6200046539306641,False,650,False
"Unit 2A & 2B (Octave Block), 6th floor, Parcel - 4, Salarpuria Sattva - Knowledge City, Madhapur, Hyderabad, Telangana, India, Zip/Postal Code: 500081",otis|wd5|rec_ext_gateway||associate engineer,651,0.6199970245361328,False,651,False
4324424009,itd||data engineer iv,652,0.6198042631149292,False,652,False
5159366007,andurilindustries||security data engineer,653,0.6189388036727905,False,653,False
4660560006,accenturefederalservices||devops architect,654,0.6186591386795044,False,654,False
2a2097e3-319d-4aee-b5f1-982bfb6fea93,servicerocket||delivery architect,655,0.6183776259422302,False,655,False
R5026830,envista|wd1|envistacareers||mechanical engineer iii,656,0.6183689832687378,False,657,False
8615264002,cannondesign||mechanical engineer iii,657,0.6183689832687378,False,656,False
5191073007,harborglobal||data quality professional,658,0.6175521612167358,False,658,False
5032221007,"andurilindustries||chief engineer, intel systems",659,0.6173698902130127,False,659,False
5159251007,xai||operations engineer,660,0.6172531843185425,False,660,False
7697783003,rocketlab||manufacturing engineer ii,661,0.6167384386062622,False,661,False
6120128004,epicgames||engine programmer,662,0.6163647174835205,False,663,False
6102277004,epicgames||engine programmer,663,0.6163647174835205,False,662,False
8602209002,cannondesign||project mechanical engineer iv,664,0.6161960363388062,False,666,False
8435938002,cannondesign||project mechanical engineer iv,665,0.6161960363388062,False,665,False
8158314002,cannondesign||project mechanical engineer iv,666,0.6161960363388062,False,664,False
8573756002,spacex||lab architect,667,0.6157258749008179,False,667,False
8625617002,"spacex||software engineer, components",668,0.6156501770019531,False,668,False
8420823002,spacex||production engineer,669,0.6154835820198059,False,669,False
8609444002,spacex||it systems engineer,670,0.6154344081878662,False,671,False
8603113002,spacex||it systems engineer,671,0.6154344081878662,False,670,False
8565155002,"spacex||software engineer, hardware test & automation",672,0.6153683662414551,False,672,False
7806502003,epickids||qa engineer,673,0.6152883768081665,False,673,False
8517393002,deliveryassociates||full stack software developer – lac (brazil) - 12 months contractor,674,0.6151590347290039,False,674,False
8562437002,spacex||software engineer,675,0.6150707602500916,False,675,False
6502727003,cookunity||product support engineer,676,0.6149464845657349,False,677,False
6018269004,boomilp||product support engineer,677,0.6149464845657349,False,676,False
4692591006,accenturefederalservices||security architect,678,0.614915132522583,False,678,False
8609318002,addepar1||alternatives data operations analyst,679,0.6148886680603027,False,679,False
8566900002,axs||product developer,680,0.6147768497467041,False,680,False
f88fd6f9-c0e7-4a2e-bf17-dd2dceb630cf,nabla||operational data analyst,681,0.6145349740982056,False,681,False
8615030002,spacex||environmental engineer,682,0.6142033338546753,False,687,False
8548791002,spacex||environmental engineer,683,0.6142033338546753,False,686,False
8453769002,spacex||environmental engineer,684,0.6142033338546753,False,685,False
8430442002,spacex||environmental engineer,685,0.6142033338546753,False,684,False
5276763008,apexcompanies||environmental engineer,686,0.6142033338546753,False,683,False
5112803008,apexcompanies||environmental engineer,687,0.6142033338546753,False,682,False
7624926,intercom||solutions engineer - latam,688,0.6141997575759888,False,689,False
7593406,intercom||solutions engineer - latam,689,0.6141997575759888,False,688,False
4386294006,accenturefederalservices||ics/ot architect,690,0.61418616771698,False,690,False
e8892f86-d67f-492b-925a-b9d6bd43e154,"handshake||ai tutor, physics specialist (contract), handshake ai",691,0.614101767539978,False,691,False
8589859002,atlassand||ai business partner,692,0.6140121221542358,False,692,False
4234525009,eudia||forward deployed lawyer,693,0.613897442817688,False,693,False
J-83571,travelhrportal|wd1|jobs||middleware platform engineer,694,0.613848090171814,False,694,False
8623247002,"spacex||mechanical engineer, mep",695,0.6133058071136475,False,695,False
4673206006,inflect||network solutions architect – ai & infrastructure - fully remote!,696,0.6132196187973022,False,696,False
8573204002,"spacex||software engineer, devops",697,0.6130033731460571,False,697,False
6009174004,ionq||satellite operations engineer,698,0.6129903197288513,False,698,False
4657344006,accenturefederalservices||cybersecurity architect,699,0.612308144569397,False,699,False
6980154,ardentmc||gis systems architect,700,0.6121817827224731,False,700,False
4678516006,accenturefederalservices||data operations customer support specialist,701,0.6120692491531372,False,701,False
4678454006,accenturefederalservices||cloud engineer,702,0.6119993925094604,False,703,False
4612894006,accenturefederalservices||cloud engineer,703,0.6119993925094604,False,702,False
4292256009,woolpert||software trainer,704,0.6118496656417847,False,704,False
5284884008,swiftsolar||it support engineer,705,0.6116944551467896,False,705,False
4031094009,arcanaanalytics||it support engineer,706,0.6116942763328552,False,706,False
4109447009,woolpert||engineering project coordinator,707,0.6109010577201843,False,707,False
5090998007,xai||infrastructure security engineer,708,0.6106750965118408,False,708,False
8381360002,gotion||environmental equipment engineer,709,0.6104102730751038,False,709,False
6510680003,neuralink||optical engineer,710,0.6097766160964966,False,711,False
6100127004,ionq||optical engineer,711,0.6097766160964966,False,710,False
4247910009,brph||structural engineer,712,0.6097429990768433,False,712,False
8069317,"roku||solutions engineer, platform experiences, adtech",713,0.6097331047058105,False,713,False
4695110006,orioninnovation||product sales engineer,714,0.6095212697982788,False,714,False
5171787007,"andurilindustries||tooling engineer, sentry",715,0.6093588471412659,False,715,False
5062357007,andurilindustries||software engineer - modeling & simulation,716,0.6089694499969482,False,716,False
4689020006,accenturefederalservices||jr. devops engineer,717,0.6084761023521423,False,717,False
5973065004,stage||software engineer - data distribution / data intelligence,718,0.6084681153297424,False,718,False
8441132002,spacex||mechanical engineer,719,0.6080926656723022,False,719,False
8555804002,spacex||process development engineer,720,0.607352614402771,False,720,False
5121816007,"andurilindustries||robotics software engineer, behaviors",721,0.6072300672531128,False,721,False
5190515007,andurilindustries||test & evaluation engineer,722,0.6072282791137695,False,723,False
5169054007,andurilindustries||test & evaluation engineer,723,0.6072282791137695,False,722,False
4716913005,indigenouspactpbcinc||data platform & analytics engineer,724,0.6071710586547852,False,724,False
4298100006,astranis||propulsion manufacturing engineer,725,0.6070263385772705,False,725,False
5159733007,andurilindustries||chief engineer,726,0.6058384776115417,False,727,False
4955431007,andurilindustries||chief engineer,727,0.6058384776115417,False,726,False
8551671002,spacex||operations engineer,728,0.6057320833206177,False,728,False
4089906009,woolpert||architect - (mission critical) - usa,729,0.6054490804672241,False,730,False
4089902009,woolpert||architect - (mission critical) - usa,730,0.6054490804672241,False,729,False
6894478002,gotion||manufacturing process engineer,731,0.604987621307373,False,731,False
4697446006,accenturefederalservices||design technologist,732,0.6046488285064697,False,732,False
4301333009,woolpert||architect / designer,733,0.6043491363525391,False,733,False
6103322004,"boomilp||solution domain expert, ipaas",734,0.6043298840522766,False,734,False
4680123101,davinciderivatives||trading operations engineer,735,0.6042439341545105,False,735,False
4679852006,accenturefederalservices||automation test engineer,736,0.604007363319397,False,736,False
R00212134,alliance|wd3|nissanprivateexternal||materials engineer 3,737,0.6039912700653076,False,737,False
4627901006,accenturefederalservices||junior systems engineer,738,0.603340744972229,False,738,False
5165555007,"andurilindustries||technical operations engineer, air defense usaf",739,0.6031672954559326,False,739,False
7808402003,smxtech||cyber security engineer,740,0.6030569076538086,False,740,False
4695174006,pitchbookdata||quantitative research analyst,741,0.6021769046783447,False,741,False
8562148002,gotion||lean engineer,742,0.6021029949188232,False,742,False
8603609002,"spacex||software engineer, c++",743,0.6019599437713623,False,743,False
8570046002,spacex||it network infrastructure engineer,744,0.6017879843711853,False,744,False
8380215002,gotion||utilities equipment engineer,745,0.6013258695602417,False,745,False
6219325,ardentmc||test automation engineer,746,0.6012274026870728,False,749,False
5192455007,andurilindustries||test automation engineer,747,0.6012274026870728,False,748,False
4693849006,accenturefederalservices||test automation engineer,748,0.6012274026870728,False,747,False
4690175006,accenturefederalservices||test automation engineer,749,0.6012274026870728,False,746,False
5191195007,altentechnologyusa||business analyst – ai solutions,750,0.6009591817855835,False,750,False
8614436002,spacex||equipment safety engineer,751,0.600944995880127,False,751,False
4696958006,"astranis||manufacturing engineer, additive",752,0.6009088754653931,False,752,False
8364232002,spacex||supplier development engineer,753,0.6007739305496216,False,753,False
4677171006,mettel||software development engineer in test,754,0.6003093719482422,False,754,False
4644934006,"accenturefederalservices||data engineer in st. louis, mo",755,0.6000678539276123,False,755,False
8381785002,spacex||facilities infrastructure engineer,756,0.5996966361999512,False,756,False
8545930002,"spacex||software engineer, hardware test & automation",757,0.5991681814193726,False,757,False
8584920002,spacex||software infrastructure engineer,758,0.599014401435852,False,759,False
8573279002,spacex||software infrastructure engineer,759,0.599014401435852,False,758,False
4741579007,xai||data center operations technician,760,0.5989080667495728,False,760,False
8625182002,"spacex||software engineer, telemetry",761,0.5979469418525696,False,762,False
8451998002,"spacex||software engineer, telemetry",762,0.5979469418525696,False,761,False
6121289004,sonyinteractiveentertainmentglobal||platform engineer ii,763,0.5977983474731445,False,763,False
5135054007,"scoutmotors||analyst, logistics material flow engineer",764,0.5976279973983765,False,764,False
dad058bc-c45a-4723-9e22-405b65c07a3a,vanta||people automation & ai partner,765,0.5975618958473206,False,765,False
7604600002,gotion||production quality engineer,766,0.5973869562149048,False,767,False
4572174006,astranis||production quality engineer,767,0.5973869562149048,False,766,False
5189505007,"andurilindustries||mission integration engineer, intelligence systems",768,0.597312331199646,False,768,False
5980197004,"vercel||media engineer, social",769,0.5971421003341675,False,769,False
5249149008,lexingtonmedical||supplier development engineer,770,0.5970540046691895,False,770,False
5181645007,"scoutmotors||concept architect, platform",771,0.5966053009033203,False,771,False
7926448,"boxinc||machine learning engineer iii, search relevance",772,0.5965542197227478,False,772,False
6102335004,"vercel||security engineer, cloud",773,0.5960462689399719,False,773,False
8599358002,spacex||mechanical engineer,774,0.5958561897277832,False,775,False
8491883002,spacex||mechanical engineer,775,0.5958561897277832,False,774,False
5101666007,"verkada||full stack engineer, go-to-market systems",776,0.595449686050415,False,776,False
4350927006,astranis||cad engineer,777,0.5950005054473877,False,777,False
7064418,yipitdata||data engineer - global team,778,0.5944908857345581,False,778,False
7800617003,axontalentcommunity||2027 us software engineering internship,779,0.5944019556045532,False,779,False
8618015002,suvoda||technical consultant i,780,0.5936419367790222,False,780,False
8608530002,suvoda||technical consultant i,781,0.5936417579650879,False,781,False
4668793006,accenturefederalservices||cloud services engineer,782,0.5935661196708679,False,782,False
R5047629,gevernova|wd5|only_confidential_executive_recruiting||technical support engineer,783,0.593285083770752,False,784,False
R5047616,gevernova|wd5|only_confidential_executive_recruiting||technical support engineer,784,0.593285083770752,False,783,False
R26_03606,regalrexnord|wd1|careers||quality engineer ii,785,0.5932477712631226,False,785,False
7804953003,"affirm||analyst ii, full stack",786,0.5930163264274597,False,786,False
5173105007,scoutmotors||robot specialist,787,0.5928592681884766,False,787,False
8580838002,"spacex||facilities engineer, mep",788,0.5925487875938416,False,788,False
4049424009,woolpert||site civil engineer pe,789,0.5924603939056396,False,789,False
8636501002,suvoda||it technical consultant,790,0.592269241809845,False,790,False
8050040,urbancompass||user research operations specialist,791,0.5922409296035767,False,793,False
8050039,urbancompass||user research operations specialist,792,0.5922409296035767,False,792,False
8048947,urbancompass||user research operations specialist,793,0.5922409296035767,False,791,False
4587698006,accenturefederalservices||operations research scientist,794,0.5920382738113403,False,794,False
5178127007,"andurilindustries||systems engineer, battlespace",795,0.5919169187545776,False,795,False
7939631,nextdoor||gtm engineer,796,0.5917495489120483,False,796,False
4005202009,arcanaanalytics||data associate,797,0.5906304121017456,False,797,False
8041580,"narvar||analytics engineer, data",798,0.5904192924499512,False,798,False
6112463004,googlefiber||hr application engineer,799,0.589949369430542,False,799,False
7808492003,okx||workplace it specialist,800,0.5899296998977661,False,800,False
5191296007,andurilindustries||firmware engineer,801,0.5895530581474304,False,802,False
5184789007,andurilindustries||firmware engineer,802,0.5895530581474304,False,801,False
4690287006,accenturefederalservices||jr. systems engineer,803,0.5893283486366272,False,804,False
4689034006,accenturefederalservices||jr. systems engineer,804,0.5893283486366272,False,803,False
8075680,hydritechemicalco||controls engineer,805,0.5891034007072449,False,806,False
5116056007,xai||controls engineer,806,0.5891034007072449,False,805,False
4079119009,woolpert||roadway engineer,807,0.5887601375579834,False,807,False
7806577003,sigmacomputing||customer deployment engineer,808,0.5886378288269043,False,808,False
4686996006,sharkninjaoperatingllc||compliance engineer,809,0.5886350274085999,False,809,False
6018566004,boomilp||field engineer - data integration & ai,810,0.5882583856582642,False,810,False
6016396004,epicgames||ui programmer,811,0.5882394909858704,False,812,False
6016394004,epicgames||ui programmer,812,0.5882394909858704,False,811,False
R-50408,kyndryl|wd5|kyndrylprofessionalcareers||network support engineer,813,0.5881880521774292,False,813,False
8402855002,spacex||operations engineer,814,0.5881271958351135,False,814,False
5136043007,xai||electrical engineer,815,0.5880990028381348,False,815,False
5101421007,veracyte||bioinformatics research scientist ii,816,0.5880676507949829,False,816,False
8582445002,specterops||training architect,817,0.5879828929901123,False,817,False
5175601007,andurilindustries||product quality engineer,818,0.5878922939300537,False,818,False
8437240002,cannondesign||project mechanical engineer v,819,0.5878414511680603,False,820,False
8359591002,cannondesign||project mechanical engineer v,820,0.5878414511680603,False,819,False
4648419006,accenturefederalservices||secdevops engineer,821,0.5877827405929565,False,821,False
R5026852,envista|wd1|envistacareers||mechanical engineer ii,822,0.5877155065536499,False,822,False
8050714,rubrik||software engineer - hypervisor,823,0.5875499248504639,False,823,False
JR112456,ptc|wd1|ptc||forward deployment engineer - automation (python) & airflow,824,0.5875183343887329,False,824,False
32059,csgi|wd5|csgcareers||test engineer ii,825,0.5873938202857971,False,825,False
8532939002,aegworldwide||database engineer ii,826,0.5870171189308167,False,827,False
8532930002,axs||database engineer ii,827,0.5870171189308167,False,826,False
4696349006,"figureai||project coordinator, data creators",828,0.5868297815322876,False,829,False
4696348006,"figureai||project coordinator, data creators",829,0.5868297815322876,False,828,False
7810444003,flyzipline||new products mechanical design engineer,830,0.5867641568183899,False,830,False
5195924008,block||legal systems engineer,831,0.5864924192428589,False,831,False
8540471002,spacex||automation & controls engineer,832,0.586431622505188,False,832,False
4693133006,accenturefederalservices||enterprise atlassian engineer,833,0.5863997936248779,False,833,False
8593385002,spacex||security engineer,834,0.5863721370697021,False,835,False
8593384002,spacex||security engineer,835,0.5863721370697021,False,834,False
8492521002,spacex||test engineer,836,0.5863194465637207,False,836,False
5191604007,"verkada||backend engineer, alarms",837,0.5861314535140991,False,837,False
JR_15048,"guidewire|wd5|external||implementation architect, inow",838,0.5858364701271057,False,838,False
5065541007,atwellgroup||field engineer ii,839,0.5852395296096802,False,839,False
5118745007,andurilindustries||supplier industrialization engineer,840,0.5851715803146362,False,840,False
4630325101,davinciderivatives||trading systems engineer,841,0.5850870609283447,False,841,False
7807628003,"billtrust||vice president, solutions consulting",842,0.5849142670631409,False,842,False
8037952,purestorage||enterprise ai & integrations analyst,843,0.5847697257995605,False,843,False
8525119002,cannondesign||project electrical engineer iv,844,0.584572970867157,False,844,False
7612260,piaggiofastforward||mechanical engineering machinist,845,0.5843648910522461,False,845,False
8540337002,"spacex||mechanical engineer, infrastructure",846,0.5842123031616211,False,847,False
8451034002,"spacex||mechanical engineer, infrastructure",847,0.5842123031616211,False,846,False
4593956006,accenturefederalservices||soa architect,848,0.5837441682815552,False,848,False
4694820006,accenturefederalservices||sap solution architect – onsite in st. louis,849,0.5835758447647095,False,849,False
7715014003,intersystems||enterprise solutions advisor - va,850,0.583350658416748,False,850,False
4690994006,accenturefederalservices||junior devops engineer,851,0.5830169916152954,False,851,False
8052726,"waymo||machine learning engineer, gpu kernel and runtime",852,0.5821523666381836,False,852,False
8068087,storyblocks||platforms engineer,853,0.5820868015289307,False,853,False
7527300,"roku||software engineer, embedded ui",854,0.581707239151001,False,854,False
8075469,"stripe||software engineer, optimized checkout & link",855,0.5814906358718872,False,855,False
5178802007,andurilindustries||aviation maintenance engineer,856,0.5813868641853333,False,857,False
5115028007,andurilindustries||aviation maintenance engineer,857,0.5813868641853333,False,856,False
R68492,medtronic|wd1|medtroniccareers||process engineer ii,858,0.581300675868988,False,858,False
4912078101,valtech||after sales technical architect,859,0.5812251567840576,False,859,False
4683650006,"accenturefederalservices||product, ip, and ai counsel",860,0.5811514854431152,False,860,False
8508315002,"spacex||manufacturing engineer, machining",861,0.5809637308120728,False,861,False
4659911006,accenturefederalservices||cyber r&d engineer,862,0.5808289051055908,False,862,False
4835611007,xai||software engineer - platform security,863,0.5807249546051025,False,863,False
8559200002,"spacex||mechanical engineer, machine design",864,0.580689549446106,False,864,False
8364599002,cannondesign||project architect v - healthcare,865,0.5806349515914917,False,865,False
8627635002,spacex||production operations engineer,866,0.5806337594985962,False,866,False
8556861002,"unchainedlabs||software engineer, custom automation",867,0.5806205868721008,False,867,False
5365130008,emporiarevolutionizinghomeenergy||hardware quality engineer,868,0.5802009105682373,False,868,False
4680072101,tamara||product engineer ii - web,869,0.5800050497055054,False,869,False
4651121006,vast||power electronics engineer i,870,0.5797805786132812,False,870,False
8399747002,spacex||mep/construction engineer,871,0.579777717590332,False,871,False
8563638002,cannondesign||architect - entry level,872,0.5796878337860107,False,872,False
8397609002,spacex||full stack software engineer - top secret clearance,873,0.5796794295310974,False,873,False
4326546009,beaconbiosignals||front-end software engineer,874,0.5793541669845581,False,874,False
8505407002,spacex||graphic designer,875,0.579352617263794,False,879,False
7800504003,sezzle||graphic designer,876,0.579352617263794,False,878,False
7800490003,sezzle||graphic designer,877,0.579352617263794,False,877,False
7800311003,sezzle||graphic designer,878,0.579352617263794,False,876,False
7799323003,sezzle||graphic designer,879,0.579352617263794,False,875,False
6673796,ardentmc||reliability engineer,880,0.5793002843856812,False,880,False
8407221002,spacex||civil/structural engineer,881,0.5792306661605835,False,881,False
6102343004,vercel||product security engineer,882,0.5791140198707581,False,882,False
8451922002,modernhealth||product security engineer,883,0.5791139602661133,False,884,False
4667335006,astranis||product security engineer,884,0.5791139602661133,False,883,False
8414648002,"spacex||software engineer, tracking",885,0.5788136124610901,False,885,False
7862815,boxinc||ai partnerships,886,0.5787283778190613,False,886,False
5164226007,"andurilindustries||mission operations engineer, ew",887,0.578715443611145,False,887,False
4363202006,astranis||embedded software engineer - network software,888,0.5786494016647339,False,888,False
8544753002,cannondesign||electrical engineer iii,889,0.5783982276916504,False,892,False
8538848002,cannondesign||electrical engineer iii,890,0.5783982276916504,False,891,False
8436747002,cannondesign||electrical engineer iii,891,0.5783982276916504,False,890,False
8358648002,cannondesign||electrical engineer iii,892,0.5783982276916504,False,889,False
8069620,sonicwall||distinguished engineer - data architect,893,0.5783967971801758,False,893,False
7516360002,gotion||mechanical engineer - ev,894,0.5782163143157959,False,894,False
5152403007,andurilindustries||product line chief engineer,895,0.5782040953636169,False,895,False
R-102323,riministreet|wd1|riministreet||associate support engineer,896,0.5780569314956665,False,897,False
R-102322,riministreet|wd1|riministreet||associate support engineer,897,0.5780569314956665,False,896,False
7801518003,verisign||engineer ii - web development,898,0.5779066681861877,False,898,False
8363101002,quberesearchandtechnologies||data center operations engineer,899,0.577564001083374,False,899,False
5135731007,xai||mechanical engineer,900,0.5773627758026123,False,900,False
5170284007,"scoutmotors||electrical engineer specialist, construction",901,0.5773348808288574,False,901,False
7950142,"relaypro||associate software engineer, site reliability",902,0.5771474838256836,False,902,False
1191584,hpe|wd5|acjobsite||experienced .net systems engineer,903,0.5770084261894226,False,903,False
8327721002,"spacex||software engineer, additive manufacturing",904,0.5766085386276245,False,904,False
8633959002,spacex||development test engineer,905,0.5763408541679382,False,905,False
8633820002,gotion||systems engineer,906,0.5762191414833069,False,906,False
4609468006,accenturefederalservices||cleared data engineer,907,0.5761535167694092,False,907,False
7821318,mongodb||site reliability engineer 3,908,0.5761380195617676,False,909,False
7821316,mongodb||site reliability engineer 3,909,0.5761380195617676,False,908,False
4671061006,accenturefederalservices||devops / platform engineer,910,0.5761210918426514,False,910,False
7943868,mongodb||engineer 3 - gtm tech,911,0.5759012699127197,False,911,False
8623357002,"spacex||manufacturing engineer, machine shop",912,0.5752547383308411,False,912,False
8603308002,spacex||operations engineer,913,0.5752282738685608,False,914,False
8597967002,spacex||operations engineer,914,0.5752282738685608,False,913,False
JR-0063769,wework|wd1|wework||analytics engineer,915,0.5752255916595459,False,916,False
4717124005,paveakatroveinformationtechnologies||analytics engineer,916,0.5752255916595459,False,915,False
5191522007,"harbingermotors||manufacturing engineer, powertrain",917,0.57472825050354,False,917,False
8399358002,spacex||technical sales architect,918,0.5746215581893921,False,918,False
R10267462,"veralto|wd1|videojetjobs||production engineering, supervisor",919,0.5745940208435059,False,919,False
8632433002,moon||full-stack engineer - generalist,920,0.5745256543159485,False,920,False
8599262002,spacex||fabrication technician,921,0.5741181969642639,False,921,False
4929188101,airship||information security architect,922,0.5739502310752869,False,922,False
8636180002,"spacex||supplier development engineer, hardware & fasteners",923,0.5739203095436096,False,923,False
8624833002,spacex||security software engineer,924,0.5739011764526367,False,924,False
6596365003,"neuralink||software engineer, bci applications",925,0.5739011168479919,False,925,False
8577408002,spacex||security software engineer,926,0.5739010572433472,False,929,False
8543817002,spacex||security software engineer,927,0.5739010572433472,False,928,False
8543784002,spacex||security software engineer,928,0.5739010572433472,False,927,False
8543668002,spacex||security software engineer,929,0.5739010572433472,False,926,False
5009743007,"andurilindustries||manufacturing engineer, digital tools",930,0.5737781524658203,False,930,False
5349839008,fiveringsllc||campus full time 2027 - software developer,931,0.5736715793609619,False,931,False
5152676007,zscaler||sales engineer - uk,932,0.5735446810722351,False,932,False
5166301007,"andurilindustries||integration and test engineer (support system), omen",933,0.5729809999465942,False,933,False
5181564007,"andurilindustries||technical operations engineer, usmc",934,0.5729560852050781,False,934,False
8552752002,"spacex||software engineer, embedded software",935,0.5728228688240051,False,935,False
8625149002,"spacex||full stack software engineer, data",936,0.5725176930427551,False,937,False
8540435002,"spacex||full stack software engineer, data",937,0.5725176930427551,False,936,False
4651344006,accenturefederalservices||detection engineer,938,0.5718117952346802,False,938,False
5191249007,andurilindustries||r&d engineering technician,939,0.571745753288269,False,939,False
8406964002,spacex||operations development engineer,940,0.5716707110404968,False,940,False
4689386006,accenturefederalservices||marketing technologist,941,0.5708141326904297,False,941,False
8437266002,cannondesign||project electrical engineer v,942,0.5703935623168945,False,942,False
5361581008,"dlrgroup||civil engineer, entry level",943,0.5702856779098511,False,943,False
4651087006,accenturefederalservices||java developer,944,0.5701431632041931,False,944,False
4597413006,astranis||avionics engineer intern,945,0.5700458288192749,False,945,False
8626535002,spacex||data engineer,946,0.5698869228363037,False,947,False
8626500002,spacex||data engineer,947,0.5698869228363037,False,946,False
4092721009,woolpert||civil engineer in training,948,0.569624662399292,False,948,False
8561583002,spacex||manufacturing engineer,949,0.5696015357971191,False,949,False
7810363003,flyzipline||planning & development specialist,950,0.5695297718048096,False,950,False
5023715007,"andurilindustries||mechanical engineer, propulsion",951,0.5695145130157471,False,951,False
4005204009,arcanaanalytics||portfolio data analyst,952,0.5692792534828186,False,952,False
a0440273-238f-4774-aa9b-0c0adc5f4d30,pointclickcare||solutions analyst,953,0.5689026117324829,False,953,False
8612547002,cannondesign||project designer iv,954,0.5687479972839355,False,956,False
8612524002,cannondesign||project designer iv,955,0.5687479972839355,False,955,False
8612484002,cannondesign||project designer iv,956,0.5687479972839355,False,954,False
4616963006,accenturefederalservices||iam security architect,957,0.5687446594238281,False,957,False
4683608006,accenturefederalservices||custom software engineer,958,0.5686987638473511,False,958,False
5091048007,andurilindustries||training simulation engineer,959,0.5686535835266113,False,959,False
7741465003,verisign||site reliability engineer,960,0.5686433911323547,False,961,False
4207392009,redwoodsoftware||site reliability engineer,961,0.5686433911323547,False,960,False
5179367007,xai||software engineer - network,962,0.5685093402862549,False,962,False
4615154006,accenturefederalservices||innovation and automation specialist,963,0.5684970021247864,False,963,False
4785252008,ophelia||it systems engineer iii,964,0.5684016346931458,False,964,False
7957794,"mongodb||technical services engineer, partners",965,0.5679566860198975,False,965,False
7807509,"intercom||business development representative, emerging ai products",966,0.5679121613502502,False,966,False
8399474002,"spacex||supplier development engineer, manufacturing",967,0.5676902532577515,False,967,False
5178254007,"andurilindustries||mechanical engineer, maritime",968,0.5675692558288574,False,968,False
5995130004,boomilp||cloud security engineer,969,0.5675001740455627,False,969,False
5155582007,"scoutmotors||system engineer, infotainment systems",970,0.5671620965003967,False,970,False
5186581007,andurilindustries||electrical engineer,971,0.5668776035308838,False,971,False
4689805006,accenturefederalservices||cloud / devops engineer,972,0.5665740966796875,False,972,False
8626590002,spacex||mechanical design engineer,973,0.5660256147384644,False,973,False
8609188002,spacex||electrical engineer,974,0.5658831596374512,False,974,False
R-143415,nttlimited|wd3|ntt_careers||ms engineer - vc,975,0.5658748745918274,False,975,False
8476427002,"spacex||software engineer, data",976,0.5655141472816467,False,976,False
7805102003,crfamilyofcompanies||helpdesk data analyst,977,0.5654478669166565,False,977,False
8616218002,suvoda||technical consultant,978,0.5653530359268188,False,978,False
9ba6a979-5fa6-4aa0-95bb-a3478665237e,teamdynamix||technical consultant,979,0.5653529763221741,False,979,False
8512827002,spacex||nde engineer,980,0.5650601387023926,False,980,False
8530684002,spacex||information security analyst,981,0.5650542974472046,False,982,False
8517412002,spacex||information security analyst,982,0.5650542974472046,False,981,False
8358622002,cannondesign||electrical engineer ii,983,0.5649102926254272,False,983,False
7796431003,sezzle||it operations analyst,984,0.5648983716964722,False,986,False
7796349003,sezzle||it operations analyst,985,0.5648983716964722,False,985,False
7796342003,sezzle||it operations analyst,986,0.5648983716964722,False,984,False
8401210002,spacex||power systems engineer,987,0.5648223161697388,False,987,False
5063929007,xai||software engineer– x core product,988,0.5644785165786743,False,988,False
b76d4d5a-68cc-4193-a4b4-cfabecfb3c89,pyyne||qa automation engineer,989,0.564384400844574,False,989,False
4598778006,accenturefederalservices||extend developer,990,0.5638318061828613,False,990,False
5172418007,scoutmotors||lighting engineer specialist,991,0.5637944936752319,False,991,False
R0000043698,parexel|wd1|parexel_external_careers||laboratory technician i,992,0.5635355114936829,False,992,False
4118102009,woolpert||electrical engineer,993,0.5634158849716187,False,993,False
7803261003,flyzipline||software engineer - hardware test,994,0.5633770823478699,False,994,False
8562126002,gotion||junior lean engineer,995,0.5632917881011963,False,995,False
JR-202615752,generalmotors|wd5|careers_gm||design release engineer,996,0.5632532835006714,False,996,False
8574330002,"spacex||materials engineer, materials laboratory",997,0.5628751516342163,False,997,False
5148583007,andurilindustries||oracle fusion solution architect,998,0.5624886751174927,False,998,False
4533894007,xai||software engineer - training/inference,999,0.5624611377716064,False,999,False
JR108414,sabre|wd1|confidential||it operations analyst i,1000,0.5624446868896484,False,1002,False
JR108413,sabre|wd1|confidential||it operations analyst i,1001,0.5624446868896484,False,1001,False
JR107976,sabre|wd1|sabrejobs||it operations analyst i,1002,0.5624446868896484,False,1000,False
7810357003,flyzipline||test equipment design engineer,1003,0.5623979568481445,False,1003,False
5166165007,zscaler||associate sales engineer - solutions center,1004,0.5623279809951782,False,1004,False
7792237,talkdesk2||solutions engineer - enterprise - mixed industries,1005,0.5621174573898315,False,1005,False
5184726007,"andurilindustries||software engineer, agentic modeling & simulation",1006,0.5618703365325928,False,1007,False
5112335007,"andurilindustries||software engineer, agentic modeling & simulation",1007,0.5618703365325928,False,1006,False
4683356006,accenturefederalservices||project officer,1008,0.5618454217910767,False,1008,False
8398604002,"spacex||full stack software engineer, constellation tools",1009,0.5614652037620544,False,1009,False
5633880004,"vercel||software engineer, deployment infrastructure",1010,0.5614310503005981,False,1010,False
8599959002,cannondesign||technical designer iii,1011,0.5612907409667969,False,1014,False
8571598002,cannondesign||technical designer iii,1012,0.5612907409667969,False,1013,False
8530079002,cannondesign||technical designer iii,1013,0.5612907409667969,False,1012,False
8527620002,cannondesign||technical designer iii,1014,0.5612907409667969,False,1011,False
5190170007,andurilindustries||product sourcing engineer,1015,0.561248779296875,False,1017,False
5171863007,andurilindustries||product sourcing engineer,1016,0.561248779296875,False,1016,False
5043498007,andurilindustries||product sourcing engineer,1017,0.561248779296875,False,1015,False
5174050007,andurilindustries||electrical engineer lab technician,1018,0.5612375736236572,False,1018,False
4696545006,accenturefederalservices||icam engineer,1019,0.5611649751663208,False,1019,False
5156570007,andurilindustries||facilities electrical engineer,1020,0.560681939125061,False,1020,False
R1550234,iqvia|wd1|iqvia||scientist,1021,0.5606415271759033,False,1022,False
R1550216,iqvia|wd1|iqvia||scientist,1022,0.5606415271759033,False,1021,False
5153003007,andurilindustries||electrical engineering technician,1023,0.5604775547981262,False,1023,False
5034688007,"andurilindustries||product quality engineer, intelligence systems",1024,0.5603361129760742,False,1024,False
4594611006,accenturefederalservices||cyber operations analyst,1025,0.559467077255249,False,1025,False
8512876002,spacex||software engineer,1026,0.5592216849327087,False,1026,False
6004536004,twosixtechnologies||ui developer,1027,0.5591334104537964,False,1027,False
5084276007,andurilindustries||explosive operations engineer,1028,0.5590344667434692,False,1028,False
7665958,"mongodb||technical services engineer, 2nd shift",1029,0.5590241551399231,False,1029,False
5364771008,phizenix||asic design engineer,1030,0.5589650869369507,False,1030,False
8623145002,spacex||mechanical engineer,1031,0.5589350461959839,False,1031,False
8576029002,spacex||integration engineer,1032,0.5588664412498474,False,1032,False
5191580007,lpc||chief building engineer,1033,0.5588143467903137,False,1033,False
5147041007,"andurilindustries||structures design engineer, omen",1034,0.5587308406829834,False,1034,False
5168434007,xai||associate data center operations technician,1035,0.5586124658584595,False,1035,False
5191397007,"harbingermotors||manufacturing engineer, general assembly",1036,0.558425784111023,False,1036,False
8478283002,"spacex||software infrastructure engineer, flight software",1037,0.5583584308624268,False,1037,False
8054993,"mongodb||software engineer 3, documentation platform",1038,0.5581047534942627,False,1039,False
8054991,"mongodb||software engineer 3, documentation platform",1039,0.5581047534942627,False,1038,False
5349707008,fiveringsllc||summer intern 2027 - software developer,1040,0.557799220085144,False,1040,False
5166602007,andurilindustries||software engineer - maritime integrated systems,1041,0.5577883124351501,False,1041,False
5190190007,andurilindustries||mechanical designer,1042,0.5576809644699097,False,1042,False
8575988002,"spacex||mechanical engineer, facilities",1043,0.5575727224349976,False,1043,False
5167428007,"andurilindustries||quality engineer, maritime",1044,0.5574967861175537,False,1044,False
4d57741e-a8cb-4470-a02d-26aab9569785,pattern||junior digital marketing analyst,1045,0.5574471950531006,False,1045,False
8397419002,spacex||mechanical engineer,1046,0.5573327541351318,False,1047,False
8397154002,spacex||mechanical engineer,1047,0.5573327541351318,False,1046,False
5182357007,xai||electrical engineer,1048,0.5572139620780945,False,1048,False
4692256006,accenturefederalservices||forward deployed data engineer - databricks,1049,0.5570927858352661,False,1049,False
8574053002,spacex||factory software engineer,1050,0.5569102168083191,False,1050,False
4715434005,springhealth66||it support engineer ii,1051,0.5568145513534546,False,1051,False
5182046007,xai||mechanical engineer,1052,0.5564160346984863,False,1052,False
7554877,datadog||security sales engineer,1053,0.5562005043029785,False,1053,False
4643328006,accenturefederalservices||big data analytic developer - full stack,1054,0.5561623573303223,False,1054,False
4686185006,accenturefederalservices||sap devops engineer,1055,0.5560711622238159,False,1055,False
8607193002,"spacex||mechanical engineer, printer design & manufacturing",1056,0.5557843446731567,False,1056,False
8461337002,spacex||material flow engineer,1057,0.5557670593261719,False,1057,False
8446263002,"spacex||new graduate engineer, software",1058,0.5556520819664001,False,1060,False
8399140002,"spacex||new graduate engineer, software",1059,0.5556520819664001,False,1059,False
8376990002,"spacex||new graduate engineer, software",1060,0.5556520819664001,False,1058,False
8637472002,spacex||data engineer,1061,0.5554828643798828,False,1061,False
7736671,roblox||data center asset management analyst,1062,0.5553322434425354,False,1062,False
7762538003,archer56||aerodynamics engineer,1063,0.555114209651947,False,1063,False
8512266002,axs||site reliability engineer ii,1064,0.5550277829170227,False,1064,False
4313449009,ensafeinc||industrial wastewater engineer,1065,0.5544551610946655,False,1065,False
8584271002,"spacex||software engineer, pcba",1066,0.554413378238678,False,1066,False
5167278007,"scoutmotors||specialist, obd integration engineer",1067,0.5542846322059631,False,1067,False
5189569007,atwellgroup||technology business operations specialist,1068,0.5537166595458984,False,1068,False
4672260006,accenturefederalservices||icam architect,1069,0.5537080764770508,False,1069,False
4933724101,prolific||human data quality engineer,1070,0.553602933883667,False,1072,False
4751259101,prolific||human data quality engineer,1071,0.553602933883667,False,1071,False
4748211101,prolific||human data quality engineer,1072,0.553602933883667,False,1070,False
7811731003,darkwolfsolutions||cloud services architect,1073,0.5534025430679321,False,1073,False
6099266004,boomilp||product support engineer - boomi - hyderabad,1074,0.5531519055366516,False,1075,False
5995128004,boomilp||product support engineer - boomi - hyderabad,1075,0.5531519055366516,False,1074,False
5182183007,xai||software engineer - x data,1076,0.5531414747238159,False,1076,False
8384974002,spacex||maintenance engineer,1077,0.5529985427856445,False,1077,False
4680287006,sharkninjaoperatingllc||applied ai & analytics associate opportunities,1078,0.552703857421875,False,1078,False
7523834,"mongodb||software engineer, data migration",1079,0.5524953603744507,False,1079,False
8505386002,spacex||site reliability engineer,1080,0.5522131323814392,False,1080,False
4005332009,arcanaanalytics||analyst,1081,0.5520708560943604,False,1081,False
5995126004,boomilp||product support engineer - boomi hyderabad,1082,0.5520671606063843,False,1082,False
4317730009,fanaticsfbg||data engineer ii,1083,0.5518657565116882,False,1083,False
8578082002,"spacex||mechanical engineer, fluid systems",1084,0.5516492128372192,False,1084,False
4689994006,accenturefederalservices||cloud platform engineer,1085,0.5513917207717896,False,1093,False
4680139006,accenturefederalservices||cloud platform engineer,1086,0.5513917207717896,False,1092,False
4680087006,accenturefederalservices||cloud platform engineer,1087,0.5513917207717896,False,1091,False
4680047006,accenturefederalservices||cloud platform engineer,1088,0.5513917207717896,False,1090,False
4662040006,accenturefederalservices||cloud platform engineer,1089,0.5513917207717896,False,1089,False
4652819006,accenturefederalservices||cloud platform engineer,1090,0.5513917207717896,False,1088,False
4645123006,accenturefederalservices||cloud platform engineer,1091,0.5513917207717896,False,1087,False
4622258006,accenturefederalservices||cloud platform engineer,1092,0.5513917207717896,False,1086,False
4618777006,accenturefederalservices||cloud platform engineer,1093,0.5513917207717896,False,1085,False
8530798002,"spacex||embedded software engineer, os/platform",1094,0.5510334968566895,False,1094,False
5096211007,"scoutmotors||specialist, vehicle diagnostic technologies engineer",1095,0.5510256290435791,False,1095,False
5743880004,"hextechnologies||sales engineer, commercial mid-market",1096,0.5509939789772034,False,1096,False
8540372002,spacex||mechanical engineer,1097,0.550864040851593,False,1097,False
8546353002,spacex||automation & controls engineer,1098,0.5504135489463806,False,1098,False
R2612201,myhrabc|wd5|global||program coordinator,1099,0.5503947734832764,False,1100,False
4274197009,attentive||program coordinator,1100,0.5503947734832764,False,1099,False
8490223002,spacex||mechatronics maintenance engineer,1101,0.5503122806549072,False,1101,False
4091872009,"woolpert||engineer in training, aviation & airfield design",1102,0.550238847732544,False,1102,False
8604794002,spacex||mechanical design engineer,1103,0.550213098526001,False,1103,False
8540341002,"spacex||facilities engineer, mechanical",1104,0.550163984298706,False,1104,False
6117296004,monks||ai generative artist,1105,0.550035297870636,False,1105,False
4931312007,xai||ai healthcare and administration tutor,1106,0.5499078035354614,False,1106,False
8642037002,recordedfuture||application support devops engineer,1107,0.5497117042541504,False,1108,False
8614932002,recordedfuture||application support devops engineer,1108,0.5497117042541504,False,1107,False
7791678003,rocketlab||spacecraft operations engineer i/ii,1109,0.5496413111686707,False,1110,False
7786443003,rocketlab||spacecraft operations engineer i/ii,1110,0.5496413111686707,False,1109,False
7802727003,otterbein||maintenance tech,1111,0.549397885799408,False,1111,False
8593382002,spacex||electrical engineer,1112,0.5491736531257629,False,1113,False
8559232002,spacex||electrical engineer,1113,0.5491736531257629,False,1112,False
6116835004,redwoodmaterials||associate controls engineer,1114,0.5490350723266602,False,1114,False
R0016282,astreya|wd5|life-at-astreya-opportunities||it infrastructure operations engineer ii,1115,0.548938512802124,False,1116,False
R0016276,astreya|wd5|life-at-astreya-opportunities||it infrastructure operations engineer ii,1116,0.548938512802124,False,1115,False
7856888,"roblox||data analyst, operations",1117,0.5487383008003235,False,1117,False
R-089716,jj|wd5|displacedemployees||r&d engineer ii,1118,0.5483750104904175,False,1118,False
4685995006,accenturefederalservices||enterprise security architect,1119,0.5481786727905273,False,1119,False
4696629006,accenturefederalservices||data platform architect,1120,0.5480242967605591,False,1120,False
8075958,trace3||global integration engineer,1121,0.5479753613471985,False,1121,False
7810260003,flyzipline||maintenance operations engineering technician,1122,0.5477933287620544,False,1122,False
5145334007,andurilindustries||project engineer - mission autonomy,1123,0.547751784324646,False,1123,False
8624388002,cannondesign||structural engineer ii,1124,0.5476641654968262,False,1124,False
6110905004,mercury||customer support systems & analytics architect,1125,0.5475271940231323,False,1125,False
6980102,"ardentmc||geospatial scientist, data publishing and cataloging",1126,0.547163188457489,False,1126,False
8075900,trace3||global integration engineer,1127,0.5468665957450867,False,1127,False
5012351008,block||silicon product and test engineer,1128,0.5467044711112976,False,1128,False
4661466006,accenturefederalservices||cno software developer,1129,0.546564519405365,False,1129,False
8047847,roblox||data center asset management specialist,1130,0.5464920997619629,False,1130,False
8639384002,spacex||technical recruiter,1131,0.5464494228363037,False,1139,False
8574385002,spacex||technical recruiter,1132,0.5464494228363037,False,1138,False
8521318002,spacex||technical recruiter,1133,0.5464494228363037,False,1137,False
8476111002,spacex||technical recruiter,1134,0.5464494228363037,False,1136,False
5180324007,xometry||technical recruiter,1135,0.5464494228363037,False,1135,False
5135086007,xai||technical recruiter,1136,0.5464494228363037,False,1134,False
4904192101,modoenergy||technical recruiter,1137,0.5464494228363037,False,1133,False
4904189101,modoenergy||technical recruiter,1138,0.5464494228363037,False,1132,False
4240730006,astranis||technical recruiter,1139,0.5464494228363037,False,1131,False
5178117007,"andurilindustries||software engineer, robotics tracking and fusion",1140,0.5462751984596252,False,1142,False
5178116007,"andurilindustries||software engineer, robotics tracking and fusion",1141,0.5462751984596252,False,1141,False
5178115007,"andurilindustries||software engineer, robotics tracking and fusion",1142,0.5462751984596252,False,1140,False
R00027904,erm|wd3|erm_earlycareers||data scientist/automation,1143,0.5462493300437927,False,1143,False
4662623006,accenturefederalservices||cloud devops engineer,1144,0.5462149381637573,False,1144,False
8483936002,gotion||junior process engineer,1145,0.5460835695266724,False,1145,False
4697415006,onxmaps||site reliability engineer iii,1146,0.5458741188049316,False,1146,False
8638457002,"spacex||full stack software engineer, observability",1147,0.545722246170044,False,1147,False
7768983,"reddit||creative technologist, karmalab",1148,0.5454928874969482,False,1148,False
R-083054,jj|wd5|displacedemployees||engineering technician,1149,0.5452869534492493,False,1149,False
4608723006,accenturefederalservices||data insights & visualization practitioner,1150,0.545166015625,False,1150,False
4070401009,woolpert||bridge engineer,1151,0.5451196432113647,False,1151,False
7807077003,enviva||mechanical technician,1152,0.5450819730758667,False,1152,False
8551932002,"spacex||software engineer, flight software",1153,0.545077919960022,False,1153,False
5182374007,xai||facilities infrastructure engineer,1154,0.5448787808418274,False,1154,False
8377312002,"spacex||manufacturing engineer, avionics",1155,0.5447660088539124,False,1155,False
8077045,greenthumbindustries||production technician,1156,0.544765293598175,False,1157,False
5145310007,andurilindustries||production technician,1157,0.544765293598175,False,1156,False
8477466002,spacex||test engineer,1158,0.5446897745132446,False,1158,False
5088628007,andurilindustries||data product enablement specialist,1159,0.5446585416793823,False,1159,False
8391903002,spacex||mechanical engineer,1160,0.5443798899650574,False,1160,False
4661716006,accenturefederalservices||palantir data scientist,1161,0.5443397760391235,False,1161,False
8587084002,spacex||operations engineer,1162,0.5442975759506226,False,1162,False
8632967002,spacex||design verification engineer,1163,0.5442389249801636,False,1165,False
8632894002,spacex||design verification engineer,1164,0.5442389249801636,False,1164,False
8632395002,spacex||design verification engineer,1165,0.5442389249801636,False,1163,False
4575089006,accenturefederalservices||embedded developer ii,1166,0.5440939664840698,False,1166,False
8626648002,spacex||mechanical engineer,1167,0.5440413951873779,False,1168,False
8511462002,spacex||mechanical engineer,1168,0.5440413951873779,False,1167,False
5180868007,"andurilindustries||manufacturing engineer, fury",1169,0.5437339544296265,False,1169,False
8637049002,"spacex||software engineer, test infrastructure",1170,0.543704092502594,False,1170,False
R-147669,nttlimited|wd3|ntt_careers||cross technology managed services engineer,1171,0.5436141490936279,False,1171,False
8593389002,spacex||security engineer,1172,0.5436056852340698,False,1173,False
8593388002,spacex||security engineer,1173,0.5436056852340698,False,1172,False
8532190002,cannondesign||architect ii,1174,0.5435559153556824,False,1174,False
8497524002,"spacex||new graduate engineer, mechanical",1175,0.5434210300445557,False,1175,False
8609102002,spacex||construction project engineer,1176,0.5432798862457275,False,1176,False
R441416,comcast|wd5|comcast_careers||engineer 1 - cyber security operations,1177,0.5431987047195435,False,1177,False
5303186008,thenuclearcompany||mechanical sales engineer,1178,0.5430647134780884,False,1178,False
5188309007,xai||ai tutor - tajik,1179,0.5430099964141846,False,1179,False
5082738007,"scoutmotors||quality engineer, total vehicle",1180,0.5427457094192505,False,1180,False
5109367007,zscaler||transformation architect - healthcare,1181,0.5426009893417358,False,1181,False
5167294007,"scoutmotors||specialist, obd requirements engineer iumpr",1182,0.542424738407135,False,1182,False
8623954002,udacity||claude ai engineer technical mentor - independent contractor,1183,0.5422616004943848,False,1183,False
8584156002,spacex||manufacturing integration engineer,1184,0.542210578918457,False,1184,False
8592321002,spacex||production project engineer,1185,0.5421688556671143,False,1185,False
8536110002,spacex||construction technician,1186,0.5421505570411682,False,1186,False
4678524006,accenturefederalservices||incident response engineer,1187,0.5421116948127747,False,1188,False
4676530006,accenturefederalservices||incident response engineer,1188,0.5421116948127747,False,1187,False
4688013006,accenturefederalservices||site reliability engineer,1189,0.5420705080032349,False,1189,False
4693017006,accenturefederalservices||performance & reliability engineer,1190,0.5420096516609192,False,1190,False
8641455002,spacex||operations engineer,1191,0.5418269634246826,False,1191,False
R264724,"blackrock|wd1|blackrock_professional||software engineer (python,sql) , portfolio management group, analyst",1192,0.5417713522911072,False,1192,False
7757667,"formationbio||data scientist, portfolio optimization",1193,0.5415287613868713,False,1193,False
8532395002,"spacex||software engineer, development test",1194,0.5413267612457275,False,1194,False
5158247007,"andurilindustries||data scientist, air dominance & strike",1195,0.5413134098052979,False,1195,False
8452999002,"spacex||supplier development engineer, mechanical",1196,0.54130619764328,False,1196,False
JR0000108989,ivytech|wd1|ivy_tech_careers||assistant registrar - data analyst,1197,0.5412987470626831,False,1197,False
8623199002,spacex||power plant engineer,1198,0.5412800908088684,False,1198,False
8545873002,spacex||product development engineer,1199,0.5412297248840332,False,1200,False
8522688002,spacex||product development engineer,1200,0.5412297248840332,False,1199,False
5043570007,xai||network engineer - ml infrastructure,1201,0.5411657094955444,False,1201,False
8395341002,spacex||satellite systems software engineer,1202,0.5409358739852905,False,1202,False
1210565,hpe|wd5|jobsathpe||sw engineering,1203,0.5408012866973877,False,1203,False
4603493006,astranis||mechanical engineer - associate program,1204,0.5407568216323853,False,1204,False
5179798007,andurilindustries||integration and test engineer,1205,0.5406778454780579,False,1205,False
R-52785-2026,"harman|wd3|harman||junior engineer ii, maintenance",1206,0.5405699014663696,False,1206,False
5117778007,andurilindustries||manufacturing systems specialist,1207,0.5404212474822998,False,1207,False
5111810007,andurilindustries||flight test engineer,1208,0.5401983261108398,False,1211,False
5093774007,andurilindustries||flight test engineer,1209,0.5401983261108398,False,1210,False
5090852007,andurilindustries||flight test engineer,1210,0.5401983261108398,False,1209,False
5023717007,andurilindustries||flight test engineer,1211,0.5401983261108398,False,1208,False
7586013,boxinc||ai content creator & social strategist,1212,0.5401327610015869,False,1212,False
8573588002,spacex||production development technician,1213,0.5399077534675598,False,1213,False
JR-202615717,generalmotors|wd5|careers_gm||cost engineer - material cost specialist,1214,0.5396670699119568,False,1214,False
4657323006,accenturefederalservices||cloud architect,1215,0.5395732522010803,False,1215,False
5180865007,"andurilindustries||manufacturing engineer, rocket motor systems",1216,0.5394390225410461,False,1216,False
8621662002,"spacex||materials engineer, additive manufacturing",1217,0.539374589920044,False,1217,False
5189555007,atwellgroup||technology specialist ii,1218,0.5392980575561523,False,1218,False
7760524003,paystand||pre-sales engineer,1219,0.5392240881919861,False,1220,False
7742010003,paystand||pre-sales engineer,1220,0.5392240881919861,False,1219,False
4673920006,accenturefederalservices||operations practitioner,1221,0.5390567183494568,False,1221,False
5140589007,zscaler||security compliance architect,1222,0.5390422940254211,False,1222,False
8616015002,spacex||test equipment technician,1223,0.5388967990875244,False,1223,False
8601813002,spacex||manufacturing engineer,1224,0.5388258695602417,False,1224,False
8466346002,spacex||rtl design engineer,1225,0.5387447476387024,False,1225,False
8378521002,spacex||development test technician,1226,0.5383137464523315,False,1226,False
4693670006,astranis||technical project management intern,1227,0.5382933616638184,False,1227,False
8578931002,"spacex||software engineer, high performance computing",1228,0.5382164716720581,False,1229,False
8578909002,"spacex||software engineer, high performance computing",1229,0.5382164716720581,False,1228,False
4323842009,brph||structural engineer,1230,0.5381507873535156,False,1231,False
4323824009,brph||structural engineer,1231,0.5381507873535156,False,1230,False
4691959006,accenturefederalservices||competitive intelligence analyst,1232,0.5377331972122192,False,1232,False
8629130002,spacex||electrical design engineer,1233,0.5376644730567932,False,1233,False
8578957002,spacex||construction engineer,1234,0.5375149250030518,False,1234,False
8631589002,spacex||structures technician,1235,0.5374422073364258,False,1235,False
5158899007,"andurilindustries||finance associate, engineering",1236,0.5373612642288208,False,1236,False
5160373007,andurilindustries||it hardware technician i,1237,0.5372684001922607,False,1237,False
4863272101,davinciderivatives||low latency engineer,1238,0.5369940400123596,False,1238,False
8631837002,"lyft||software engineer, async platform",1239,0.5369786024093628,False,1239,False
7947732002,gotion||field service engineer,1240,0.5367861390113831,False,1241,False
4036514,agilent|wd5|agilent_careers||field service engineer,1241,0.5367861390113831,False,1240,False
8055933,fanduel||ux researcher,1242,0.5367226004600525,False,1243,False
4688864006,accenturefederalservices||ux researcher,1243,0.5367226004600525,False,1242,False
7811783003,memic||business analyst,1244,0.5365481376647949,False,1252,False
5997871004,monks||business analyst,1245,0.5365481376647949,False,1251,False
5743828004,insurify||business analyst,1246,0.5365481376647949,False,1250,False
4930088101,valtech||business analyst,1247,0.5365481376647949,False,1249,False
4698368006,bluewaterthinking||business analyst,1248,0.5365481376647949,False,1248,False
4697063006,accenturefederalservices||business analyst,1249,0.5365481376647949,False,1247,False
4695872006,accenturefederalservices||business analyst,1250,0.5365481376647949,False,1246,False
4677871006,accenturefederalservices||business analyst,1251,0.5365481376647949,False,1245,False
4039003,agilent|wd5|agilent_careers||business analyst,1252,0.5365481376647949,False,1244,False
5163325007,"scoutmotors||systems engineer, body electronics",1253,0.5364866256713867,False,1253,False
8611223002,spacex||security engineer,1254,0.5363882184028625,False,1255,False
8611050002,spacex||security engineer,1255,0.5363882184028625,False,1254,False
4403140006,astranis||environmental test engineer,1256,0.53630131483078,False,1256,False
8642855002,captiveaire||technical sales and field service engineer,1257,0.5361631512641907,False,1257,False
5993753004,"vercel||software engineer, next.js",1258,0.5361443758010864,False,1258,False
8458745002,"spacex||it network infrastructure engineer, launch",1259,0.5360877513885498,False,1259,False
5166320007,"andurilindustries||integration and test engineer (environmental), omen",1260,0.5360631942749023,False,1260,False
4690980006,"sharkninjaoperatingllc||vice president, systems engineering",1261,0.5360435843467712,False,1261,False
5182245007,andurilindustries||manufacturing engineer - 2nd shift,1262,0.5360287427902222,False,1262,False
5172006007,andurilindustries||embedded linux engineer,1263,0.535700798034668,False,1264,False
5100784007,andurilindustries||embedded linux engineer,1264,0.535700798034668,False,1263,False
5192016007,freedomconsulting||test engineer 733,1265,0.5355886220932007,False,1265,False
8362961002,spacex||operations engineer,1266,0.5354596972465515,False,1266,False
8624730002,"spacex||launch engineer, falcon engineering",1267,0.5354160070419312,False,1267,False
4601135006,"astranis||embedded software developer, network/payload software intern",1268,0.5353529453277588,False,1268,False
8052083,wehrtyou||software engineering internship (c++ or python) – summer 2027,1269,0.5352283120155334,False,1269,False
4683623006,accenturefederalservices||software system tester/business analyst,1270,0.5350491404533386,False,1270,False
5147072007,andurilindustries||head of manufacturing test engineering,1271,0.5347582101821899,False,1271,False
4318524009,thepacgroup||material handling engineer,1272,0.5345603227615356,False,1272,False
5161190007,"andurilindustries||it technician, classified programs",1273,0.5345398783683777,False,1273,False
4715093005,seurat||manufacturing engineer - machining operations,1274,0.534493088722229,False,1274,False
8517637002,spacex||rf software engineer,1275,0.5344837307929993,False,1275,False
7366132,intercom||technical support specialist,1276,0.5343855619430542,False,1277,False
4694162006,accenturefederalservices||technical support specialist,1277,0.5343855619430542,False,1276,False
7687143002,gotion||mechanical equipment technician,1278,0.5343527793884277,False,1278,False
4711506007,"tenstorrent||software engineer, tt-distributed",1279,0.534328281879425,False,1279,False
8454694002,workato||chief strategic architect,1280,0.5341272354125977,False,1280,False
8624953002,"spacex||software engineer, cdn",1281,0.5338698625564575,False,1282,False
8448505002,"spacex||software engineer, cdn",1282,0.5338698625564575,False,1281,False
4696008006,accenturefederalservices||data governance & catalog specialist,1283,0.5333379507064819,False,1283,False
5177896007,"andurilindustries||software engineer, 3rd-party integrations",1284,0.5330841541290283,False,1284,False
5090120007,xai||ai tutor - german,1285,0.5330681204795837,False,1285,False
8014796,sweetgreen||quality assurance specialist,1286,0.5330287218093872,False,1286,False
5170591007,scoutmotors||it infrastructure planning specialist,1287,0.5329986810684204,False,1288,False
5170575007,scoutmotors||it infrastructure planning specialist,1288,0.5329986810684204,False,1287,False
WD223051,flextronics|wd1|anord_mardix_careers||engineering systems it support,1289,0.5328081250190735,False,1289,False
4265597009,redwoodsoftware||marketing analytics analyst,1290,0.5327800512313843,False,1290,False
8594360002,"spacex||facilities engineer, electrical",1291,0.5326729416847229,False,1291,False
5139926007,andurilindustries||maritime technical operations engineer,1292,0.5324850082397461,False,1294,False
5139900007,andurilindustries||maritime technical operations engineer,1293,0.5324850082397461,False,1293,False
5139897007,andurilindustries||maritime technical operations engineer,1294,0.5324850082397461,False,1292,False
ea2dd0a4-5e45-4c85-b2f6-7bf7c593ac11,higharc||solutions consultant - estimate,1295,0.5324408411979675,False,1295,False
5365014008,phizenix||asic physical design engineer,1296,0.5324355363845825,False,1296,False
8521636002,"spacex||supplier development engineer, mechanical",1297,0.5323292016983032,False,1297,False
R-180095,republic|wd5|republic||diesel technician,1298,0.5322751998901367,False,1298,False
8520151002,spacex||investigations analyst,1299,0.5320954322814941,False,1299,False
5074043007,andurilindustries||security specialist,1300,0.53203284740448,False,1300,False
8623383002,spacex||mechanical engineer,1301,0.5317655801773071,False,1301,False
5124105007,"atwellgroup||project engineer, civil engineering - land development",1302,0.5317497253417969,False,1302,False
5114254007,zscaler||detection engineer- skillbridge intern,1303,0.5317082405090332,False,1303,False
8533749002,spacex||physical design engineer ii,1304,0.5315921306610107,False,1306,False
8533679002,spacex||physical design engineer ii,1305,0.5315921306610107,False,1305,False
8506508002,spacex||physical design engineer ii,1306,0.5315921306610107,False,1304,False
6119953004,millervein||medical technician,1307,0.5315564274787903,False,1307,False
8050527,zuora||customer solutions engineer – payments,1308,0.5315483808517456,False,1308,False
5159373007,andurilindustries||service desk analyst,1309,0.5314716100692749,False,1309,False
8533859002,"spacex||software engineer, continuous integration",1310,0.5313438773155212,False,1311,False
8533853002,"spacex||software engineer, continuous integration",1311,0.5313438773155212,False,1310,False
7580025,"boxinc||software engineer iii, kubernetes",1312,0.5309125185012817,False,1312,False
8568159002,spacex||environmental health & safety engineer,1313,0.5309070944786072,False,1315,False
8548936002,spacex||environmental health & safety engineer,1314,0.5309070944786072,False,1314,False
8399532002,spacex||environmental health & safety engineer,1315,0.5309070944786072,False,1313,False
8558219002,spacex||mechanical engineer,1316,0.530866801738739,False,1316,False
8618554002,"spacex||supplier development engineer, supply chain",1317,0.5307803153991699,False,1317,False
4696350006,"figureai||project coordinator, data quality",1318,0.5307385325431824,False,1318,False
5164952007,andurilindustries||functional safety engineer,1319,0.5307205319404602,False,1319,False
8451903002,"spacex||it infrastructure engineer, virtualization & hardware",1320,0.5305530428886414,False,1320,False
8593183002,"spacex||software engineer, flight software c++",1321,0.5305184125900269,False,1321,False
5112514007,xai||data analyst - physical infrastructure,1322,0.5303841233253479,False,1322,False
4869805007,xai||power generation engineer,1323,0.5303323864936829,False,1323,False
8641580002,axiscompany||project coordinator,1324,0.5300154089927673,False,1329,False
5192400007,atwellgroup||project coordinator,1325,0.5300154089927673,False,1328,False
4716570005,globalhealthcareexchangeinc||project coordinator,1326,0.5300154089927673,False,1327,False
4292141009,woolpert||project coordinator,1327,0.5300154089927673,False,1326,False
4292132009,woolpert||project coordinator,1328,0.5300154089927673,False,1325,False
4292126009,woolpert||project coordinator,1329,0.5300154089927673,False,1324,False
5090180007,xai||ai tutor - chinese,1330,0.5299588441848755,False,1330,False
8561097002,spacex||process engineer,1331,0.5292782187461853,False,1331,False
8395326002,"spacex||software engineer, simulations",1332,0.529273271560669,False,1332,False
8617201002,spacex||automation & controls engineer,1333,0.5291242599487305,False,1333,False
5160996007,"andurilindustries||software engineer, sensor simulation",1334,0.529118537902832,False,1335,False
5152591007,"andurilindustries||software engineer, sensor simulation",1335,0.529118537902832,False,1334,False
5156575007,andurilindustries||facilities controls engineer,1336,0.5288113951683044,False,1336,False
8362950002,"spacex||mechanical design engineer, production",1337,0.5287681221961975,False,1337,False
REQ-844,verily|wd1|verily_careers||clinical informatics data architect,1338,0.5286485552787781,False,1338,False
5075216007,andurilindustries||drone engineering specialist,1339,0.5286349058151245,False,1339,False
7807409003,fivetran||sales engineer enterprise,1340,0.528613269329071,False,1340,False
8483041002,gotion||customer quality engineer,1341,0.5284452438354492,False,1341,False
7947324,relaypro||production graphic designer,1342,0.5284410119056702,False,1342,False
R46757,oshkoshcorporation|wd5|oshkosh||quality technician i,1343,0.52842777967453,False,1343,False
5177893007,"andurilindustries||site reliability engineer, intelligence systems",1344,0.5279850959777832,False,1344,False
Req-48429,"edwards|wd5|edwardscareers||associate salesforce developer, it",1345,0.5279086828231812,False,1345,False
8582141002,"spacex||test engineer, avionics",1346,0.5277270078659058,False,1346,False
8579221002,"spacex||manufacturing engineer, tool & die machining",1347,0.5276117920875549,False,1347,False
8570121002,spacex||rcdd / ict design engineer,1348,0.527600109577179,False,1348,False
9fd9fdbd-3242-435a-8c78-9919f9888f75,endpointclinical||front-end engineer,1349,0.5275949835777283,False,1349,False
5144455007,"andurilindustries||mechanical engineer, production - connected warfare",1350,0.5274343490600586,False,1350,False
8378412002,spacex||operations engineer,1351,0.527288556098938,False,1351,False
8488280002,spacex||operations engineer,1352,0.5272389650344849,False,1352,False
4866190101,"parloa||agent architect, partner success",1353,0.5270563364028931,False,1353,False
5362884008,csciconsulting||data integration & interface analyst,1354,0.5269695520401001,False,1354,False
4822298101,tamara||product engineer ii - qa,1355,0.5267273783683777,False,1355,False
8558761002,spacex||automation & controls engineer,1356,0.526642918586731,False,1357,False
8350391002,spacex||automation & controls engineer,1357,0.526642918586731,False,1356,False
7740925003,rocketlab||spacecraft operations engineer ii,1358,0.5263448357582092,False,1359,False
7738475003,rocketlab||spacecraft operations engineer ii,1359,0.5263448357582092,False,1358,False
8506211002,gotion||process engineer intern,1360,0.5262209177017212,False,1360,False
8037730,thoughtworks||associate-graduate:developer,1361,0.5261023044586182,False,1361,False
8586495002,axiscompany||mechanical engineer levels 2,1362,0.5259329080581665,False,1362,False
8477124002,"spacex||software engineer, c++",1363,0.5258562564849854,False,1364,False
8451960002,"spacex||software engineer, c++",1364,0.5258562564849854,False,1363,False
8627642002,spacex||test engineer,1365,0.5257809162139893,False,1365,False
8f96b791-a170-4959-a772-74e1872f5841,jump-app||application product security engineer,1366,0.5257539749145508,False,1366,False
8525383002,spacex||manufacturing engineer,1367,0.5253962278366089,False,1367,False
8617003002,spacex||welding engineer,1368,0.5253320932388306,False,1368,False
4681807006,accenturefederalservices||industrial engineering & facilities consultant,1369,0.5253187417984009,False,1369,False
R-138693,ferguson|wd1|ferguson_experienced||hr technology analyst,1370,0.5252618193626404,False,1370,False
5061905007,"zscaler||sales engineer, enterprise - pacnw",1371,0.5250967144966125,False,1371,False
5059872007,"andurilindustries||electrical engineer, avionics design",1372,0.5249817371368408,False,1372,False
8583974002,spacex||hardware development electrical engineer,1373,0.524907112121582,False,1373,False
8389500002,spacex||structural engineer,1374,0.5248682498931885,False,1374,False
R0136956,hitachi|wd1|hitachi||oracle epm solution architect,1375,0.5248419046401978,False,1375,False
5161426007,"andurilindustries||packaging engineer, sentry",1376,0.5247330665588379,False,1376,False
6114235004,turing||technical business analyst,1377,0.5246452689170837,False,1377,False
4321339009,brph||mechanical engineer - plumbing,1378,0.5246138572692871,False,1378,False
ba26a6c7-af93-418e-8085-5c81b4769419,shopback-2||content specialist,1379,0.5244423151016235,False,1379,False
JR00041839,abb|wd3|external_career_page||project planning & control specialist,1380,0.5242496728897095,False,1380,False
8568728002,faire||head of finance systems & data,1381,0.5236616730690002,False,1381,False
R1552642,iqvia|wd1|iqvia||logistics analyst,1382,0.5236337780952454,False,1383,False
5992006004,redwoodmaterials||logistics analyst,1383,0.5236337780952454,False,1382,False
5282339008,datavant2||health information specialist i,1384,0.5235958099365234,False,1384,False
8153173002,cannondesign||architect iii,1385,0.5235843658447266,False,1385,False
8358203002,"spacex||electrical engineer, spacecraft avionics",1386,0.5232683420181274,False,1386,False
8552882002,spacex||os/platform software engineer,1387,0.5232396125793457,False,1387,False
7786028003,prizepicks||software engineer ii,1388,0.5232312679290771,False,1388,False
5167525007,"andurilindustries||metrology engineer, maritime",1389,0.5229519009590149,False,1389,False
5090210007,xai||ai tutor - korean,1390,0.5227166414260864,False,1390,False
8044218,mongodb||associate technical services engineer ii,1391,0.5224499702453613,False,1391,False
491fd053-5f14-4e15-88bd-6e9ed97cacdc,skimmer||technical solutions consultant,1392,0.5223325490951538,False,1392,False
8397683002,"spacex||software engineer, collision avoidance",1393,0.5222631096839905,False,1393,False
5752976004,lunarenergy||power electronics engineer,1394,0.5220847129821777,False,1394,False
5179521007,"andurilindustries||electrical engineer, maritime",1395,0.5220801830291748,False,1395,False
7939172,relaypro||technical support specialist iii,1396,0.5217573046684265,False,1396,False
4689655006,accenturefederalservices||power platform developer,1397,0.5217441320419312,False,1397,False
8573711002,spacex||data engineer,1398,0.5215927362442017,False,1398,False
8564730002,"spacex||electrical engineer, launch pad",1399,0.521446704864502,False,1399,False
4318529009,thepacgroup||material packaging engineer,1400,0.5209068059921265,False,1400,False
8511165002,spacex||environmental engineer,1401,0.5208835601806641,False,1401,False
8519215002,"spacex||supplier development engineer, mechanical",1402,0.5207217931747437,False,1402,False
5156974007,"scoutmotors||specialist, process optimization & data management",1403,0.5205690264701843,False,1403,False
R10292,soti|wd3|careers||quality assurance specialist 1,1404,0.5205652713775635,False,1404,False
4742120007,"andurilindustries||chief engineer, advanced effects",1405,0.52054762840271,False,1405,False
8508417002,gotion||qms engineer,1406,0.5203689336776733,False,1406,False
5141579007,xometry||dfm project engineer,1407,0.5201687812805176,False,1411,False
5141576007,xometry||dfm project engineer,1408,0.5201687812805176,False,1410,False
5141549007,xometry||dfm project engineer,1409,0.5201687812805176,False,1409,False
5141545007,xometry||dfm project engineer,1410,0.5201687812805176,False,1408,False
5141543007,xometry||dfm project engineer,1411,0.5201687812805176,False,1407,False
5148170007,"andurilindustries||manufacturing specialist, propulsion",1412,0.520135760307312,False,1412,False
8368715002,spacex||embedded software engineer,1413,0.5197955965995789,False,1413,False
4954300007,"andurilindustries||mass properties engineer, air vehicles",1414,0.519647479057312,False,1414,False
8529478002,spacex||structures design engineer,1415,0.5195469260215759,False,1415,False
4294407009,kodiak||field integration engineer,1416,0.5195012092590332,False,1416,False
4676915006,astranis||mission engineering associate,1417,0.5191936492919922,False,1417,False
4686273006,accenturefederalservices||cyber forensic specialist,1418,0.518967866897583,False,1418,False
7977483,ardentmc||devsecops engineer,1419,0.5189478397369385,False,1422,False
4698559006,orioninnovation||devsecops engineer,1420,0.5189478397369385,False,1421,False
4657329006,accenturefederalservices||devsecops engineer,1421,0.5189478397369385,False,1420,False
4646344006,accenturefederalservices||devsecops engineer,1422,0.5189478397369385,False,1419,False
R0008319,availity|wd1|availity_careers_us||salesforce developer iii,1423,0.5189037322998047,False,1423,False
4924593007,"andurilindustries||electro-mechanical engineer, r&d",1424,0.5188055634498596,False,1424,False
JR-202614739,generalmotors|wd5|careers_gm||chassis materials engineer,1425,0.5187318325042725,False,1425,False
8382390002,spacex||electrician,1426,0.5186824798583984,False,1426,False
8358201002,spacex||electrical design engineer,1427,0.5179851651191711,False,1427,False
5177879007,"andurilindustries||infrastructure engineer, kubernetes",1428,0.5178470611572266,False,1428,False
5189147007,xai||power systems engineer,1429,0.517583429813385,False,1429,False
8439627002,spacex||rf silicon software engineer,1430,0.5173451900482178,False,1430,False
e4785435-12a7-4bac-a7f3-510825b5cfa3,lilt-production||ai training contributor - luxembourgish - remote,1431,0.517164945602417,False,1431,False
8612261002,gotion||junior controls engineer,1432,0.5170364379882812,False,1432,False
8504788002,"spacex||mechanical engineer, tower/launch and test",1433,0.5170103311538696,False,1433,False
5995122004,boomilp||boomi support engineer,1434,0.517000675201416,False,1435,False
5982491004,boomilp||boomi support engineer,1435,0.517000675201416,False,1434,False
7171103002,gotion||supplier quality engineer,1436,0.5167852640151978,False,1439,False
5190620007,trueanomalyinc||supplier quality engineer,1437,0.5167852640151978,False,1438,False
5146366007,scoutmotors||supplier quality engineer,1438,0.5167852640151978,False,1437,False
4280795009,valaratomics||supplier quality engineer,1439,0.5167852640151978,False,1436,False
4324962009,grvty||cryptologic computer scientist level 1,1440,0.516782283782959,False,1440,False
7687158002,gotion||electrical technician,1441,0.516743540763855,False,1441,False
7938794,wehrtyou||site reliability engineer - enterprise technology,1442,0.5166627168655396,False,1442,False
8474952002,"spacex||reliability engineer, facilities",1443,0.516613781452179,False,1443,False
8467204002,aegworldwide||engineer- facility,1444,0.5164909362792969,False,1444,False
5176707007,andurilindustries||rapid integration & test engineer,1445,0.5162890553474426,False,1445,False
5186566007,andurilindustries||electrical engineer,1446,0.5160009860992432,False,1446,False
8583707002,"spacex||electrical engineer, facilities infrastructure",1447,0.5159803628921509,False,1447,False
eaf53e57-0876-48a2-a583-3c042470f409,simpleclosure||operations specialist,1448,0.5159310102462769,False,1448,False
4698285006,accenturefederalservices||critical infrastructure analyst,1449,0.5158430337905884,False,1449,False
8572153002,spacex||turbomachinery engineer,1450,0.515831470489502,False,1450,False
5188984007,veracyte||molecular technician,1451,0.5157978534698486,False,1451,False
5165038007,"andurilindustries||electrical engineer, payload integration",1452,0.5157204866409302,False,1452,False
4619716006,astranis||communications/dsp associate engineer,1453,0.5154483318328857,False,1453,False
4685018006,accenturefederalservices||aws cloud engineer,1454,0.5153915882110596,False,1454,False
8634955002,"spacex||operations engineer, facilities",1455,0.5152303576469421,False,1455,False
9abaddb9-c919-45e2-a5cd-d6b08084d871,truemed||categorization specialist,1456,0.5151534676551819,False,1456,False
8614963002,spacex||site reliability engineer — hpc & automation,1457,0.5148718357086182,False,1457,False
8595083002,spacex||structural engineer,1458,0.5148053765296936,False,1458,False
4681756006,accenturefederalservices||ux designer,1459,0.5146756172180176,False,1459,False
5136064007,xai||gas pipeline engineer,1460,0.5145704746246338,False,1460,False
5136156007,xai||permitting specialist,1461,0.5145490765571594,False,1461,False
7952065,urbancompass||marketing specialist,1462,0.5144363641738892,False,1463,False
6119707004,commonthreadcollective||marketing specialist,1463,0.5144363641738892,False,1462,False
8022426,urbancompass||marketing specialist,1464,0.5144362449645996,False,1467,False
8001961,urbancompass||marketing specialist,1465,0.5144362449645996,False,1466,False
8001950,urbancompass||marketing specialist,1466,0.5144362449645996,False,1465,False
7952070,urbancompass||marketing specialist,1467,0.5144362449645996,False,1464,False
8553658002,spacex||integration & test engineer,1468,0.5144296288490295,False,1468,False
7991444,"mongodb||engineer 3, business systems",1469,0.5143409371376038,False,1469,False
4677541006,astranis||mechanical engineer intern,1470,0.5142334699630737,False,1470,False
8617804002,cannondesign||project designer v,1471,0.5138350129127502,False,1472,False
8617794002,cannondesign||project designer v,1472,0.5138350129127502,False,1471,False
8637826002,spacex||wireless software engineer,1473,0.5134329199790955,False,1474,False
8637814002,spacex||wireless software engineer,1474,0.5134329199790955,False,1473,False
8551872002,"spacex||development test engineer, structures",1475,0.5133890509605408,False,1475,False
5239218008,"just-global||supervisor, analytics",1476,0.513343095779419,False,1476,False
5165026007,andurilindustries||ewis engineer,1477,0.5132236480712891,False,1477,False
4250756009,arcanaanalytics||client solutions associate,1478,0.5131213068962097,False,1478,False
8571649002,spacex||financial systems analyst,1479,0.5130916833877563,False,1479,False
4663441006,accenturefederalservices||tech assessor,1480,0.5128777027130127,False,1480,False
8000380,"zuora||enterprise solution architect - billing, cpq",1481,0.5127047300338745,False,1481,False
5167909007,petag||maintenance tech ii,1482,0.5126673579216003,False,1482,False
8377628002,spacex||avionics systems engineer,1483,0.5122478008270264,False,1484,False
8356336002,spacex||avionics systems engineer,1484,0.5122478008270264,False,1483,False
4693172006,accenturefederalservices||release train engineer,1485,0.5121490955352783,False,1486,False
4693156006,accenturefederalservices||release train engineer,1486,0.5121490955352783,False,1485,False
8563304002,spacex||fluids engineer,1487,0.5121296048164368,False,1487,False
5176810007,"scoutmotors||concept architect, top hat",1488,0.5118024945259094,False,1489,False
5176806007,"scoutmotors||concept architect, top hat",1489,0.5118024945259094,False,1488,False
8536387002,spacex||it network infrastructure specialist,1490,0.5116827487945557,False,1490,False
8631780002,spacex||it network infrastructure specialist,1491,0.5116826295852661,False,1491,False
5979111004,vercel||head of field engineering operations,1492,0.5115935802459717,False,1492,False
6117208004,envoyglobalinc||immigration specialist,1493,0.5114099383354187,False,1493,False
8635006002,spacex||facilities operations engineer,1494,0.5113527774810791,False,1494,False
5158245007,"andurilindustries||mission software infrastructure engineer, active clearance",1495,0.5112607479095459,False,1495,False
5121877007,"andurilindustries||development test engineer, maritime",1496,0.5111598968505859,False,1496,False
5166743007,"andurilindustries||integration and test engineer (iron bird), omen",1497,0.5110475420951843,False,1497,False
8612998002,spacex||structures technician,1498,0.511040449142456,False,1498,False
5166741007,"andurilindustries||integration and test engineer (structures), omen",1499,0.5108530521392822,False,1499,False
4716215005,maravailifesciences||process development & manufacturing specialist i,1500,0.5108411312103271,False,1500,False
5165052007,"andurilindustries||electrical engineer, mission systems integration",1501,0.5108009576797485,False,1501,False
8463188002,spacex||construction project engineer,1502,0.5107351541519165,False,1502,False
7792650003,shopltk||integrations specialist,1503,0.5106896162033081,False,1503,False
8399547002,spacex||automation & controls specialist,1504,0.5106799006462097,False,1504,False
8632389002,spacex||propulsion engineer,1505,0.5106624364852905,False,1505,False
5090264007,xai||ai tutor - spanish,1506,0.5105694532394409,False,1506,False
4614379006,astranis||propulsion engineer intern,1507,0.5105375647544861,False,1507,False
6239055003,compasshealthcenter||education specialist,1508,0.5104853510856628,False,1508,False
JR00039688,abb|wd3|external_career_page||process solution and data architect - treasury,1509,0.5099251866340637,False,1509,False
5091503007,"andurilindustries||technical writer, autonomous airpower",1510,0.5096421241760254,False,1510,False
6117388004,sonyinteractiveentertainmentglobal||technical operations support analyst,1511,0.5095964670181274,False,1511,False
5316511008,"americaninstitutesforresearch||project specialist, tek office",1512,0.5095775127410889,False,1512,False
7810369003,flyzipline||network operations field support engineer,1513,0.5095435380935669,False,1513,False
8571958002,"spacex||operations engineer, supply chain",1514,0.509541392326355,False,1514,False
5365801008,cooksys||finance/administration specialist,1515,0.5095034241676331,False,1515,False
8044902,toast||accounting specialist,1516,0.5093209743499756,False,1516,False
4597559006,astranis||harness design engineer intern,1517,0.509227991104126,False,1517,False
8545886002,spacex||manufacturing specialist,1518,0.5092101693153381,False,1518,False
8077481,pantheon||technical writer,1519,0.5091416835784912,False,1520,False
4696901006,accenturefederalservices||technical writer,1520,0.5091416835784912,False,1519,False
7808092003,crfamilyofcompanies||technical writer,1521,0.5091415047645569,False,1525,False
7808085003,crfamilyofcompanies||technical writer,1522,0.5091415047645569,False,1524,False
7808082003,crfamilyofcompanies||technical writer,1523,0.5091415047645569,False,1523,False
7808073003,crfamilyofcompanies||technical writer,1524,0.5091415047645569,False,1522,False
7808065003,crfamilyofcompanies||technical writer,1525,0.5091415047645569,False,1521,False
7810252003,flyzipline||simulation engineer - avionics,1526,0.5091350078582764,False,1526,False
4692664006,accenturefederalservices||data analyst in california,1527,0.5090157985687256,False,1527,False
8617151002,faire||head of revenue operations & ai,1528,0.5089990496635437,False,1528,False
8624109002,spacex||logistics technician,1529,0.5089657306671143,False,1529,False
5191081007,atwellgroup||project surveyor,1530,0.508958101272583,False,1535,False
5178047007,atwellgroup||project surveyor,1531,0.508958101272583,False,1534,False
5177984007,atwellgroup||project surveyor,1532,0.508958101272583,False,1533,False
5149420007,atwellgroup||project surveyor,1533,0.508958101272583,False,1532,False
5105183007,atwellgroup||project surveyor,1534,0.508958101272583,False,1531,False
5085226007,atwellgroup||project surveyor,1535,0.508958101272583,False,1530,False
5071538007,"andurilindustries||electrical engineer, surface maritime",1536,0.5089039206504822,False,1536,False
4678839006,accenturefederalservices||junior security architect,1537,0.5087859630584717,False,1537,False
8536510002,spacex||loads & dynamics engineer,1538,0.5087743997573853,False,1538,False
8594579002,spacex||classified cyber assurance analyst,1539,0.5087634921073914,False,1539,False
7810045003,flyzipline||logistics specialist,1540,0.5086482167243958,False,1540,False
4621283006,astranis||avionics engineer associate,1541,0.5086367726325989,False,1541,False
5106405007,"scoutmotors||specialist, manufacturing engineer body shop",1542,0.5084996223449707,False,1542,False
5166701007,andurilindustries||developmental operations technician,1543,0.508343517780304,False,1543,False
8612924002,"spacex||automation & controls engineer, insource manufacturing",1544,0.5083063840866089,False,1544,False
5188590007,atwellgroup||project engineer - land development,1545,0.5082963705062866,False,1557,False
5179424007,atwellgroup||project engineer - land development,1546,0.5082963705062866,False,1556,False
5179420007,atwellgroup||project engineer - land development,1547,0.5082963705062866,False,1555,False
5179418007,atwellgroup||project engineer - land development,1548,0.5082963705062866,False,1554,False
5179416007,atwellgroup||project engineer - land development,1549,0.5082963705062866,False,1553,False
5114393007,atwellgroup||project engineer - land development,1550,0.5082963705062866,False,1552,False
5114338007,atwellgroup||project engineer - land development,1551,0.5082963705062866,False,1551,False
5114321007,atwellgroup||project engineer - land development,1552,0.5082963705062866,False,1550,False
5105907007,atwellgroup||project engineer - land development,1553,0.5082963705062866,False,1549,False
5102968007,atwellgroup||project engineer - land development,1554,0.5082963705062866,False,1548,False
5102961007,atwellgroup||project engineer - land development,1555,0.5082963705062866,False,1547,False
5097937007,atwellgroup||project engineer - land development,1556,0.5082963705062866,False,1546,False
5035331007,atwellgroup||project engineer - land development,1557,0.5082963705062866,False,1545,False
4170707009,"woolpert||engineer in training, roadway design",1558,0.5082190036773682,False,1558,False
8515808002,spacex||environmental health & safety engineer,1559,0.5081548690795898,False,1559,False
7505525002,gotion||production planning specialist,1560,0.5080575346946716,False,1560,False
6006419004,monks||business systems analyst,1561,0.5080480575561523,False,1561,False
5066042007,"scoutmotors||specialist, mechanical engineer - assembly",1562,0.5079889297485352,False,1562,False
8543809002,spacex||data & control systems technician,1563,0.5079669952392578,False,1563,False
R-067077,jj|wd5|displacedemployees||quality engineer 2 npd,1564,0.5076799392700195,False,1564,False
4992581007,xai||operations & maintenance technician,1565,0.5075872540473938,False,1565,False
5166715007,andurilindustries||chemical processing technician,1566,0.507542073726654,False,1566,False
8620216002,cannondesign||project technology iv,1567,0.5075292587280273,False,1567,False
7983156,elationhealth||rcm solutions engineer,1568,0.5071233510971069,False,1568,False
5173016007,"scoutmotors||specialist, ladder frame engineer",1569,0.5069499015808105,False,1569,False
7806935003,berkadia||real estate analyst,1570,0.5068985223770142,False,1570,False
8613948002,"spacex||sourcing specialist, test hardware and equipment",1571,0.5068371891975403,False,1571,False
5090197007,xai||ai tutor - dutch,1572,0.5068121552467346,False,1572,False
4681652006,accenturefederalservices||cno developer,1573,0.5066802501678467,False,1574,False
4673494006,accenturefederalservices||cno developer,1574,0.5066802501678467,False,1573,False
8601146002,"spacex||supervisor, fluids fabrication technicians",1575,0.5064894556999207,False,1575,False
8581299002,"spacex||software engineer, propulsion simulation & data analysis",1576,0.5063910484313965,False,1576,False
8031361,carvana||experienced automotive technician - post production,1577,0.5063893795013428,False,1577,False
8577167002,spacex||gateway site development engineer,1578,0.5061837434768677,False,1578,False
4697766006,specialty1||technical accounting analyst,1579,0.5061786770820618,False,1579,False
5090189007,xai||ai tutor - danish,1580,0.5061769485473633,False,1580,False
4678554006,accenturefederalservices||requirements analyst,1581,0.5060634613037109,False,1581,False
4108546009,woolpert||bridge engineer in training,1582,0.5060229301452637,False,1582,False
6099040004,forbes||designer,1583,0.5059195756912231,False,1584,False
4716903005,godfreydadichpartners||designer,1584,0.5059195756912231,False,1583,False
8637755002,"spacex||software engineer, starlink ux",1585,0.5059041380882263,False,1585,False
8553649002,spacex||build engineer,1586,0.5057398676872253,False,1586,False
7780643003,breezeairways||materials specialist,1587,0.5056102275848389,False,1587,False
7801768003,breezeairways||materials specialist,1588,0.5056101679801941,False,1589,False
7773740003,breezeairways||materials specialist,1589,0.5056101679801941,False,1588,False
4693087006,accenturefederalservices||technology strategy & roadmap architect,1590,0.5056086182594299,False,1590,False
8463185002,"spacex||manufacturing engineer, raptor turbomachinery",1591,0.5054693222045898,False,1591,False
7807138003,rocketlab||test and launch operations engineer i,1592,0.5054670572280884,False,1592,False
8450042002,"spacex||operations engineer, spaceport facilities",1593,0.5054059028625488,False,1593,False
6516039,ardentmc||information systems security officer,1594,0.5053622722625732,False,1594,False
5189854007,andurilindustries||micro-electronics technician,1595,0.5050795078277588,False,1595,False
R003137,"endo|wd1|external||technical assistant, warehouse",1596,0.5048526525497437,False,1596,False
R1557180,"iqvia|wd1|iqvia||scientist, lab operations",1597,0.5047556161880493,False,1597,False
8533957002,"spacex||supplier development engineer, automation & controls",1598,0.5047065615653992,False,1598,False
5102811007,zscaler||escalation engineer - dlp,1599,0.5045815706253052,False,1601,False
5102809007,zscaler||escalation engineer - dlp,1600,0.5045815706253052,False,1600,False
5102807007,zscaler||escalation engineer - dlp,1601,0.5045815706253052,False,1599,False
8574100002,spacex||financial analyst,1602,0.504544734954834,False,1611,False
8527570002,spacex||financial analyst,1603,0.504544734954834,False,1610,False
8069479,mongodb||financial analyst,1604,0.504544734954834,False,1609,False
7810187003,crfamilyofcompanies||financial analyst,1605,0.504544734954834,False,1608,False
7810182003,crfamilyofcompanies||financial analyst,1606,0.504544734954834,False,1607,False
7810176003,crfamilyofcompanies||financial analyst,1607,0.504544734954834,False,1606,False
7810170003,crfamilyofcompanies||financial analyst,1608,0.504544734954834,False,1605,False
7810163003,crfamilyofcompanies||financial analyst,1609,0.504544734954834,False,1604,False
4716871005,place||financial analyst,1610,0.504544734954834,False,1603,False
4005208009,arcanaanalytics||financial analyst,1611,0.504544734954834,False,1602,False
8402081002,optiverus||graduate fpga engineer,1612,0.5044693946838379,False,1612,False
a27c05d4-d8a0-4193-8999-6814d8d447c6,element84||software engineer - federal geospatial,1613,0.5043137669563293,False,1613,False
8417814002,"spacex||mechanical development test engineer, satellites",1614,0.5041394829750061,False,1614,False
8356404002,spacex||design development technician,1615,0.5039399862289429,False,1615,False
4657698007,andurilindustries||planning analyst,1616,0.5038998126983643,False,1616,False
4644334006,accenturefederalservices||user experience designer,1617,0.503872811794281,False,1617,False
4722696007,alfredbeneschco||project engineer - structures / bridges,1618,0.5036264061927795,False,1618,False
5090272007,xai||ai tutor - thai,1619,0.5035780668258667,False,1619,False
R00210404,alliance|wd3|nissanjobs||maintenance technician,1620,0.5033805966377258,False,1633,False
R00210398,alliance|wd3|nissanjobs||maintenance technician,1621,0.5033805966377258,False,1632,False
8642702002,thesciongroupllc||maintenance technician,1622,0.5033805966377258,False,1631,False
8438220002,spacex||maintenance technician,1623,0.5033805966377258,False,1630,False
5891590004,cottonwoodresidential||maintenance technician,1624,0.5033805966377258,False,1629,False
5171713007,communitymanager||maintenance technician,1625,0.5033805966377258,False,1628,False
5122425007,communitymanager||maintenance technician,1626,0.5033805966377258,False,1627,False
5104519007,communitymanager||maintenance technician,1627,0.5033805966377258,False,1626,False
5104461007,communitymanager||maintenance technician,1628,0.5033805966377258,False,1625,False
5102452007,communitymanager||maintenance technician,1629,0.5033805966377258,False,1624,False
5099818007,communitymanager||maintenance technician,1630,0.5033805966377258,False,1623,False
5093553007,communitymanager||maintenance technician,1631,0.5033805966377258,False,1622,False
5060265007,communitymanager||maintenance technician,1632,0.5033805966377258,False,1621,False
4236660009,valaratomics||maintenance technician,1633,0.5033805966377258,False,1620,False
8615844002,spacex||maintenance technician,1634,0.503380537033081,False,1634,False
8629044002,"relativity||manufacturing engineer ii, integrated components",1635,0.5033113360404968,False,1635,False
7561739,roblox||systems software engineer - game engine network,1636,0.5031952857971191,False,1636,False
6117204004,"vercel||security software engineer, open source frameworks",1637,0.5028482675552368,False,1637,False
8570026002,spacex||environmental health & safety engineer,1638,0.5028076171875,False,1639,False
8402669002,spacex||environmental health & safety engineer,1639,0.5028076171875,False,1638,False
8395276002,"spacex||automation & controls engineer, infrastructure & utility",1640,0.5027986764907837,False,1640,False
7792862,roblox||workforce management analyst,1641,0.5026819705963135,False,1642,False
6606638003,coherehealth||workforce management analyst,1642,0.5026819705963135,False,1641,False
8563131002,spacex||telecommunications technician,1643,0.5025173425674438,False,1643,False
8771d8f5-eb2b-49d7-a419-79dba5561b94,fluidstack||project executive,1644,0.5024544596672058,False,1644,False
8614546002,"spacex||materials engineer, test",1645,0.5023173093795776,False,1645,False
4715314005,assetwatch||marketing operations analyst,1646,0.5022981762886047,False,1646,False
8568157002,"spacex||supplier development engineer, harnessing",1647,0.5022377371788025,False,1647,False
8519574002,"spacex||mission integration engineer, network and infrastructure",1648,0.5021934509277344,False,1648,False
5090199007,xai||ai tutor - finnish,1649,0.5021874904632568,False,1649,False
7785960003,cookunity||accounting analyst,1650,0.5020611882209778,False,1650,False
8552671002,"spacex||mechanical engineer, insource manufacturing",1651,0.5019984841346741,False,1651,False
8450056002,spacex||power systems engineer,1652,0.5019632577896118,False,1652,False
8045205,latitude||gis production analyst,1653,0.501628577709198,False,1653,False
5167280007,"scoutmotors||specialist, obd requirements engineer- testing",1654,0.5016204118728638,False,1654,False
8457316002,gotion||power station management engineer,1655,0.5014001131057739,False,1655,False
8570123002,workato||customer centric engineer,1656,0.5011731386184692,False,1656,False
8612094002,spacex||factory engineer,1657,0.5011236071586609,False,1657,False
5060066007,"andurilindustries||chief engineer, fury science & tech",1658,0.501112163066864,False,1658,False
7856141002,"gotion||equipment engineer, cell line",1659,0.5009994506835938,False,1659,False
4324665009,corviascorporateservicesllc||maintenance technician i,1660,0.5008890628814697,False,1661,False
4222301009,corviascorporateservicesllc||maintenance technician i,1661,0.5008890628814697,False,1660,False
6140280,relaypro||associate qa engineer,1662,0.5008825063705444,False,1662,False
4693083006,astranis||network planning sales engineer associate,1663,0.5008344054222107,False,1663,False
4204723009,formativgroup||aladdin technical consultant - front office,1664,0.500830888748169,False,1664,False
8506697002,spacex||manufacturing engineer,1665,0.5007784366607666,False,1665,False
6104050004,doublegood||manufacturing project planner,1666,0.5005416870117188,False,1666,False
4670863006,accenturefederalservices||cleared software engineer,1667,0.5004608631134033,False,1667,False
6008376004,epicgames||technical designer in animation,1668,0.5003638863563538,False,1670,False
6008098004,epicgames||technical designer in animation,1669,0.5003638863563538,False,1669,False
6001973004,epicgames||technical designer in animation,1670,0.5003638863563538,False,1668,False
7523920,"mongodb||software engineer 3, atlas search systems",1671,0.5003502368927002,False,1671,False
8574353002,"spacex||manufacturing engineer, tool & die machining - 2nd shift",1672,0.5003020167350769,False,1672,False
8384965002,spacex||equipment reliability engineer,1673,0.5002486705780029,False,1673,False
7780131003,prizepicks||product analyst,1674,0.5001140236854553,False,1674,False
8590038002,aegworldwide||product developer- ch- axs,1675,0.5000861883163452,False,1675,False
5728060004,vailclinicincdbavailhealthhospital||mri technologist,1676,0.4999775290489197,False,1676,False
5090221007,xai||ai tutor - portuguese,1677,0.4998170733451843,False,1677,False
8460946002,spacex||propulsion technician,1678,0.4998024106025696,False,1678,False
5174904007,"scoutmotors||specialist, manufacturing engineer-assembly finish & rework",1679,0.49971258640289307,False,1679,False
R9269,aspentech|wd5|aspentech||procurement analyst,1680,0.4996405839920044,False,1680,False
8465383002,spacex||city engineer,1681,0.4996371865272522,False,1681,False
8572162002,"spacex||materials engineer, metals",1682,0.49919331073760986,False,1683,False
8525798002,"spacex||materials engineer, metals",1683,0.49919331073760986,False,1682,False
8551799002,cannondesign||education project planner iv,1684,0.4990213215351105,False,1684,False
8464867002,spacex||spaceport engineer,1685,0.4989796578884125,False,1685,False
8544410002,spacex||data center administrator,1686,0.4988712668418884,False,1686,False
R0130107,hitachi|wd1|hitachi||cybersecurity professional,1687,0.4988124370574951,False,1687,False
5182356007,atwellgroup||test technician,1688,0.49869900941848755,False,1688,False
5078972007,andurilindustries||test technician,1689,0.498698890209198,False,1689,False
8641845002,brex||systems analyst ii,1690,0.49863824248313904,False,1695,False
8641843002,brex||systems analyst ii,1691,0.49863824248313904,False,1694,False
8641833002,brex||systems analyst ii,1692,0.49863824248313904,False,1693,False
8641732002,brex||systems analyst ii,1693,0.49863824248313904,False,1692,False
8641728002,brex||systems analyst ii,1694,0.49863824248313904,False,1691,False
8641661002,brex||systems analyst ii,1695,0.49863824248313904,False,1690,False
7800628003,axontalentcommunity||2027 us firmware engineering internship,1696,0.498501181602478,False,1696,False
4250656009,arcanaanalytics||portfolio analytics specialist,1697,0.4984844923019409,False,1697,False
5032033007,"andurilindustries||development test engineer, space vehicle",1698,0.4984598159790039,False,1698,False
8357124002,"spacex||electrical design engineer, gateways & customer hardware",1699,0.49844294786453247,False,1699,False
R67623,volarisgroup|wd3|volaris||product specialist,1700,0.49828922748565674,False,1700,False
7599452003,"rocketlab||mechanical engineer ii, neutron avionics",1701,0.4982556700706482,False,1701,False
5083595007,andurilindustries||av technician,1702,0.49824702739715576,False,1702,False
8533693002,spacex||environmental health & safety engineer,1703,0.4982364773750305,False,1703,False
8477451002,spacex||flight software infrastructure engineer,1704,0.4981672763824463,False,1704,False
R10252,soti|wd3|careers||technical support specialist level 3,1705,0.4979500472545624,False,1705,False
8403132002,"spacex||electrical engineer, sensors",1706,0.4977684020996094,False,1706,False
8393693002,spacex||fire protection engineer,1707,0.4977409839630127,False,1709,False
5136158007,xai||fire protection engineer,1708,0.4977409839630127,False,1708,False
4273223009,valaratomics||fire protection engineer,1709,0.4977409839630127,False,1707,False
5992267004,coursera||learning designer,1710,0.49743324518203735,False,1710,False
8525777002,"spacex||it systems administrator, mission systems",1711,0.4974234700202942,False,1711,False
4689945006,accenturefederalservices||pega developer,1712,0.4973340630531311,False,1714,False
4685541006,accenturefederalservices||pega developer,1713,0.4973340630531311,False,1713,False
4648958006,accenturefederalservices||pega developer,1714,0.4973340630531311,False,1712,False
8041641,"mongodb||technical services engineer, named accounts",1715,0.49729859828948975,False,1715,False
8633999002,spacex||site reliability engineer,1716,0.49729183316230774,False,1716,False
8497591002,spacex||facilities mechanical specialist,1717,0.49721479415893555,False,1717,False
4628847006,astranis||mission engineering intern,1718,0.49710988998413086,False,1718,False
5116367007,"andurilindustries||npi engineer, actuators",1719,0.4971071779727936,False,1719,False
5362404008,gruve||it service operations specialist,1720,0.4970521330833435,False,1720,False
5160667007,"andurilindustries||infrastructure software engineer, active clearance",1721,0.4969998598098755,False,1721,False
5217166008,pointwild||backend architect - golang,1722,0.496844619512558,False,1722,False
8631618002,"spacex||electrical hardware engineer, satellites",1723,0.49669909477233887,False,1723,False
8593342002,"spacex||manufacturing engineer, starship - materials production",1724,0.4966192841529846,False,1724,False
4716840005,careerteam||career advisor,1725,0.496284157037735,False,1725,False
8443019002,spacex||telecommunications engineer,1726,0.496249258518219,False,1726,False
8367491002,spacex||supply chain engineer,1727,0.4962489902973175,False,1727,False
5142979007,xai||electrician,1728,0.4962261915206909,False,1728,False
5142486007,"scoutmotors||specialist, process control engineer",1729,0.4961772561073303,False,1729,False
8569184002,"spacex||mission integration engineer, ai (starshield) - top secret clearance",1730,0.496165931224823,False,1730,False
5123528007,xai||ai tutor - russian,1731,0.49611544609069824,False,1731,False
8402832002,spacex||nde engineer,1732,0.4959646463394165,False,1732,False
7948530,"mongodb||salesforce engineer iii, fedramp",1733,0.49590355157852173,False,1733,False
4677697005,rebuildmanufacturing||process quality engineer,1734,0.4956705570220947,False,1734,False
8604948002,spacex||mechanical technician,1735,0.4955690801143646,False,1735,False
4338015006,astranis||pcba manufacturing engineer,1736,0.4955146312713623,False,1736,False
5095662007,xai||ai tutor - turkish,1737,0.4953879714012146,False,1737,False
3165839,hp|wd5|exteu-ac-careersite||customer solution center rep,1738,0.49524104595184326,False,1738,False
8492384002,spacex||propulsion technician,1739,0.49523621797561646,False,1739,False
4657749006,accenturefederalservices||sap s/4hana technical migration architect,1740,0.4950511157512665,False,1740,False
8493500002,"spacex||structures engineer, build",1741,0.4948238432407379,False,1741,False
5022277007,atwellgroup||civil engineer - municipal,1742,0.49480363726615906,False,1742,False
4691031006,onbe||product marketing specialist,1743,0.49479830265045166,False,1747,False
4691030006,onbe||product marketing specialist,1744,0.49479830265045166,False,1746,False
4691029006,onbe||product marketing specialist,1745,0.49479830265045166,False,1745,False
4691006006,onbe||product marketing specialist,1746,0.49479830265045166,False,1744,False
4691005006,onbe||product marketing specialist,1747,0.49479830265045166,False,1743,False
5033593007,xai||it services technician,1748,0.49475932121276855,False,1748,False
8543990002,spacex||propulsion technician,1749,0.4945811927318573,False,1749,False
8636627002,workato||technical instructor,1750,0.4944261908531189,False,1750,False
4021514009,arcanaanalytics||qa engineer,1751,0.4943593740463257,False,1751,False
8560125002,spacex||hvac design engineer,1752,0.4943143129348755,False,1752,False
4587709006,accenturefederalservices||defensive cyber operation analyst,1753,0.49425697326660156,False,1753,False
8398679002,"spacex||backend software engineer, gnc",1754,0.49424445629119873,False,1754,False
8365425002,spacex||tooling design & automation engineer,1755,0.4942397475242615,False,1755,False
8552893002,"spacex||embedded software engineer, os/platform",1756,0.49416273832321167,False,1757,False
8511391002,"spacex||embedded software engineer, os/platform",1757,0.49416273832321167,False,1756,False
5147719007,"andurilindustries||test & evaluation engineer, imaging",1758,0.4941251277923584,False,1758,False
8641196002,"relativity||quality engineer ii, test & launch",1759,0.49407920241355896,False,1759,False
8324817002,spacex||propulsion engineer,1760,0.49380746483802795,False,1760,False
R-089208,jj|wd5|displacedemployees||engineering manufacturing maintenance supervisor,1761,0.4937504529953003,False,1761,False
4674902006,accenturefederalservices||sharepoint migration systems engineer,1762,0.49362877011299133,False,1762,False
8433913002,spacex||automation & controls engineer,1763,0.49328744411468506,False,1763,False
8477675002,spacex||entry level production technician - twta,1764,0.49320417642593384,False,1764,False
8628432002,spacex||machine maintenance technician,1765,0.492976576089859,False,1765,False
a39f8b47-fe51-4320-b76f-25101bf6c134,timely||product designer,1766,0.4929385781288147,False,1767,False
4697244006,accenturefederalservices||product designer,1767,0.4929385781288147,False,1766,False
8435949002,spacex||development technician,1768,0.49281591176986694,False,1768,False
5158124008,everdriven||finance analyst,1769,0.4927653670310974,False,1769,False
7775328003,verisign||site reliability engineer - ibm aix,1770,0.4923025369644165,False,1770,False
5188312007,xai||ai tutor - sinhala,1771,0.4922648072242737,False,1771,False
5167869007,andurilindustries||test site technican specialist,1772,0.49216997623443604,False,1772,False
8624678002,spacex||mission integration engineer,1773,0.4921286702156067,False,1773,False
5130680007,atwellgroup||cad technician- construction,1774,0.4921019673347473,False,1774,False
5252722008,divergent||real-time systems engineer,1775,0.4918510317802429,False,1775,False
R4043003,gehc|wd5|gehc_externalsite||field service engineer 2 multi-modality,1776,0.49184563755989075,False,1776,False
4681164006,astranis||radiation test engineer,1777,0.4917052984237671,False,1777,False
4649261007,"andurilindustries||mechanical engineer, edge compute and communications",1778,0.49170437455177307,False,1778,False
8515065002,wpp||azure dev ops engineer,1779,0.4916701316833496,False,1779,False
8567325002,spacex||integration engineer,1780,0.4915921688079834,False,1780,False
8624835002,spacex||product security engineer,1781,0.49142447113990784,False,1781,False
8577411002,spacex||product security engineer,1782,0.49142444133758545,False,1783,False
8543671002,spacex||product security engineer,1783,0.49142444133758545,False,1782,False
8402772002,spacex||optical engineer,1784,0.4913990795612335,False,1784,False
8611104002,"spacex||mechanical engineer, hvac",1785,0.49123892188072205,False,1785,False
5047526007,"trueanomalyinc||electrical engineer i-iii, systems",1786,0.49101054668426514,False,1786,False
4679074006,"astranis||assembly, integration, and test associate engineer",1787,0.4909248352050781,False,1787,False
5287381008,apexcompaniescsw||stormwater construction technician,1788,0.49081897735595703,False,1797,False
5287380008,apexcompanies||stormwater construction technician,1789,0.49081897735595703,False,1796,False
5282516008,apexcompaniescsw||stormwater construction technician,1790,0.49081897735595703,False,1795,False
5282515008,apexcompanies||stormwater construction technician,1791,0.49081897735595703,False,1794,False
5267198008,apexcompaniescsw||stormwater construction technician,1792,0.49081897735595703,False,1793,False
5248057008,apexcompanies||stormwater construction technician,1793,0.49081897735595703,False,1792,False
5210722008,apexcompaniescsw||stormwater construction technician,1794,0.49081897735595703,False,1791,False
5210712008,apexcompanies||stormwater construction technician,1795,0.49081897735595703,False,1790,False
5208823008,apexcompaniescsw||stormwater construction technician,1796,0.49081897735595703,False,1789,False
5208818008,apexcompanies||stormwater construction technician,1797,0.49081897735595703,False,1788,False
8015833,mongodb||sales operations analyst,1798,0.4906458258628845,False,1798,False
7810502003,flyzipline||new products ground systems mechanical design engineer,1799,0.49064064025878906,False,1799,False
8400602002,spacex||mechanical engineer,1800,0.49061834812164307,False,1800,False
4890661008,skhynixamerica||construction project coordinator,1801,0.4905444383621216,False,1801,False
8512813002,"spacex||propulsion engineer, components manufacturing",1802,0.4903221130371094,False,1802,False
8205991002,"relativity||manufacturing engineer ii, integration & test",1803,0.4901888370513916,False,1803,False
8398189002,"spacex||manufacturing engineer, supplier development",1804,0.4901014268398285,False,1804,False
4316042009,woolpert||remote sensing technician,1805,0.4900924563407898,False,1805,False
5832831004,ionq||ait mechanical integration technician,1806,0.48985788226127625,False,1806,False
6117093004,vailclinicincdbavailhealthhospital||maintenance specialist,1807,0.4896353483200073,False,1808,False
5705280004,vailclinicincdbavailhealthhospital||maintenance specialist,1808,0.4896353483200073,False,1807,False
8527554002,spacex||payroll analyst,1809,0.4894447922706604,False,1809,False
7460019,"mongodb||technical services engineer, infrastructure - weekend",1810,0.4890894889831543,False,1810,False
8551784002,spacex||facilities specialist,1811,0.4890766739845276,False,1811,False
8629248002,spacex||integration & test engineer,1812,0.48901915550231934,False,1812,False
8564158002,spacex||security software engineer - top secret clearance,1813,0.4889800548553467,False,1813,False
8612730002,"spacex||mechanical engineer, satellites",1814,0.48875629901885986,False,1814,False
5090265007,xai||ai tutor - swedish,1815,0.4887481927871704,False,1815,False
1294e2ed-b0ac-45d1-bc05-4e755eddcc4f,elementsolutions||it support and systems intern,1816,0.48871251940727234,False,1816,False
8599825002,spacex||information system security officer,1817,0.48852866888046265,False,1817,False
8038977,"boxinc||software engineer iii , caching",1818,0.4884336292743683,False,1818,False
5090269007,xai||ai tutor - tamil,1819,0.4884127378463745,False,1819,False
8415124002,spacex||supply chain engineer,1820,0.48839902877807617,False,1820,False
8383931002,gotion||production planner specialist,1821,0.4881937801837921,False,1821,False
4699153007,ascendhealthcare||it service technician,1822,0.4880635738372803,False,1822,False
5183054008,olsson||project civil engineer - data center,1823,0.48804327845573425,False,1823,False
4934341007,"andurilindustries||systems reliability engineer, sentry tower",1824,0.48791611194610596,False,1824,False
5183361007,scoutmotors||communications operations specialist,1825,0.48774945735931396,False,1825,False
5308214008,apexcompanies||survey technician,1826,0.4876444637775421,False,1826,False
JR346860,salesforce|wd12|external_career_site||technical architect - mulesoft,1827,0.48731666803359985,False,1827,False
8612995002,workato||field chief technology officer,1828,0.4872976839542389,False,1828,False
8609445002,"spacex||civil engineer, land development",1829,0.4871034026145935,False,1830,False
8483977002,"spacex||civil engineer, land development",1830,0.4871034026145935,False,1829,False
4325685006,astranis||fpga engineer,1831,0.48691806197166443,False,1831,False
8397596002,"spacex||software engineer, hitl - top secret clearance",1832,0.4867936372756958,False,1832,False
4671842006,accenturefederalservices||pega business architect support,1833,0.4867275357246399,False,1833,False
5151485007,xai||hr business partner - engineering,1834,0.4866689443588257,False,1834,False
8573793002,"spacex||structural engineer, launch pad",1835,0.4865780472755432,False,1835,False
8614340002,"spacex||environmental health & safety engineer, construction",1836,0.48647230863571167,False,1836,False
8627410002,spacex||power systems engineer,1837,0.4864042401313782,False,1838,False
8627222002,spacex||power systems engineer,1838,0.4864042401313782,False,1837,False
5364783008,gigaenergy||warehouse technician,1839,0.48639968037605286,False,1839,False
7810314003,otterbein||sales and marketing specialist,1840,0.48615318536758423,False,1841,False
7810289003,otterbein||sales and marketing specialist,1841,0.48615318536758423,False,1840,False
4620959006,accenturefederalservices||sap application developer,1842,0.48584479093551636,False,1842,False
5188305007,andurilindustries||personnel security specialist,1843,0.48579078912734985,False,1843,False
5090171007,xai||ai tutor - arabic,1844,0.4857695996761322,False,1844,False
c8d5b8ee-4da3-4c4c-a608-0fbbd60a7282,keyloop||knowledge management specialist,1845,0.4857354164123535,False,1845,False
8342924002,spacex||electro-mechanical build & test technician,1846,0.48557794094085693,False,1846,False
7947821,"ripple||site reliability engineer, observability",1847,0.48553532361984253,False,1848,False
7947800,"ripple||site reliability engineer, observability",1848,0.48553532361984253,False,1847,False
5045817007,zscaler||site reliability engineer-skillbridge intern,1849,0.48553037643432617,False,1849,False
3da64d98-72d3-4477-a43f-2277501ac556,"arcadia||analytics engineer, life sciences delivery operations",1850,0.4852309226989746,False,1850,False
R0016384,astreya|wd5|life-at-astreya-opportunities||us technical recruiter,1851,0.48514729738235474,False,1851,False
REF085107W,"visa|wd5|visa||analyst, government affairs",1852,0.48497796058654785,False,1852,False
4678772006,accenturefederalservices||service-oriented architecture (soa) developer,1853,0.48490652441978455,False,1853,False
J-81501,travelhrportal|wd1|jobs||etl developer,1854,0.4848285913467407,False,1854,False
8499098002,spacex||thermal development technician,1855,0.4847806692123413,False,1857,False
8417603002,spacex||thermal development technician,1856,0.4847806692123413,False,1856,False
8377287002,spacex||thermal development technician,1857,0.4847806692123413,False,1855,False
5090202007,xai||ai tutor - french,1858,0.48458802700042725,False,1858,False
5192369007,mcadams||cad technician,1859,0.48442766070365906,False,1859,False
7918768,"samsara||sales engineer, mid-market western canada",1860,0.4843875467777252,False,1860,False
4668591006,accenturefederalservices||cloud security architect,1861,0.4843229353427887,False,1861,False
7561736,roblox||core engine developer - systems,1862,0.48396003246307373,False,1862,False
8611123002,spacex||production reliability engineer,1863,0.4839142858982086,False,1863,False
8641352002,optiverus||fpga engineer intern,1864,0.4839019179344177,False,1864,False
4676910006,astranis||environmental test engineer associate,1865,0.48370105028152466,False,1865,False
5173474007,"scoutmotors||specialist, body in white cad engineer",1866,0.4836527109146118,False,1866,False
5149335007,banyansoftware||chief product & technology officer (cpto) - aequitas solutions,1867,0.48346006870269775,False,1867,False
8364386002,"spacex||manufacturing engineer, supply chain",1868,0.48337945342063904,False,1868,False
5181857007,scoutmotors||customer solutions guide,1869,0.4831202030181885,False,1869,False
8403828002,spacex||structural engineer,1870,0.48297709226608276,False,1870,False
8534765002,"spacex||hardware development engineer, power",1871,0.48293739557266235,False,1871,False
8355075002,spacex||avionics test engineer,1872,0.4829275608062744,False,1872,False
8623608002,spacex||facilities technician,1873,0.4828891158103943,False,1874,False
5181916007,andurilindustries||facilities technician,1874,0.4828891158103943,False,1873,False
8484560002,spacex||environmental & materials compliance engineer,1875,0.4828806519508362,False,1875,False
R0129299,hitachi|wd1|hitachi||manufacturing quality assurance professional,1876,0.48286008834838867,False,1876,False
8626679002,"spacex||mission integration engineer, mission systems",1877,0.4828431010246277,False,1877,False
R10095606,airliquidehr|wd3|airliquideexternalcareer||product expert,1878,0.4827813506126404,False,1878,False
8604664002,"spacex||application software engineer (c#/ python), data",1879,0.48276761174201965,False,1879,False
8642695002,"spacex||supervisor, development operations",1880,0.48274892568588257,False,1880,False
8077118,equipmentsharecom||heavy equipment shop technician,1881,0.4826169013977051,False,1890,False
8077117,equipmentsharecom||heavy equipment shop technician,1882,0.4826169013977051,False,1889,False
8077116,equipmentsharecom||heavy equipment shop technician,1883,0.4826169013977051,False,1888,False
8076983,equipmentsharecom||heavy equipment shop technician,1884,0.4826169013977051,False,1887,False
8075383,equipmentsharecom||heavy equipment shop technician,1885,0.4826169013977051,False,1886,False
8075038,equipmentsharecom||heavy equipment shop technician,1886,0.4826169013977051,False,1885,False
8074548,equipmentsharecom||heavy equipment shop technician,1887,0.4826169013977051,False,1884,False
8071491,equipmentsharecom||heavy equipment shop technician,1888,0.4826169013977051,False,1883,False
8059895,equipmentsharecom||heavy equipment shop technician,1889,0.4826169013977051,False,1882,False
8048680,equipmentsharecom||heavy equipment shop technician,1890,0.4826169013977051,False,1881,False
8560022002,spacex||fpga/asic design engineer,1891,0.4824393391609192,False,1891,False
5124340007,"andurilindustries||chief engineer, radar",1892,0.482371985912323,False,1892,False
7803164003,coherehealth||business analyst ii,1893,0.4820981025695801,False,1893,False
5123518007,xai||ai tutor - hungarian,1894,0.48203593492507935,False,1894,False
5172213007,veracyte||genomic specialist,1895,0.48195314407348633,False,1895,False
4608068006,accenturefederalservices||cleared genai engineer,1896,0.4819486737251282,False,1896,False
588166,philips|wd3|jobs-and-careers||business platform analyst,1897,0.48193567991256714,False,1897,False
5364760008,gigaenergy||assembly technician,1898,0.4819197654724121,False,1898,False
5083521007,"andurilindustries||robotics software engineer, verification & validation",1899,0.48167186975479126,False,1899,False
5090215007,xai||ai tutor - norwegian,1900,0.48147666454315186,False,1900,False
8642909002,spacex||rfic design engineer,1901,0.4814179539680481,False,1902,False
8642045002,spacex||rfic design engineer,1902,0.4814179539680481,False,1901,False
5090206007,xai||ai tutor - hebrew,1903,0.48139452934265137,False,1903,False
8445721002,"spacex||materials r&d technician, silicon wafer engineering",1904,0.4813329577445984,False,1904,False
7966907,mongodb||hris engineer iii - integrations,1905,0.48120126128196716,False,1905,False
8568146002,spacex||manufacturing engineer,1906,0.48119932413101196,False,1906,False
8565657002,spacex||equipment maintenance technician,1907,0.4811800718307495,False,1907,False
8570093002,workato||customer centric engineer,1908,0.481142520904541,False,1908,False
4695967006,accenturefederalservices||custom applications developer,1909,0.4811409115791321,False,1909,False
8532641002,"spacex||development test engineer, satellites",1910,0.48112303018569946,False,1910,False
8496306002,spacex||operations engineer,1911,0.48109006881713867,False,1911,False
4667228006,accenturefederalservices||government security personnel analyst,1912,0.48095518350601196,False,1912,False
5153452007,atwellgroup||electrical engineer - pv/bess - power & energy,1913,0.48070746660232544,False,1913,False
8402132002,spacex||chemical process engineer,1914,0.4805750250816345,False,1914,False
8067970,yext||it audit analyst,1915,0.4804224669933319,False,1915,False
5117576007,"andurilindustries||tactical network & mission systems engineer, maritime",1916,0.4803445339202881,False,1919,False
5117575007,"andurilindustries||tactical network & mission systems engineer, maritime",1917,0.4803445339202881,False,1918,False
5117562007,"andurilindustries||tactical network & mission systems engineer, maritime",1918,0.4803445339202881,False,1917,False
5058466007,"andurilindustries||tactical network & mission systems engineer, maritime",1919,0.4803445339202881,False,1916,False
8501166002,spacex||avionics test engineer,1920,0.48017942905426025,False,1920,False
4924873101,"stabilityai||research scientist, professional creative workflows",1921,0.4800439476966858,False,1921,False
5188283007,"andurilindustries||test and evaluation engineer, air defense",1922,0.4800255596637726,False,1922,False
8631636002,"spacex||hardware engineer - electrical, satellites",1923,0.48002535104751587,False,1923,False
8601223002,spacex||site reliability engineer,1924,0.47990068793296814,False,1924,False
5737879004,"redwoodmaterials||infrastructure software engineer, energy storage",1925,0.47985202074050903,False,1925,False
8623602002,"spacex||propulsion engineer, avionics manufacturing",1926,0.47968196868896484,False,1926,False
8359659002,spacex||thermal protection engineer,1927,0.4795647859573364,False,1927,False
5189634007,"scoutmotors||specialist, diagnostic and commissioning engineer",1928,0.47953325510025024,False,1929,False
5065244007,"scoutmotors||specialist, diagnostic and commissioning engineer",1929,0.47953325510025024,False,1928,False
4178272009,redwoodsoftware||ux design team - researcher,1930,0.4795282185077667,False,1930,False
4685954006,accenturefederalservices||cleared devops engineer,1931,0.47932517528533936,False,1931,False
5155592007,"scoutmotors||system engineer, vehicle controls",1932,0.479317307472229,False,1932,False
7302931,cloudflare||software engineer: resiliency - deploy at scale,1933,0.4792916476726532,False,1933,False
8503045002,spacex||environmental health & safety engineer,1934,0.47928178310394287,False,1934,False
8026101,boxinc||associate technical consultant,1935,0.4792550802230835,False,1936,False
7993042,boxinc||associate technical consultant,1936,0.4792550802230835,False,1935,False
8501168002,spacex||mechanical integration & test engineer,1937,0.4791576564311981,False,1937,False
5156952008,olsson||licensed civil engineer - data center,1938,0.4790422320365906,False,1938,False
5141571007,"scoutmotors||specialist, manufacturing engineer - assembly interior",1939,0.47886714339256287,False,1939,False
8502375002,"spacex||mission integration engineer, user products",1940,0.4788009524345398,False,1940,False
8447293002,spacex||launch operations engineer,1941,0.47868043184280396,False,1941,False
8583754002,"spacex||civil engineer, starbase infrastructure",1942,0.4784508943557739,False,1942,False
5803037004,vailclinicincdbavailhealthhospital||cath lab technologist,1943,0.4784339666366577,False,1943,False
8579623002,spacex||it network infrastructure technician,1944,0.4784192442893982,False,1945,False
8459561002,spacex||it network infrastructure technician,1945,0.4784192442893982,False,1944,False
5823618004,"redwoodmaterials||service engineer, energy storage",1946,0.4783608019351959,False,1946,False
7811648003,crfamilyofcompanies||social and digital media specialist,1947,0.4782716929912567,False,1947,False
5130014007,"andurilindustries||program financial analyst, autonomous airpower",1948,0.4781949520111084,False,1948,False
8624491002,axogen||quality analyst,1949,0.4781334400177002,False,1950,False
7785784,roblox||quality analyst,1950,0.4781334400177002,False,1949,False
4301304009,eudia||forward deployed lawyer - eudia for government,1951,0.47792065143585205,False,1951,False
8535350002,spacex||propulsion engineer,1952,0.4776553213596344,False,1952,False
R-10399124,fiserv|wd5|ext||hardware operations & client support specialist,1953,0.4776425361633301,False,1953,False
8075480,greenthumbindustries||outdoor maintenance technician,1954,0.47762954235076904,False,1954,False
4697735006,accenturefederalservices||snowflake developer,1955,0.4776126444339752,False,1955,False
5348562008,apexcompanies||landscape technician,1956,0.4773557782173157,False,2001,False
5342480008,apexcompanies||landscape technician,1957,0.4773557782173157,False,2000,False
5342341008,apexcompanies||landscape technician,1958,0.4773557782173157,False,1999,False
5342291008,apexcompanies||landscape technician,1959,0.4773557782173157,False,1998,False
5342259008,apexcompanies||landscape technician,1960,0.4773557782173157,False,1997,False
5342258008,apexcompanies||landscape technician,1961,0.4773557782173157,False,1996,False
5342254008,apexcompanies||landscape technician,1962,0.4773557782173157,False,1995,False
5342253008,apexcompanies||landscape technician,1963,0.4773557782173157,False,1994,False
5342244008,apexcompanies||landscape technician,1964,0.4773557782173157,False,1993,False
5287813008,apexcompanies||landscape technician,1965,0.4773557782173157,False,1992,False
5287810008,apexcompanies||landscape technician,1966,0.4773557782173157,False,1991,False
5287370008,apexcompaniescsw||landscape technician,1967,0.4773557782173157,False,1990,False
5287357008,apexcompanies||landscape technician,1968,0.4773557782173157,False,1989,False
5287346008,apexcompaniescsw||landscape technician,1969,0.4773557782173157,False,1988,False
5287309008,apexcompanies||landscape technician,1970,0.4773557782173157,False,1987,False
5285779008,apexcompaniescsw||landscape technician,1971,0.4773557782173157,False,1986,False
5285742008,apexcompanies||landscape technician,1972,0.4773557782173157,False,1985,False
5274951008,apexcompaniescsw||landscape technician,1973,0.4773557782173157,False,1984,False
5274942008,apexcompanies||landscape technician,1974,0.4773557782173157,False,1983,False
5274916008,apexcompaniescsw||landscape technician,1975,0.4773557782173157,False,1982,False
5274909008,apexcompanies||landscape technician,1976,0.4773557782173157,False,1981,False
5270840008,apexcompaniescsw||landscape technician,1977,0.4773557782173157,False,1980,False
5270836008,apexcompanies||landscape technician,1978,0.4773557782173157,False,1979,False
5262678008,apexcompanies||landscape technician,1979,0.4773557782173157,False,1978,False
5254994008,apexcompaniescsw||landscape technician,1980,0.4773557782173157,False,1977,False
5252792008,apexcompaniescsw||landscape technician,1981,0.4773557782173157,False,1976,False
5252776008,apexcompanies||landscape technician,1982,0.4773557782173157,False,1975,False
5249803008,apexcompaniescsw||landscape technician,1983,0.4773557782173157,False,1974,False
5248082008,apexcompanies||landscape technician,1984,0.4773557782173157,False,1973,False
5247657008,apexcompaniescsw||landscape technician,1985,0.4773557782173157,False,1972,False
5235891008,apexcompaniescsw||landscape technician,1986,0.4773557782173157,False,1971,False
5231344008,apexcompanies||landscape technician,1987,0.4773557782173157,False,1970,False
5230979008,apexcompanies||landscape technician,1988,0.4773557782173157,False,1969,False
5230917008,apexcompanies||landscape technician,1989,0.4773557782173157,False,1968,False
5225820008,apexcompanies||landscape technician,1990,0.4773557782173157,False,1967,False
5225572008,apexcompaniescsw||landscape technician,1991,0.4773557782173157,False,1966,False
5225571008,apexcompanies||landscape technician,1992,0.4773557782173157,False,1965,False
5223523008,apexcompaniescsw||landscape technician,1993,0.4773557782173157,False,1964,False
5222452008,apexcompaniescsw||landscape technician,1994,0.4773557782173157,False,1963,False
5222439008,apexcompanies||landscape technician,1995,0.4773557782173157,False,1962,False
5208869008,apexcompaniescsw||landscape technician,1996,0.4773557782173157,False,1961,False
5208842008,apexcompanies||landscape technician,1997,0.4773557782173157,False,1960,False
5201714008,apexcompaniescsw||landscape technician,1998,0.4773557782173157,False,1959,False
5197535008,apexcompaniescsw||landscape technician,1999,0.4773557782173157,False,1958,False
5164687008,apexcompaniescsw||landscape technician,2000,0.4773557782173157,False,1957,False
5158703008,apexcompanies||landscape technician,2001,0.4773557782173157,False,1956,False
R-147237,"nttlimited|wd3|ntt_careers||data privacy officer, apac",2002,0.47721433639526367,False,2002,False
8477137002,"spacex||software engineer, starlink network",2003,0.47691935300827026,False,2004,False
8458001002,"spacex||software engineer, starlink network",2004,0.47691935300827026,False,2003,False
5141678007,"scoutmotors||specialist, jis material planner",2005,0.47691774368286133,False,2005,False
5096506007,"andurilindustries||robotics software engineer, sensor integration",2006,0.4768826961517334,False,2006,False
4666233006,accenturefederalservices||lc/nc administrator/developer,2007,0.47687745094299316,False,2007,False
5161693007,andurilindustries||electrical engineering lab supervisor,2008,0.4768702983856201,False,2008,False
5043104007,"andurilindustries||deputy chief engineer, pes",2009,0.47686976194381714,False,2009,False
5755341004,vailclinicincdbavailhealthhospital||surgical technologist,2010,0.476861834526062,False,2011,False
5755336004,vailclinicincdbavailhealthhospital||surgical technologist,2011,0.476861834526062,False,2010,False
8558285002,"spacex||operations engineer, starlink satellites",2012,0.4766732454299927,False,2012,False
5179794007,"andurilindustries||integration and test engineer, maritime",2013,0.47655224800109863,False,2013,False
8603486002,allcareers||behavioral technician,2014,0.4765101969242096,False,2014,False
5152744007,"scoutmotors||specialist, material planner",2015,0.47638440132141113,False,2015,False
5081059007,"andurilindustries||chief engineer, fury advanced concepts",2016,0.4759765565395355,False,2016,False
4700296005,"tebra||systems analyst, customer operations",2017,0.4758589267730713,False,2017,False
4657188006,accenturefederalservices||infra tech support practitioner,2018,0.47557300329208374,False,2018,False
8493166002,"spacex||new graduate engineer, mechanical",2019,0.4752963185310364,False,2019,False
4669508006,accenturefederalservices||azure infrastructure engineer,2020,0.47519606351852417,False,2020,False
5191423007,"harbingermotors||manufacturing engineer, battery",2021,0.4751920700073242,False,2021,False
8625576002,"spacex||hardware reliability engineer, electrical",2022,0.47516393661499023,False,2022,False
5156934007,"scoutmotors||specialist, launch management engineer - general assembly",2023,0.4750228524208069,False,2023,False
8548119002,"spacex||technical operations engineer, customer success",2024,0.47496461868286133,False,2025,False
8548111002,"spacex||technical operations engineer, customer success",2025,0.47496461868286133,False,2024,False
5188302007,xai||ai tutor - kazakh,2026,0.4748043417930603,False,2026,False
7765639003,revolutionmedicines||talent acquisition operations analyst ii,2027,0.4747954308986664,False,2027,False
5082537007,andurilindustries||explosives system safety engineer,2028,0.474587082862854,False,2028,False
8628971002,"spacex||mechanical engineer, electro-mechanical",2029,0.47452622652053833,False,2029,False
5112655008,apexcompanies||environmental technician 1,2030,0.4745217263698578,False,2030,False
5173215007,andurilindustries||infrastructure deployment administrator,2031,0.47449731826782227,False,2031,False
7650076003,tekion||implementation specialist,2032,0.47446852922439575,False,2032,False
8440651002,"spacex||electrical engineer, energy infrastructure & generation",2033,0.47441500425338745,False,2033,False
5071316007,andurilindustries||flight test instrumentation engineer,2034,0.47431644797325134,False,2034,False
8511273002,"spacex||manufacturing engineer, components test",2035,0.4742867350578308,False,2035,False
5034295007,andurilindustries||quality specialist,2036,0.47423022985458374,False,2036,False
5175305007,andurilindustries||quality specialist,2037,0.47423017024993896,False,2037,False
8489582002,optiverus||trading automation and operations intern,2038,0.47405874729156494,False,2038,False
8603366002,"spacex||mechanical engineer, heatshield",2039,0.4740530550479889,False,2039,False
5356640008,trueclassicteesllc||head of technology,2040,0.4740147590637207,False,2040,False
7628843003,cookunity||kitchen technician,2041,0.47401198744773865,False,2041,False
8527038002,spacex||manufacturing specialist - 2nd shift,2042,0.4739718735218048,False,2042,False
4538639007,xai||facilities operations technician,2043,0.47395941615104675,False,2043,False
4131600009,woolpert||water resources design project engineer,2044,0.4738955497741699,False,2044,False
R0026354,elanco|wd5|external_career||patent agent,2045,0.473733514547348,False,2045,False
5191069007,trueanomalyinc||data and controls systems test engineer,2046,0.47367238998413086,False,2046,False
7758669003,shopltk||public relations specialist,2047,0.4736272990703583,False,2047,False
8030936,"mongodb||technical services engineer, 1st shift, est hours",2048,0.4735618531703949,False,2048,False
4666348006,coreweave||talent programs specialist,2049,0.4735085368156433,False,2049,False
7681467003,rocketlab||spacecraft mechanical engineer ii - ts/sci,2050,0.473429799079895,False,2050,False
5166825007,"andurilindustries||hydraulic assembly technician, maritime",2051,0.4733574688434601,False,2051,False
8355208002,"spacex||facilities technician, mechanical",2052,0.47327202558517456,False,2052,False
5173306007,veracyte||clinical lab scientist,2053,0.473257452249527,False,2053,False
5150836007,muonspace||camera systems engineer,2054,0.4730217456817627,False,2054,False
8533951002,"spacex||supplier development engineer, silicon",2055,0.4727366268634796,False,2055,False
8642124002,"thesciongroupllc||maintenance technician, full-time",2056,0.4726676940917969,False,2056,False
7635374003,celonis||value engineer-scale-nam,2057,0.4726417064666748,False,2057,False
5184717007,"scoutmotors||engineer, function development & calibration drivability",2058,0.4726341664791107,False,2058,False
8497499002,"spacex||new graduate engineer, mechanical",2059,0.4726039171218872,False,2059,False
4760806007,xai||finance expert,2060,0.47257742285728455,False,2060,False
5176431007,"atwellgroup||land solutions, administrative assistant",2061,0.47242212295532227,False,2061,False
8614967002,"spacex||materials engineer, welding",2062,0.4722498655319214,False,2062,False
8542789002,"spacex||mechanical design engineer, gateways",2063,0.4721125662326813,False,2063,False
R0072019,tsys|wd1|tsys||associate operations analyst,2064,0.4720519483089447,False,2064,False
5113527007,"andurilindustries||robotics software engineer, maneuver dominance",2065,0.4720417559146881,False,2066,False
5047469007,"andurilindustries||robotics software engineer, maneuver dominance",2066,0.4720417559146881,False,2065,False
6009592004,rockbot||technical support operations,2067,0.4720306396484375,False,2067,False
8604755002,spacex||employee experience specialist,2068,0.47193509340286255,False,2068,False
5978342004,"redwoodmaterials||functional safety engineer, energy storage",2069,0.4717143774032593,False,2069,False
8592867002,spacex||power generation engineer,2070,0.47161561250686646,False,2070,False
5187339007,zscaler||commercial sales engineer - ny/nj,2071,0.4713672697544098,False,2071,False
6008718004,rushstreetinteractive||technical compliance analyst,2072,0.4712927043437958,False,2072,False
5085890007,xai||data center operations technician,2073,0.4712662696838379,False,2073,False
5090274007,xai||ai tutor - vietnamese,2074,0.4712204933166504,False,2074,False
5278895008,mcs||field operations technician,2075,0.47106248140335083,False,2075,False
8550967002,cannondesign||experiential graphic designer ib,2076,0.4710187315940857,False,2077,False
8550958002,cannondesign||experiential graphic designer ib,2077,0.4710187315940857,False,2076,False
JR135397,jdgroupnam|wd1|jdfl_corporate_careers||hardware support tech,2078,0.4708293676376343,False,2078,False
5189148007,xai||electrical reliability engineer,2079,0.4708179235458374,False,2079,False
8483305002,"spacex||new graduate engineer, electrical",2080,0.47081297636032104,False,2080,False
6121457004,charliehealth||business development coordinator,2081,0.47067373991012573,False,2081,False
8537914002,spacex||mechanical engineer,2082,0.47066593170166016,False,2082,False
5159092007,andurilindustries||2026 early career engineering finance associate,2083,0.47056469321250916,False,2083,False
8494936002,"spacex||supplier development engineer, harnessing",2084,0.4705585837364197,False,2084,False
R-10399116,fiserv|wd5|ext||ecs operations specialist,2085,0.4705412983894348,False,2085,False
7711953,formlabs||technical sales representative,2086,0.47046005725860596,False,2086,False
5143199008,apexcompanies||environmental technician 2,2087,0.47042614221572876,False,2087,False
5184586007,xai||reliability engineer,2088,0.47042420506477356,False,2088,False
4697421006,"vast||manufacturing engineer, mechanical subassemblies",2089,0.47032153606414795,False,2089,False
8533338002,spacex||antenna engineer,2090,0.47026732563972473,False,2090,False
5254008008,apexcompanies||environmental scientist 2 - project scientist,2091,0.47013360261917114,False,2092,False
5253057008,apexcompanies||environmental scientist 2 - project scientist,2092,0.47013360261917114,False,2091,False
8555812002,spacex||structures technician,2093,0.4701014757156372,False,2093,False
5188307007,xai||ai tutor - mongolian,2094,0.4700658917427063,False,2094,False
8530246002,gotion||training specialist,2095,0.4699828624725342,False,2095,False
8421017002,"spacex||loads and dynamics engineer, satellites",2096,0.4699598550796509,False,2096,False
8413684002,spacex||critical lift & transport engineer,2097,0.46984729170799255,False,2097,False
4593587006,accenturefederalservices||ebs soa developer,2098,0.46935683488845825,False,2098,False
5790958004,"altruist||founding product designer, hazel ai",2099,0.46934863924980164,False,2099,False
8484090002,spacex||additive technician,2100,0.4692891538143158,False,2100,False
588164,"philips|wd3|jobs-and-careers||biomedical equipment technician - kingston, new york",2101,0.46925079822540283,False,2101,False
4695152006,specialty1||field marketing specialist,2102,0.4692266583442688,False,2102,False
8601158002,neweratech||field technician,2103,0.4692213535308838,False,2103,False
4698334006,accenturefederalservices||operations support technician,2104,0.46917542815208435,False,2104,False
8557503002,"spacex||manufacturing engineering specialist, pcba",2105,0.469052791595459,False,2105,False
8633640002,spacex||quality systems engineer,2106,0.46882688999176025,False,2106,False
5036204007,andurilindustries||inventory analyst,2107,0.4687097668647766,False,2107,False
8075792,10xgenomics||customer service specialist,2108,0.4686610698699951,False,2109,False
8075670,10xgenomics||customer service specialist,2109,0.4686610698699951,False,2108,False
8599648002,spacex||network software integration engineer,2110,0.46858954429626465,False,2110,False
8603368002,"spacex||integration engineer, heatshield",2111,0.4684062600135803,False,2111,False
4697592006,accenturefederalservices||mid-level servicenow developer,2112,0.4683319926261902,False,2112,False
8542709002,"spacex||mechanical design engineer, consumer hardware",2113,0.46818843483924866,False,2113,False
8613971002,spacex||hardware development engineer- microelectronics,2114,0.46793413162231445,False,2114,False
8533943002,"spacex||supplier development engineer, mechanical metrology",2115,0.4677630662918091,False,2115,False
8568970002,spacex||software engineer (special projects) - top secret clearance,2116,0.4677566885948181,False,2116,False
8055970,"carvana||project specialist, safe and secure operations strategy",2117,0.46755698323249817,False,2117,False
8578053002,"spacex||new graduate engineer, mechanical",2118,0.46743297576904297,False,2119,False
8542046002,"spacex||new graduate engineer, mechanical",2119,0.46743297576904297,False,2118,False
8402114002,optiverus||fpga engineer intern,2120,0.4674314260482788,False,2120,False
7809843003,smxtech||systems engineer - tier ii/iii esc support,2121,0.4674234986305237,False,2121,False
4608189006,accenturefederalservices||cleared computer vision scientist,2122,0.467369943857193,False,2122,False
5364865008,raptortechnologies||installation technician,2123,0.46732115745544434,False,2123,False
7810039003,otterbein||maintenance assistant,2124,0.4672418236732483,False,2124,False
5155872007,"andurilindustries||emc design engineer, autonomous air vehicles",2125,0.4672302007675171,False,2125,False
4599603006,"astranis||guidance, navigation, and control engineer intern",2126,0.4670608639717102,False,2126,False
8641906002,allcareers||front desk and operations administrator,2127,0.46691039204597473,False,2127,False
4717110005,"nozominetworks||associate sales engineer, emea",2128,0.4668198823928833,False,2128,False
5095657007,xai||ai tutor - indonesian,2129,0.4667794108390808,False,2129,False
5046298008,fiveringsllc||experienced/lateral - quantitative researcher,2130,0.4666951894760132,False,2130,False
4679518006,accenturefederalservices||sap application security specialist,2131,0.46650099754333496,False,2131,False
8625615002,"spacex||software engineer, components test",2132,0.466399610042572,False,2132,False
R438764,comcast|wd5|comcast_careers||engineer 2 - planning & design,2133,0.46635890007019043,False,2136,False
R438763,comcast|wd5|comcast_careers||engineer 2 - planning & design,2134,0.46635890007019043,False,2135,False
R438762,comcast|wd5|comcast_careers||engineer 2 - planning & design,2135,0.46635890007019043,False,2134,False
R438757,comcast|wd5|comcast_careers||engineer 2 - planning & design,2136,0.46635890007019043,False,2133,False
R-180018,republic|wd5|republic||heavy equipment operator,2137,0.4663292169570923,False,2138,False
7811504003,ampsortation||heavy equipment operator,2138,0.4663292169570923,False,2137,False
8626747002,spacex||material flow technician - level 4,2139,0.4663051962852478,False,2139,False
8041318,payoneer||marketing automation & operations specialist,2140,0.46623438596725464,False,2140,False
8407507002,spacex||process safety engineer,2141,0.4660927653312683,False,2141,False
8546215002,spacex||industrial controls technician,2142,0.4658289849758148,False,2142,False
8450986002,"spacex||automation & controls specialist, silicon process manufacturing",2143,0.46582454442977905,False,2143,False
5090270007,xai||ai tutor - telugu,2144,0.4657069742679596,False,2144,False
5191142007,xai||software engineer - platform infrastructure,2145,0.46566325426101685,False,2145,False
7938792,"wehrtyou||site reliability engineer, storage - enterprise technology",2146,0.46553754806518555,False,2146,False
8072130,simplisafe||financial systems analyst ii,2147,0.4654484689235687,False,2147,False
5090218007,xai||ai tutor - polish,2148,0.46541309356689453,False,2148,False
8456214002,spacex||automation & controls engineer,2149,0.4654085636138916,False,2149,False
8632993002,spacex||eda engineer,2150,0.4654056429862976,False,2151,False
8632982002,spacex||eda engineer,2151,0.4654056429862976,False,2150,False
5167419007,chaosindustries||mission operations specialist,2152,0.46537742018699646,False,2152,False
6118869004,kimballequipmentcompany||parts delivery/warehouse specialist,2153,0.46535104513168335,False,2153,False
8625406002,gotion||mechanical engineer - construction & capital projects,2154,0.46501803398132324,False,2154,False
5081020007,"andurilindustries||chief engineer, fury development",2155,0.46481651067733765,False,2155,False
5170039007,"andurilindustries||data analyst, air dominance & strike",2156,0.46478450298309326,False,2156,False
6980117,"ardentmc||geospatial scientist, data collection and quality",2157,0.4647810459136963,False,2157,False
8612903002,spacex||factory build engineer,2158,0.46477657556533813,False,2158,False
4105435009,valaratomics||health physics technician,2159,0.46475762128829956,False,2159,False
8374879002,"spacex||launch engineer, ground support equipment",2160,0.4646727740764618,False,2160,False
5164842007,"scoutmotors||specialist, control technician",2161,0.46466952562332153,False,2161,False
8530506002,spacex||technical recruiter,2162,0.46461278200149536,False,2162,False
4714580005,aviatrix||cloud network architect,2163,0.4645732045173645,False,2163,False
4716904005,ursamajor||liquids test technician ii,2164,0.4643857479095459,False,2164,False
8054423,"dept||architect, martech",2165,0.4642248749732971,False,2165,False
8499349002,spacex||design criteria engineer,2166,0.46421968936920166,False,2166,False
8571876002,"spacex||kiln technician, thermal hardware",2167,0.4641820788383484,False,2167,False
8594403002,spacex||power systems engineer,2168,0.46413832902908325,False,2168,False
7811498003,ampsortation||maintenance mechanic technician,2169,0.464133083820343,False,2169,False
5146677007,"andurilindustries||production test specialist, ew",2170,0.4640648365020752,False,2170,False
5091068007,"zscaler||product specialist, dspm",2171,0.46393752098083496,False,2171,False
5980021004,sonyinteractiveentertainmentglobal||hardware fleet operations specialist,2172,0.46388524770736694,False,2172,False
4645450006,accenturefederalservices||soc analyst,2173,0.4637658894062042,False,2173,False
5039865007,"andurilindustries||technical writer, defense hardware & systems",2174,0.4637381434440613,False,2174,False
8546260002,spacex||equipment reliability engineer,2175,0.4635152816772461,False,2175,False
5755327004,vailclinicincdbavailhealthhospital||operating room technician,2176,0.4634612202644348,False,2176,False
4644875006,accenturefederalservices||cleared java developer,2177,0.4633544385433197,False,2177,False
5218673008,"wppmedia||associate, media solutions",2178,0.46331849694252014,False,2178,False
7779016,mongodb||salesforce cpq engineer 3,2179,0.463076651096344,False,2179,False
8571363002,spacex||network operations engineer,2180,0.46301716566085815,False,2180,False
4695845006,accenturefederalservices||jr. pega developer,2181,0.46301475167274475,False,2181,False
5148688007,veracyte||customer care specialist,2182,0.4629999101161957,False,2182,False
5147005007,"andurilindustries||structures analyst, omen",2183,0.46290063858032227,False,2183,False
R000064918,chevron|wd5|jobs||cloud engineer – hpc compute.,2184,0.4627469778060913,False,2184,False
8602551002,spacex||transport technician,2185,0.4626033902168274,False,2185,False
8071391,weinsteinproperties||maintenance technician - make ready,2186,0.462557315826416,False,2186,False
8041664,"mongodb||software engineer 3, voyage control plane",2187,0.46241235733032227,False,2187,False
4687390006,accenturefederalservices||cleared java developer,2188,0.46230125427246094,False,2188,False
8246217002,gotion||supply chain specialist,2189,0.4622546434402466,False,2189,False
4693259006,accenturefederalservices||pega application developer,2190,0.4621376395225525,False,2190,False
5113760007,"andurilindustries||quality specialist, 2nd shift",2191,0.4619278311729431,False,2191,False
8519655002,spacex||business operations analyst,2192,0.46179717779159546,False,2193,False
8511086002,spacex||business operations analyst,2193,0.46179717779159546,False,2192,False
JR102935,djeholdings|wd5|edelman-careers-e200||temporary experience designer,2194,0.4616427421569824,False,2194,False
REQ-057852,newperkinelmer|wd1|external||field service engineer,2195,0.46160006523132324,False,2195,False
8586104002,spacex||electrician,2196,0.461591899394989,False,2196,False
8624836002,spacex||embedded security engineer,2197,0.46155768632888794,False,2197,False
8577410002,spacex||embedded security engineer,2198,0.46155765652656555,False,2199,False
8543670002,spacex||embedded security engineer,2199,0.46155765652656555,False,2198,False
4658394006,accenturefederalservices||devops engineer,2200,0.4614289700984955,False,2200,False
7810217003,crfamilyofcompanies||dodaf architect,2201,0.4614095091819763,False,2206,False
7810216003,crfamilyofcompanies||dodaf architect,2202,0.4614095091819763,False,2205,False
7810212003,crfamilyofcompanies||dodaf architect,2203,0.4614095091819763,False,2204,False
7810207003,crfamilyofcompanies||dodaf architect,2204,0.4614095091819763,False,2203,False
7810199003,crfamilyofcompanies||dodaf architect,2205,0.4614095091819763,False,2202,False
7810193003,crfamilyofcompanies||dodaf architect,2206,0.4614095091819763,False,2201,False
8597945002,spacex||facilities controls & automation engineer,2207,0.4612771272659302,False,2207,False
7947913,"roblox||law enforcement and digital safety specialist, nevada",2208,0.4612481892108917,False,2208,False
5159749007,"atwellgroup||civil engineer, eit - land development",2209,0.4611855745315552,False,2210,False
5147485007,"atwellgroup||civil engineer, eit - land development",2210,0.4611855745315552,False,2209,False
5177177007,atwellgroup||electrical and instrumentation engineer - oil and gas,2211,0.46096479892730713,False,2211,False
8506443002,"spacex||automation & controls engineer, assembly manufacturing",2212,0.4609127640724182,False,2212,False
7819766,ardentmc||imagery analyst,2213,0.46085095405578613,False,2213,False
8563890002,spacex||build engineer,2214,0.46085065603256226,False,2215,False
8374828002,spacex||build engineer,2215,0.46085065603256226,False,2214,False
5179466007,"zscaler||specialist account executive, data security - enterprise",2216,0.4606209397315979,False,2216,False
8515984002,cannondesign||project administrator,2217,0.4605884253978729,False,2218,False
5267672008,apexcompanies||project administrator,2218,0.4605884253978729,False,2217,False
8484568002,spacex||product compliance engineer,2219,0.4605184495449066,False,2219,False
8074903,equipmentsharecom||heavy equipment field technician,2220,0.46049633622169495,False,2220,False
8077408,equipmentsharecom||heavy equipment field technician,2221,0.46049630641937256,False,2227,False
8075713,equipmentsharecom||heavy equipment field technician,2222,0.46049630641937256,False,2226,False
8075381,equipmentsharecom||heavy equipment field technician,2223,0.46049630641937256,False,2225,False
8067987,equipmentsharecom||heavy equipment field technician,2224,0.46049630641937256,False,2224,False
8064746,equipmentsharecom||heavy equipment field technician,2225,0.46049630641937256,False,2223,False
8012853,equipmentsharecom||heavy equipment field technician,2226,0.46049630641937256,False,2222,False
8007576,equipmentsharecom||heavy equipment field technician,2227,0.46049630641937256,False,2221,False
J000695801,aptiv|wd5|aptiv_careers||cad tool developer,2228,0.46036940813064575,False,2228,False
5287127008,quince||talent research associate,2229,0.46034929156303406,False,2229,False
5143415007,"scoutmotors||specialist, vehicle ee system validation engineer",2230,0.46034640073776245,False,2230,False
8642056002,spacex||rf/microwave engineer,2231,0.4603203535079956,False,2231,False
31151716,abbott|wd5|abbottcareers2||extrusion manufacturing engineer ii,2232,0.4602811634540558,False,2232,False
5127519007,xai||mechanical commissioning technician,2233,0.45969733595848083,False,2233,False
8639139002,"spacex||mechanical designer, automation & controls",2234,0.45967572927474976,False,2235,False
8352050002,"spacex||mechanical designer, automation & controls",2235,0.45967572927474976,False,2234,False
6006366004,epicgamesfrench||programmeur sénior en intelligence artificielle,2236,0.45956122875213623,False,2236,False
5122207007,"atwellgroup||land solutions, document management specialist",2237,0.4595150053501129,False,2237,False
8641281002,relativity||quality inspector technical specialist i,2238,0.45937633514404297,False,2238,False
4675773006,pitchbookdata||customer support specialist,2239,0.45931679010391235,False,2239,False
8589035002,spacex||environmental specialist,2240,0.45930612087249756,False,2242,False
4697702006,triumvirateenvironmental||environmental specialist,2241,0.45930612087249756,False,2241,False
4696645006,triumvirateenvironmental||environmental specialist,2242,0.45930612087249756,False,2240,False
7ec9eaf4-8cfc-4977-9041-86f73e7ab10b,"cohere||research scientist, cohere labs",2243,0.4591856598854065,False,2243,False
5192037007,altentechnologyusa||cae durability engineer,2244,0.4591589570045471,False,2244,False
8622997002,spacex||machining technician,2245,0.45912688970565796,False,2245,False
4695937006,accenturefederalservices||infrastructure systems administrator,2246,0.45889222621917725,False,2246,False
7809990003,"flyzipline||maintenance support technician, dallas",2247,0.4588657021522522,False,2247,False
4658254006,accenturefederalservices||sap data services developer,2248,0.45876479148864746,False,2248,False
7963220,"roblox||law enforcement and digital safety specialist, west virginia",2249,0.45823752880096436,False,2249,False
7921350002,"gotion||equipment engineer, module &pack line",2250,0.4582105576992035,False,2250,False
8490691002,"spacex||hardware engineer, gateways & customer hardware",2251,0.4581902027130127,False,2251,False
8065500,doordashindia||real time analyst supervisor,2252,0.45795613527297974,False,2252,False
R103192,duboischemicals|wd1|external||technical service representative,2253,0.4578823447227478,False,2253,False
8617175002,"spacex||mechanical engineer (structures), starship infrastructure",2254,0.45779189467430115,False,2254,False
5093473007,andurilindustries||instructional designer,2255,0.4576868414878845,False,2255,False
899cdad9-5751-4ade-bc94-02eccaa36ca4,vultr||gpu solutions engineer,2256,0.4576680064201355,False,2256,False
8378489002,spacex||hardware reliability engineer,2257,0.45755860209465027,False,2257,False
7927852,roku||operations planner,2258,0.45754072070121765,False,2258,False
5187280007,"zscaler||analyst, business operations",2259,0.4572408199310303,False,2259,False
4619289006,astranis||flight software associate,2260,0.4572087824344635,False,2260,False
5361271008,spsnorthamerica||office services specialist,2261,0.4571051597595215,False,2261,False
5189190007,rvi||landscape designer,2262,0.4569648206233978,False,2264,False
5184915007,rvi||landscape designer,2263,0.4569648206233978,False,2263,False
5147292007,rvi||landscape designer,2264,0.4569648206233978,False,2262,False
JR345336,salesforce|wd12|external_career_site||contract specialist,2265,0.4569286108016968,False,2266,False
7689134003,higherlogic||contract specialist,2266,0.4569286108016968,False,2265,False
R113310,lithia|wd5|lithiacareers||service technician,2267,0.45691806077957153,False,2267,False
R0195419,greystar|wd1|external||service technician,2268,0.456917941570282,False,2268,False
4254310009,woolpert||google project / change management specialist,2269,0.4567285180091858,False,2269,False
4643762006,"accenturefederalservices||azure data engineer in st. louis, mo",2270,0.4566892087459564,False,2270,False
5363314008,alliancedefendingfreedom||systems administrator,2271,0.45667728781700134,False,2273,False
5190693007,scoutmotors||systems administrator,2272,0.45667728781700134,False,2272,False
4617533006,accenturefederalservices||systems administrator,2273,0.45667728781700134,False,2271,False
8627395002,spacex||development test technician - 2nd shift,2274,0.4566323161125183,False,2274,False
8637182002,"axogen||intern, operations",2275,0.45643481612205505,False,2275,False
8594458002,spacex||test engineer,2276,0.45642799139022827,False,2276,False
4695617006,accenturefederalservices||vulnerability assessment analyst,2277,0.4561789929866791,False,2277,False
5183464007,"scoutmotors||garage e/e technician, specialist",2278,0.45602381229400635,False,2278,False
8379227002,gotion||hvac & utilities engineer/supervisor,2279,0.45597630739212036,False,2279,False
5364827008,skildai-careers||facilities & logistics assistant,2280,0.4559566080570221,False,2280,False
8641290002,"spacex||it systems administrator, it applications",2281,0.4559239149093628,False,2281,False
8216065002,spacex||electrician,2282,0.45552489161491394,False,2282,False
8465286002,spacex||data center specialist,2283,0.4555247128009796,False,2283,False
R29396,crowdstrike|wd5|crowdstrikecareers||regional sales engineer,2284,0.45552146434783936,False,2284,False
R-116513,ingrammicro|wd5|ingrammicro||business development representative,2285,0.45549100637435913,False,2301,False
8064464,urbancompass||business development representative,2286,0.45549100637435913,False,2300,False
8038696,intercom||business development representative,2287,0.45549100637435913,False,2299,False
8035195,urbancompass||business development representative,2288,0.45549100637435913,False,2298,False
7947750,urbancompass||business development representative,2289,0.45549100637435913,False,2297,False
7931403,urbancompass||business development representative,2290,0.45549100637435913,False,2296,False
7931397,urbancompass||business development representative,2291,0.45549100637435913,False,2295,False
7807496,intercom||business development representative,2292,0.45549100637435913,False,2294,False
7791849,urbancompass||business development representative,2293,0.45549100637435913,False,2293,False
7791821,urbancompass||business development representative,2294,0.45549100637435913,False,2292,False
7791806,urbancompass||business development representative,2295,0.45549100637435913,False,2291,False
6299167,bloomreach||business development representative,2296,0.45549100637435913,False,2290,False
6119853004,everstreamanalytics||business development representative,2297,0.45549100637435913,False,2289,False
4716418005,beyond||business development representative,2298,0.45549100637435913,False,2288,False
4715171005,shipbobinc||business development representative,2299,0.45549100637435913,False,2287,False
4318464009,fanaticsfbg||business development representative,2300,0.45549100637435913,False,2286,False
4316070009,gradial||business development representative,2301,0.45549100637435913,False,2285,False
8395296002,"spacex||automation & controls technician, infrastructure & utility",2302,0.45542365312576294,False,2302,False
8506543002,"spacex||equipment maintenance technician, heatshield",2303,0.45538753271102905,False,2303,False
8010102,"mongodb||software engineer 3, query integration",2304,0.4553072452545166,False,2304,False
4285129009,redwoodsoftware||transformation analyst,2305,0.45528319478034973,False,2305,False
7851555,boxinc||recruiting operations analyst,2306,0.4551903009414673,False,2306,False
8076838,urbancompass||front desk administrator,2307,0.45508813858032227,False,2307,False
6103058004,epicgames||animation systems programmer,2308,0.45506060123443604,False,2308,False
8564822002,spacex||fabrication technician - 2nd shift,2309,0.4547838568687439,False,2309,False
5080957007,atwellgroup||project engineer - civil land development,2310,0.4547807574272156,False,2310,False
8497122002,"spacex||mechanical engineer, satellite bus",2311,0.45476460456848145,False,2311,False
8527730002,"spacex||site reliability engineer, gnc",2312,0.45462721586227417,False,2312,False
5168525007,"scoutmotors||specialist, engineer – seats",2313,0.45451200008392334,False,2313,False
8625409002,gotion||electrical engineer - construction & capital projects,2314,0.4544519782066345,False,2314,False
8029831,toast||it helpdesk analyst,2315,0.45438337326049805,False,2315,False
5025986007,"andurilindustries||operations analyst, quality control",2316,0.4543423056602478,False,2316,False
5171367007,"scoutmotors||engineer, iid switches design responsible engineer",2317,0.45409366488456726,False,2317,False
5192454007,altentechnologyusa||it support analyst,2318,0.45406001806259155,False,2319,False
5192441007,altentechnologyusa||it support analyst,2319,0.45406001806259155,False,2318,False
4309675009,vianttechnology||cloud reliability engineer,2320,0.45389658212661743,False,2320,False
8583074002,"spacex||software engineer, hardware-in-the-loop",2321,0.4537820816040039,False,2321,False
8547926002,spacex||business operations analyst,2322,0.45377665758132935,False,2322,False
8565824002,"spacex||deburr technician, machining",2323,0.4537408947944641,False,2323,False
8642696002,"spacex||supervisor, machining & fabrication",2324,0.45367056131362915,False,2324,False
5156588007,andurilindustries||industrial space planner,2325,0.4535899758338928,False,2325,False
5039945004,"vercel||business development representative, majors",2326,0.453524112701416,False,2326,False
8641667002,veterinarypracticepartners||veterinary technician,2327,0.4534897208213806,False,2336,False
8641638002,toropark||veterinary technician,2328,0.4534897208213806,False,2335,False
8641635002,veterinarypracticepartners||veterinary technician,2329,0.4534897208213806,False,2334,False
8641629002,veterinarypracticepartners||veterinary technician,2330,0.4534897208213806,False,2333,False
8641569002,veterinarypracticepartners||veterinary technician,2331,0.4534897208213806,False,2332,False
8641550002,veterinarypracticepartners||veterinary technician,2332,0.4534897208213806,False,2331,False
8641521002,veterinarypracticepartners||veterinary technician,2333,0.4534897208213806,False,2330,False
8641489002,veterinarypracticepartners||veterinary technician,2334,0.4534897208213806,False,2329,False
8640097002,veterinarypracticepartners||veterinary technician,2335,0.4534897208213806,False,2328,False
8638389002,veterinarypracticepartners||veterinary technician,2336,0.4534897208213806,False,2327,False
5114702007,"andurilindustries||electrical integration engineer, air vehicle",2337,0.45342257618904114,False,2337,False
8587138002,aegworldwide||talent development and learning analyst,2338,0.4532564878463745,False,2338,False
4924102101,modoenergy||market analyst,2339,0.4532458782196045,False,2339,False
8595129002,spacex||rf engineer,2340,0.45318669080734253,False,2340,False
7735854003,cookunity||cooling specialist,2341,0.4531428813934326,False,2342,False
7666424003,cookunity||cooling specialist,2342,0.4531428813934326,False,2341,False
8506546002,"spacex||manufacturing engineer, pcba",2343,0.4529702663421631,False,2344,False
8440246002,"spacex||manufacturing engineer, pcba",2344,0.4529702663421631,False,2343,False
8612778002,"spacex||harness design engineer, satellites",2345,0.4529586434364319,False,2345,False
8631298002,spacex||wi-fi software engineer,2346,0.45277276635169983,False,2347,False
8379209002,spacex||wi-fi software engineer,2347,0.45277276635169983,False,2346,False
5086631007,"andurilindustries||flight software platform engineer, embedded c/c++, air dominance & strike",2348,0.45268234610557556,False,2348,False
5994376004,bamboohr17||helpdesk technician,2349,0.45257753133773804,False,2349,False
6011473004,vailclinicincdbavailhealthhospital||medical records technician,2350,0.45245808362960815,False,2350,False
4697289006,accenturefederalservices||cloud migration engineer,2351,0.4524134695529938,False,2351,False
4768908007,"scoutmotors||technical specialist, project coordination, test & pre-series vehicles",2352,0.4523662328720093,False,2352,False
5363180008,hawthornemachineryco||machinery service technician/mechanic 1,2353,0.45227593183517456,False,2353,False
5349219008,fiveringsllc||summer intern 2027 - quantitative researcher,2354,0.4521815776824951,False,2354,False
4619283006,astranis||flight software intern,2355,0.4520699977874756,False,2355,False
5190185007,energysolutions||helpdesk technician ii,2356,0.45188868045806885,False,2356,False
4698274006,vegaamericas||instructional content specialist,2357,0.4518606662750244,False,2357,False
8340749002,"spacex||hardware development engineer, pcba manufacturing",2358,0.4518108367919922,False,2358,False
8558344002,"spacex||hardware development engineer, pcba manufacturing",2359,0.45181065797805786,False,2359,False
6006497004,"epicgames||game designer, activities",2360,0.45177894830703735,False,2362,False
6006495004,"epicgames||game designer, activities",2361,0.45177894830703735,False,2361,False
6001637004,"epicgames||game designer, activities",2362,0.45177894830703735,False,2360,False
8053843,latitude||embedded software engineer ii - (c++) realtime platform,2363,0.45174768567085266,False,2363,False
7996532,"redventures||visual designer, contractor | lonely planet",2364,0.451419472694397,False,2364,False
8608792002,gotion||ehs technician,2365,0.4513881206512451,False,2365,False
4217843009,guildgaragegroup||garage door technician,2366,0.45126163959503174,False,2366,False
5150780007,xai||cad designer,2367,0.4511457085609436,False,2367,False
8581808002,cannondesign||designer ib,2368,0.4510684013366699,False,2368,False
8568127002,"spacex||equipment maintenance & reliability engineer, pcb",2369,0.45087653398513794,False,2369,False
6115602004,guidepointsecurity||microsoft security engineer- remote,2370,0.45082056522369385,False,2370,False
4693113006,accenturefederalservices||sap project systems (ps) consultant,2371,0.4507322907447815,False,2372,False
4681414006,accenturefederalservices||sap project systems (ps) consultant,2372,0.4507322907447815,False,2371,False
4266770009,valaratomics||continuous improvement/operational excellence engineer,2373,0.4507097601890564,False,2373,False
202607-118717,roche|wd3|roche-ext||production technician,2374,0.4504473805427551,False,2374,False
8530463002,spacex||thermal engineer,2375,0.4504026174545288,False,2375,False
4676305006,accenturefederalservices||it service management representative,2376,0.4503200054168701,False,2376,False
8583832002,spacex||facilities specialist,2377,0.4502302408218384,False,2377,False
8552471002,"spacex||mechanical engineer, precision machining",2378,0.45019832253456116,False,2378,False
8594402002,"spacex||electrical engineer, facilities",2379,0.4501807987689972,False,2380,False
8546238002,"spacex||electrical engineer, facilities",2380,0.4501807987689972,False,2379,False
8504994002,"spacex||launch engineer, fluid systems",2381,0.4501696228981018,False,2381,False
7719735003,archer56||liaison engineering focal,2382,0.4497829079627991,False,2382,False
5125849007,andurilindustries||flight test engineer - mission autonomy,2383,0.4497096538543701,False,2383,False
8438476002,spacex||technical satellite policy analyst,2384,0.4496349096298218,False,2384,False
8629135002,spacex||it support technician,2385,0.4494436979293823,False,2388,False
8577847002,spacex||it support technician,2386,0.4494436979293823,False,2387,False
8534863002,spacex||it support technician,2387,0.4494436979293823,False,2386,False
8517131002,spacex||it support technician,2388,0.4494436979293823,False,2385,False
4676888006,astranis||environmental test engineer intern,2389,0.44944053888320923,False,2389,False
5167159007,"andurilindustries||optical engineer, design & architecture",2390,0.4494130611419678,False,2390,False
JR-0091825,kiongroup|wd3|kion_scs||electro-mechanical technician level 4,2391,0.44933587312698364,False,2391,False
068ba58d-0143-4263-b83a-7b389c4d77e6,posthog||developer marketer,2392,0.44930300116539,False,2392,False
4695686006,accenturefederalservices||proposal development center graphic designer,2393,0.4492390751838684,False,2393,False
JR040968,ms|wd5|private||intern,2394,0.4492243826389313,False,2395,False
JR040942,ms|wd5|private||intern,2395,0.4492243826389313,False,2394,False
4246695009,dedicatedit||it operations coordinator,2396,0.44896844029426575,False,2396,False
8642697002,"spacex||supervisor, build & integration",2397,0.44894248247146606,False,2397,False
5257428008,apexcompanies||water/wastewater engineering intern,2398,0.44855189323425293,False,2398,False
R260021171,bmo|wd3|external||mainframe z/os systems programmer,2399,0.44825536012649536,False,2399,False
8612010002,suvoda||site support specialist,2400,0.4481610953807831,False,2400,False
8045688,mongodb||cloud operations engineer,2401,0.44808292388916016,False,2401,False
4698535006,figureai||jr robot service technician,2402,0.4479019045829773,False,2402,False
8176472002,cannondesign||mechanical ib,2403,0.44769081473350525,False,2405,False
8170190002,cannondesign||mechanical ib,2404,0.44769081473350525,False,2404,False
8157812002,cannondesign||mechanical ib,2405,0.44769081473350525,False,2403,False
4716831005,legendcareers||maintenance specialist i/ii,2406,0.44766965508461,False,2406,False
5122211007,"atwellgroup||land solutions, document management specialist",2407,0.4476681649684906,False,2407,False
5046050007,zscaler||site reliability engineer federal- skillbridge intern,2408,0.44764408469200134,False,2408,False
5262641008,apexcompanies||environmental scientist ii - project scientist,2409,0.44761544466018677,False,2409,False
8561420002,spacex||automation & controls technician,2410,0.44758397340774536,False,2410,False
8575267002,spacex||proposal specialist,2411,0.44755470752716064,False,2412,False
7984077,ripple||proposal specialist,2412,0.44755470752716064,False,2411,False
8529553002,"spacex||civil engineer, land development",2413,0.44741660356521606,False,2413,False
5121244007,xai||inventory specialist,2414,0.44740667939186096,False,2415,False
5120398007,andurilindustries||inventory specialist,2415,0.44740667939186096,False,2414,False
4651856006,astranis||network planning sales engineer intern,2416,0.4473268389701843,False,2416,False
4326130009,grvty||target digital network analyst 1,2417,0.44718101620674133,False,2417,False
8565726002,"spacex||new graduate engineer, electrical",2418,0.44716763496398926,False,2418,False
5356588008,block||oracle fusion techno-functional developer,2419,0.44701147079467773,False,2419,False
4095216009,woolpert||transportation roadway- engineer in training,2420,0.4468887448310852,False,2420,False
8533953002,"spacex||supplier development engineer, power electronics",2421,0.44688576459884644,False,2421,False
4694715006,accenturefederalservices||sap abap developer,2422,0.4468746781349182,False,2425,False
4668525006,accenturefederalservices||sap abap developer,2423,0.4468746781349182,False,2424,False
4657490006,accenturefederalservices||sap abap developer,2424,0.4468746781349182,False,2423,False
4651798006,accenturefederalservices||sap abap developer,2425,0.4468746781349182,False,2422,False
4691172006,"astranis||hardware design associate, software defined radio team",2426,0.4467003643512726,False,2426,False
5188280007,xai||ai tutor - kyrgyz,2427,0.4466068744659424,False,2427,False
8516594002,"spacex||manufacturing specialist, components test",2428,0.44659343361854553,False,2428,False
4954307007,"andurilindustries||fuel systems engineer, air vehicles",2429,0.44658979773521423,False,2429,False
4698745005,connectwise||software test engineer ii,2430,0.4465332627296448,False,2430,False
8076844,"accordion||cloud devops engineer, data & analytics",2431,0.446521520614624,False,2431,False
7368213,mongodb||technical services engineer- weekends,2432,0.44651126861572266,False,2432,False
8605834002,"spacex||technical trainer, cnc machining",2433,0.4464370608329773,False,2433,False
8505168002,gotion||metrology technician,2434,0.44629496335983276,False,2434,False
5281189008,apexcompanies||lift station technician,2435,0.4462583065032959,False,2435,False
5156779007,"andurilindustries||modeling, simulation & analysis (msa) engineer - hitl focus",2436,0.4462504982948303,False,2436,False
4694074006,pitchbookdata||market development representative,2437,0.44623810052871704,False,2437,False
7776081003,verisign||legal operations specialist,2438,0.4462316334247589,False,2438,False
4587747006,accenturefederalservices||cyber targeting analyst,2439,0.44622498750686646,False,2439,False
5147847007,"andurilindustries||financial analyst, production",2440,0.4460045099258423,False,2440,False
8561432002,spacex||gnc engineer,2441,0.44553858041763306,False,2441,False
71043d66-5f45-4c71-99a0-a161c706cfb2,hirehangar||digital marketing & account management associate,2442,0.4453672170639038,False,2442,False
8608546002,gitlab||business development representative - mena,2443,0.4452730417251587,False,2443,False
8633150002,spacex||data & control systems technician (starship launch hardware) - level 4/5,2444,0.4451354444026947,False,2444,False
8597953002,spacex||commissioning engineer,2445,0.44504350423812866,False,2445,False
8622779002,"spacex||launch engineer, spacecraft integration",2446,0.4449722170829773,False,2446,False
8625574002,spacex||hardware reliability engineer,2447,0.4449131190776825,False,2447,False
6111137004,ionq||international logistics specialist,2448,0.44487547874450684,False,2448,False
8544891002,cannondesign||construction administrator,2449,0.44478368759155273,False,2450,False
8350522002,cannondesign||construction administrator,2450,0.44478368759155273,False,2449,False
7868773,ardentmc||security operations center analyst,2451,0.4447140693664551,False,2451,False
7812899,urbancompass||performance advisor,2452,0.44445085525512695,False,2452,False
8571394002,"spacex||machine maintenance technician, electrical",2453,0.44422897696495056,False,2453,False
4667196006,accenturefederalservices||pl/sql developer,2454,0.44400328397750854,False,2454,False
8635913002,spacex||harness engineering specialist,2455,0.44400203227996826,False,2455,False
8628799002,spacex||mechanical integration and test engineer,2456,0.44392845034599304,False,2456,False
4995538007,"scoutmotors||analyst, purchasing project steering",2457,0.4436790347099304,False,2457,False
4925866007,xai||statistics tutor,2458,0.4435765743255615,False,2458,False
8420864002,"spacex||automation build engineer, development",2459,0.44354647397994995,False,2459,False
R-10399139,"fiserv|wd5|ext||quality assurance, reporting & operations analyst",2460,0.4434851408004761,False,2460,False
8075100,equipmentsharecom||shop technician,2461,0.4433887302875519,False,2461,False
7421414,zuora||hris analyst - technical consultant workday,2462,0.4433574080467224,False,2462,False
8530284002,cannondesign||health project planner iv,2463,0.4432951807975769,False,2463,False
5161437007,xai||logistics specialist,2464,0.44328737258911133,False,2464,False
7915807002,"gotion||robot application engineer, cell line",2465,0.44323617219924927,False,2465,False
238652d9-1063-4219-bd86-aaf64de73116,campus||marketing instructor,2466,0.44321393966674805,False,2466,False
8077146,nisc||software developer ii - meter data management software,2467,0.443183958530426,False,2467,False
8402121002,spacex||propulsion build engineer,2468,0.44306111335754395,False,2468,False
6121499004,proshares||portfolio operations analyst,2469,0.4430232048034668,False,2469,False
8565654002,spacex||equipment maintenance technician (starship) - level 4/5,2470,0.4430078864097595,False,2470,False
4697435006,"vast||manufacturing planner, fluid systems manufacturing",2471,0.44295734167099,False,2471,False
4017557006,astranis||spacecraft engineer - office of the cto,2472,0.44290441274642944,False,2472,False
8643057002,later||influencer development specialist,2473,0.44270941615104675,False,2473,False
8462757002,spacex||build reliability engineer,2474,0.4425160884857178,False,2474,False
7807564003,"abnormalsecurity||financial analyst, marketing",2475,0.44228434562683105,False,2475,False
8622574002,"spacex||new graduate engineer, mechanical",2476,0.4422746002674103,False,2476,False
8629078002,honor||business development advisor,2477,0.44224366545677185,False,2477,False
47920ccd-db54-4ed4-a865-70857e865fff,confluent||distributed systems software engineer - warpsteam,2478,0.44221869111061096,False,2478,False
8531855002,"spacex||harnessing engineering specialist, satellites",2479,0.4420912265777588,False,2479,False
8604710002,"spacex||mechanical engineer, flight termination system",2480,0.4420813024044037,False,2480,False
JR-202614849,generalmotors|wd5|careers_gm||process engineer – reliability & maintainability operational excellence,2481,0.44206923246383667,False,2481,False
8633333002,roofstock||asset management analyst,2482,0.44205158948898315,False,2482,False
4303630009,advancedspace||contracts specialist,2483,0.44192683696746826,False,2483,False
5122945007,"andurilindustries||financial analyst, trs",2484,0.4419035017490387,False,2484,False
6092982004,"epicgamesfrench||développeur sénior, outils de jouabilité, interface utilisateur (ui) et ia",2485,0.441842257976532,False,2485,False
8533955002,"spacex||supplier development engineer, reliability",2486,0.44178709387779236,False,2486,False
R141786,oreillyauto|wd1|oreilly||delivery specialist,2487,0.44165676832199097,False,2487,False
R031368,ciena|wd5|careers||professional services inventory software developer,2488,0.4416385889053345,False,2488,False
4672254006,accenturefederalservices||pega developer,2489,0.4416138529777527,False,2489,False
5012694007,xai||structural engineer - data centers,2490,0.4415750205516815,False,2490,False
5090246007,xai||ai tutor - punjabi,2491,0.441456139087677,False,2491,False
7793072003,cookunity||quality assurance associate,2492,0.4413984715938568,False,2493,False
6641292003,cookunity||quality assurance associate,2493,0.4413984715938568,False,2492,False
8492189002,spacex||design criteria engineer,2494,0.44133099913597107,False,2494,False
8620218002,cannondesign||project technology v,2495,0.4413197934627533,False,2495,False
8436568002,"spacex||electrical engineer, power systems",2496,0.4412825405597687,False,2496,False
8567008002,spacex||equipment reliability engineer,2497,0.44116783142089844,False,2497,False
8533961002,"spacex||supplier development engineer, routers",2498,0.4411536753177643,False,2498,False
4324931009,evolver||recruiter,2499,0.44114482402801514,False,2499,False
8612331002,relativity||propulsion test technician iii,2500,0.44098609685897827,False,2500,False
4324794009,guildgaragegroup||garage door technician apprentice,2501,0.4409809708595276,False,2501,False
4326697009,"nightingalecollege||specialist iii, kit operations",2502,0.4409552812576294,False,2502,False
8534757002,"spacex||power electronics engineer, satellites",2503,0.4408417344093323,False,2503,False
8397673002,"spacex||software engineer, data - top secret clearance",2504,0.44082653522491455,False,2504,False
4932950101,stabilityai||product design engineer - audio,2505,0.440690279006958,False,2505,False
5186400007,"atwellgroup||civil engineer, eit - land development",2506,0.4403141736984253,False,2508,False
5108137007,"atwellgroup||civil engineer, eit - land development",2507,0.4403141736984253,False,2507,False
5107536007,"atwellgroup||civil engineer, eit - land development",2508,0.4403141736984253,False,2506,False
7892945002,gotion||customer audit engineer,2509,0.4402227997779846,False,2509,False
5765985004,vailclinicincdbavailhealthhospital||cath lab technologist- prn,2510,0.4401713013648987,False,2510,False
8562456002,"spacex||build engineer, structures",2511,0.440024197101593,False,2511,False
8621649002,spacex||software engineer (starshield) - top secret clearance,2512,0.43993890285491943,False,2512,False
5165057007,andurilindustries||tool and gse specialist,2513,0.43992695212364197,False,2513,False
8635662002,spacex||integration technician,2514,0.4398525059223175,False,2514,False
5023898007,trueanomalyinc||hardware and environments test engineer,2515,0.4398077130317688,False,2515,False
8533945002,"spacex||supplier development engineer, cables",2516,0.43980008363723755,False,2516,False
8456320002,spacex||critical lift & transport engineer,2517,0.4393339455127716,False,2517,False
7591922,onemedical||lab services specialist/ member support specialist,2518,0.4391976594924927,False,2518,False
4580888007,xai||front desk ambassador,2519,0.4390277862548828,False,2519,False
8451974002,spacex||material flow analyst,2520,0.4390221834182739,False,2520,False
8571994002,spacex||integration & test engineer,2521,0.43896132707595825,False,2521,False
4696068006,accenturefederalservices||acquisition specialist,2522,0.43890291452407837,False,2522,False
6011624004,vailclinicincdbavailhealthhospital||medical laboratory tech (mlt) - nights,2523,0.43888968229293823,False,2523,False
8045211,latitude||nomadic mission operator,2524,0.4388672113418579,False,2524,False
R1558083,iqvia|wd1|iqvia||lab associate,2525,0.43869996070861816,False,2525,False
4679696006,accenturefederalservices||ms dynamics developer,2526,0.4386400580406189,False,2526,False
4715789005,rebuildmanufacturing||composite technician,2527,0.43862298130989075,False,2527,False
8642226002,allcareers||behavior analyst,2528,0.4385114908218384,False,2528,False
7609220003,cookunity||logistics driver,2529,0.43846166133880615,False,2530,False
6591252003,cookunity||logistics driver,2530,0.43846166133880615,False,2529,False
5270871008,samaraaerospace||spacecraft control systems engineer,2531,0.4384349584579468,False,2531,False
5180570007,"andurilindustries||electrical systems engineer, c2 integration",2532,0.438433974981308,False,2532,False
REQ-057221,newperkinelmer|wd1|external||field service engineer,2533,0.438206285238266,False,2533,False
4681256006,accenturefederalservices||sap planning consultant,2534,0.43820279836654663,False,2534,False
8076781,latitude||triage engagement and solutions,2535,0.4382008910179138,False,2535,False
5181680007,"scoutmotors||reev function integration & software planning, specialist",2536,0.43812692165374756,False,2536,False
5138676007,scoutmotors||document control specialist,2537,0.43812596797943115,False,2537,False
8624761002,spacex||rf software engineer,2538,0.4380735754966736,False,2538,False
8473726002,spacex||engineering technician,2539,0.4379826784133911,False,2539,False
8076658,inizio||workday business analyst,2540,0.4379729628562927,False,2540,False
5189374007,zscaler||threat response & remediation engineer,2541,0.4377882778644562,False,2541,False
5191407007,tegnainc||motion graphic designer,2542,0.43776261806488037,False,2542,False
5151160008,fambrands||data entry clerk - production & design,2543,0.4376934766769409,False,2543,False
R260017905,bmo|wd3|external||service specialist,2544,0.43759918212890625,False,2544,False
8552269002,spacex||fire protection engineer,2545,0.4375627338886261,False,2545,False
7572661,urbancompass||new development sales associate,2546,0.43740418553352356,False,2546,False
5180136007,atwellgroup||civil project engineer - land development,2547,0.4373442530632019,False,2547,False
8478286002,"spacex||platform engineer, flight software",2548,0.43716078996658325,False,2548,False
8599299002,spacex||facilities mechanical hvac engineer,2549,0.4371219873428345,False,2549,False
5106773007,"andurilindustries||ui engineer, lattice c2",2550,0.4371020197868347,False,2550,False
8569011002,spacex||mechanisms engineer,2551,0.4369139075279236,False,2551,False
8426161002,"spacex||hardware reliability engineer, components",2552,0.43634095788002014,False,2552,False
8352158002,spacex||entry level production technician - pcba,2553,0.43631094694137573,False,2553,False
8403134002,spacex||business analyst,2554,0.4362908601760864,False,2555,False
8403125002,spacex||business analyst,2555,0.4362908601760864,False,2554,False
8584246002,cannondesign||project administrator - smart buildings,2556,0.43624842166900635,False,2556,False
8634039002,spacex||propulsion technician (raptor production machining) - 2nd shift,2557,0.43622034788131714,False,2557,False
8447282002,spacex||propulsion technician,2558,0.43616199493408203,False,2558,False
5072804008,hoodhp||technical sanitation specialist,2559,0.436126708984375,False,2559,False
5104513007,communitymanager||maintenance apprentice,2560,0.43611007928848267,False,2561,False
5099873007,communitymanager||maintenance apprentice,2561,0.43611007928848267,False,2560,False
8070490,fwdus||web intern,2562,0.4359935224056244,False,2562,False
5165326007,andurilindustries||contracts analyst,2563,0.4359602630138397,False,2564,False
5164917007,andurilindustries||contracts analyst,2564,0.4359602630138397,False,2563,False
8586076002,spacex||water treatment engineer,2565,0.43575167655944824,False,2565,False
8552234002,cannondesign||experiential graphic designer ii,2566,0.4356340169906616,False,2567,False
8552209002,cannondesign||experiential graphic designer ii,2567,0.4356340169906616,False,2566,False
R17476,clarioclinical|wd1|clarioclinical_careers||medical & scientific affairs advisor,2568,0.4354603886604309,False,2568,False
8511177002,"spacex||propulsion engineer, combustion devices manufacturing",2569,0.4354390501976013,False,2569,False
8527331002,spacex||integration & test engineer,2570,0.4352148175239563,False,2570,False
4017391006,"astranis||assembly, integration, and test technician",2571,0.43517395853996277,False,2571,False
JR105231,insbrk|wd5|rscareers||claims analyst,2572,0.4351179301738739,False,2572,False
4626712006,accenturefederalservices||sailpoint developer,2573,0.4350537359714508,False,2573,False
5159889007,"atwellgroup||civil engineer, land development",2574,0.4349311590194702,False,2574,False
8550946002,cannondesign||experiential graphic designer - entry level,2575,0.4348584711551666,False,2575,False
8603098002,"relativity||manufacturing engineer ii, integration & test, second shift",2576,0.4348115622997284,False,2576,False
8565741002,spacex||fleet maintenance technician,2577,0.43472129106521606,False,2577,False
7983914,boxinc||smb sales engineer,2578,0.43470820784568787,False,2578,False
4992680007,andurilindustries||ui designer,2579,0.43453699350357056,False,2579,False
R-50744,bcbst|wd1|external||procurement consultant,2580,0.4345177114009857,False,2580,False
5142418007,"scoutmotors||specialist, process optimization & sap assembly line",2581,0.43440428376197815,False,2581,False
8610994002,aegworldwide||non-certified engineer,2582,0.4342394173145294,False,2582,False
5755320004,vailclinicincdbavailhealthhospital||surgical tech,2583,0.4341999292373657,False,2583,False
8452742002,"spacex||sourcing specialist, mechanical",2584,0.43414032459259033,False,2584,False
4679102006,astranis||propulsion manufacturing intern,2585,0.434114545583725,False,2585,False
8073626,greenthumbindustries||process engineer - extraction,2586,0.43410634994506836,False,2586,False
5162394007,dorsia||hospitality analyst,2587,0.4339940547943115,False,2587,False
8440972002,"spacex||hardware test automation engineer, satellites",2588,0.43396005034446716,False,2588,False
8558345002,spacex||smt process engineer,2589,0.4339010715484619,False,2589,False
8583058002,spacex||manufacturing specialist (satellite transceiver) - 2nd shift,2590,0.43387073278427124,False,2590,False
5165586007,"andurilindustries||electrical engineer, pcb design",2591,0.43370747566223145,False,2591,False
4601610006,sharkninjaoperatingllc||fall 2026: industrial design intern,2592,0.43352872133255005,False,2592,False
4663556007,shapercapital||shaper portfolio engineering & product talent community,2593,0.43349361419677734,False,2593,False
R1742841,"cnx|wd1|external_global||specialist, facilities",2594,0.43347132205963135,False,2594,False
JR00041650,abb|wd3|external_career_page||production planner,2595,0.43345677852630615,False,2595,False
6119783004,stokespacetechnologies||avionics - stage integration & test engineer,2596,0.43336427211761475,False,2596,False
8350883002,"spacex||supplier industrialization engineer, pcb/pcba",2597,0.4333384037017822,False,2597,False
8565090002,spacex||hardware test engineer,2598,0.43329769372940063,False,2599,False
8497592002,spacex||hardware test engineer,2599,0.43329769372940063,False,2598,False
8066969,drweng||trading systems engineer - operations in prediction markets,2600,0.433260977268219,False,2600,False
REQ-057850,newperkinelmer|wd1|external||field service engineer,2601,0.4332556128501892,False,2601,False
8075957,carvana||security systems support specialist,2602,0.43320655822753906,False,2602,False
8642714002,calm||partnerships designer,2603,0.43314939737319946,False,2603,False
4799423007,andurilindustries||cnc programmer,2604,0.4330708384513855,False,2604,False
0c018ee1-20fa-4709-bb52-608fab380430,hellobrightline||chief product & technology officer,2605,0.4330591559410095,False,2605,False
4326584009,acilearning||technical instructor i - dallas,2606,0.4330363869667053,False,2606,False
4666963006,accenturefederalservices||solution advisor - anatomic pathology,2607,0.43293505907058716,False,2607,False
8414377002,gotion||electrical systems engineer,2608,0.4327896237373352,False,2608,False
8482159002,spacex||materials r&d technician,2609,0.4327746629714966,False,2610,False
8407943002,spacex||materials r&d technician,2610,0.4327746629714966,False,2609,False
8578087002,"spacex||new graduate engineer, launch & test",2611,0.4326811730861664,False,2611,False
8593206002,allcareers||behavioral technician,2612,0.4324951767921448,False,2612,False
6115993004,nymbusinc||ai product builder - payments,2613,0.4324617385864258,False,2613,False
8563034002,"spacex||civil engineer, land development",2614,0.4324507713317871,False,2614,False
8540412002,aegworldwide||creative marketing design specialist,2615,0.4324033260345459,False,2615,False
8627488002,spacex||environmental health & safety technician,2616,0.43228089809417725,False,2617,False
8432323002,spacex||environmental health & safety technician,2617,0.43228089809417725,False,2616,False
8504224002,"spacex||equipment maintenance technician, silicon assembly",2618,0.4321747422218323,False,2618,False
8544694002,"spacex||manufacturing automation engineer, chamber and nozzle",2619,0.4321288466453552,False,2619,False
4716195005,maravailifesciences||qa operations specialist ii,2620,0.43211448192596436,False,2620,False
5115890008,block||asic validation engineer,2621,0.4320491552352905,False,2621,False
5179327007,atwellgroup||project engineer - oil & gas - facilities and pipelines,2622,0.4320020079612732,False,2622,False
6121303004,nymbusinc||enterprise it support specialist,2623,0.431842178106308,False,2623,False
8458702002,gotion||customs clearance specialist,2624,0.43157169222831726,False,2624,False
R0007832,"welocalize|wd1|welocalize||head of technology and product, welo data",2625,0.4315635561943054,False,2625,False
5171204007,andurilindustries||environmental test technician,2626,0.4313071370124817,False,2627,False
4015611006,astranis||environmental test technician,2627,0.4313071370124817,False,2626,False
5994544004,vailclinicincdbavailhealthhospital||occupational health care technician,2628,0.4312942624092102,False,2628,False
R0088822,uvmhealth|wd1|external||audiologist,2629,0.4312681555747986,False,2629,False
7924552002,"gotion||visual systems engineer (ccd engineer), cell line",2630,0.4312349557876587,False,2630,False
8472114002,spacex||electromechanical technician,2631,0.43119797110557556,False,2631,False
5102949007,atwellgroup||project engineer - civil renewables,2632,0.4310417175292969,False,2632,False
5155026007,"andurilindustries||chief architect, ew",2633,0.4308978319168091,False,2634,False
5155018007,"andurilindustries||chief architect, ew",2634,0.4308978319168091,False,2633,False
4682250006,sharkninjaoperatingllc||motion designer,2635,0.4308834969997406,False,2635,False
8068833,boxinc||business systems analyst iii,2636,0.4308165907859802,False,2636,False
7667288,carvana||customer service delivery specialist,2637,0.43075817823410034,False,2637,False
8473718002,spacex||process engineer,2638,0.4307273030281067,False,2638,False
4715494005,shipbobinc||business development representative - wms,2639,0.43062299489974976,False,2639,False
5146974007,"andurilindustries||flight test engineer, ghost",2640,0.4305700659751892,False,2640,False
4108177009,woolpert||mechanical engineer - mission critical data centers specialized,2641,0.43052709102630615,False,2641,False
4695706006,accenturefederalservices||pricing analyst,2642,0.4304879605770111,False,2642,False
8633051002,"spacex||build engineer, copvs",2643,0.4304731488227844,False,2643,False
ac23b101-7664-4ba4-a70e-71cd13020d6d,vanta||people operations specialist,2644,0.43041104078292847,False,2645,False
4240279009,redwoodsoftware||people operations specialist,2645,0.43041104078292847,False,2644,False
8067806,urbancompass||marketing advisor,2646,0.4303959608078003,False,2652,False
8017331,urbancompass||marketing advisor,2647,0.4303959608078003,False,2651,False
8013340,urbancompass||marketing advisor,2648,0.4303959608078003,False,2650,False
8001936,urbancompass||marketing advisor,2649,0.4303959608078003,False,2649,False
8001934,urbancompass||marketing advisor,2650,0.4303959608078003,False,2648,False
7952066,urbancompass||marketing advisor,2651,0.4303959608078003,False,2647,False
7952057,urbancompass||marketing advisor,2652,0.4303959608078003,False,2646,False
8642283002,spacex||operations specialist,2653,0.43036603927612305,False,2653,False
93e0949a-bf76-467e-a8e1-b771c32ad7fe,snowflake||account engineer - public sector/sled,2654,0.43018838763237,False,2654,False
5979759004,boomilp||reporting and analytics advisor,2655,0.43004441261291504,False,2655,False
8560912002,spacex||automation & controls specialist,2656,0.42998185753822327,False,2657,False
8493473002,spacex||automation & controls specialist,2657,0.42998185753822327,False,2656,False
4599609006,"astranis||guidance, navigation, and control engineer associate",2658,0.4299588203430176,False,2658,False
8463192002,"spacex||operations analyst, reliability",2659,0.4299265444278717,False,2659,False
8374613002,spacex||sheet metal technician,2660,0.429625928401947,False,2660,False
8605055002,spacex||optical test engineer,2661,0.42953091859817505,False,2661,False
5179331007,atwellgroup||electrical project engineer - oil and gas - pipelines and facilities,2662,0.42949801683425903,False,2662,False
4912250101,lotusworks||operations and maintenance technician,2663,0.42949044704437256,False,2663,False
7784391003,celonis||associate value engineering - orbit india,2664,0.4294513463973999,False,2664,False
8550844002,"spacex||production technician, gateways",2665,0.4293014407157898,False,2665,False
5231182008,apexcompanies||construction safety professional,2666,0.42922675609588623,False,2666,False
8455264002,cannondesign||education planner,2667,0.42916256189346313,False,2667,False
5131257007,andurilindustries||product sourcing engineer raw materials,2668,0.4289635419845581,False,2668,False
6120995004,oklo||head of manufacturing,2669,0.4287813901901245,False,2669,False
5124345008,hawthornemachineryco||machinery service tech/mechanic 2,2670,0.42873668670654297,False,2670,False
WD225211,flextronics|wd1|careers||analyst - logistics,2671,0.4287084937095642,False,2671,False
8500749002,aegworldwide||dynamics 365 developer,2672,0.42859143018722534,False,2672,False
4238998009,valaratomics||technical illustrator / cad designer,2673,0.42847830057144165,False,2673,False
8350877002,"spacex||supplier development engineer, pcb/pcba",2674,0.4284042716026306,False,2674,False
5285230008,icarus||operations & logistics associate,2675,0.4283830523490906,False,2675,False
8402079002,optiverus||graduate fpga engineer,2676,0.42833447456359863,False,2676,False
7811710003,flyzipline||field tech | phx,2677,0.42827463150024414,False,2677,False
4639447006,accenturefederalservices||sap analytics cloud front end developer,2678,0.4281332194805145,False,2678,False
5173472007,scoutmotors||sheet metal engineer specialist – pickup box,2679,0.42806458473205566,False,2679,False
8335423002,spacex||fluids systems technician,2680,0.42800045013427734,False,2680,False
R192605,oreillyauto|wd1|oreilly||parts specialist,2681,0.42795413732528687,False,2681,False
8406833002,"spacex||manufacturing engineer, solar",2682,0.4279143810272217,False,2682,False
R187235,oreillyauto|wd1|oreilly||parts specialist,2683,0.4278649687767029,False,2683,False
8533959002,"spacex||supplier development engineer, assembly processes",2684,0.42768386006355286,False,2684,False
8637631002,relativity||weld engineer ii,2685,0.42765891551971436,False,2685,False
5033372007,atwellgroup||survey office technician,2686,0.42749297618865967,False,2686,False
5183582007,andurilindustries||automation & torque tooling technician,2687,0.4273990988731384,False,2687,False
6980100,ardentmc||scrum master,2688,0.42739343643188477,False,2691,False
4694018006,accenturefederalservices||scrum master,2689,0.42739343643188477,False,2690,False
4672851006,accenturefederalservices||scrum master,2690,0.42739343643188477,False,2689,False
4639327006,accenturefederalservices||scrum master,2691,0.42739343643188477,False,2688,False
8072830,quisitivejobs||microsoft security consultant,2692,0.4273609519004822,False,2692,False
5177658007,atwellgroup||survey field technician,2693,0.42735010385513306,False,2694,False
5101668007,atwellgroup||survey field technician,2694,0.42735010385513306,False,2693,False
8403060002,spacex||aviation certification engineer,2695,0.4269760251045227,False,2695,False
4680069006,gongio||enterprise revenue architect,2696,0.4268968403339386,False,2696,False
5826258004,vailclinicincdbavailhealthhospital||radiology tech,2697,0.4268689751625061,False,2697,False
4703824005,blackedgecapital||graduate quantitative trader,2698,0.42662566900253296,False,2698,False
5365764008,bellbros||drain technician,2699,0.42650359869003296,False,2699,False
JR105756,corrohealth|wd1|corro||profee coding quality specialist,2700,0.426411509513855,False,2700,False
7593841003,archer56||design data integrity engineer,2701,0.42641133069992065,False,2701,False
8602985002,"spacex||mechanical design engineer, pcb",2702,0.4263852834701538,False,2702,False
8464429002,spacex||satellite policy analyst,2703,0.42636555433273315,False,2703,False
5182452007,atwellgroup||civil engineer - land development,2704,0.42626458406448364,False,2707,False
5175995007,atwellgroup||civil engineer - land development,2705,0.42626458406448364,False,2706,False
5153175007,atwellgroup||civil engineer - land development,2706,0.42626458406448364,False,2705,False
5105906007,atwellgroup||civil engineer - land development,2707,0.42626458406448364,False,2704,False
daadd87b-142a-4dbb-8a61-e371fac3c2a7,airdna||strategy & planning analyst,2708,0.4257870316505432,False,2708,False
8569955002,spacex||electromechanical technician,2709,0.42573949694633484,False,2709,False
8532544002,spacex||chemical lab technician,2710,0.4256686270236969,False,2710,False
8425867002,spacex||treasury analyst,2711,0.42557111382484436,False,2711,False
R0132455,hitachi|wd1|hitachi||treasury analyst,2712,0.4255709946155548,False,2712,False
8395154002,spacex||propulsion engineer,2713,0.4255119562149048,False,2713,False
R11997,suddath|wd5|nxtpoint||office administrator,2714,0.4253794252872467,False,2718,False
8067448,urbancompass||office administrator,2715,0.4253794252872467,False,2717,False
8047582,urbancompass||office administrator,2716,0.4253794252872467,False,2716,False
7958993,urbancompass||office administrator,2717,0.4253794252872467,False,2715,False
4289755009,tonixpharmaceuticals||office administrator,2718,0.4253794252872467,False,2714,False
8620379002,cannondesign||office administrator,2719,0.4253793954849243,False,2723,False
8620377002,cannondesign||office administrator,2720,0.4253793954849243,False,2722,False
8605587002,cannondesign||office administrator,2721,0.4253793954849243,False,2721,False
8069985,urbancompass||office administrator,2722,0.4253793954849243,False,2720,False
8047580,urbancompass||office administrator,2723,0.4253793954849243,False,2719,False
8042395,urbancompass||chief information security officer,2724,0.4252442717552185,False,2724,False
8582700002,gotion||logistics intern,2725,0.4252300262451172,False,2725,False
5044546007,"scoutmotors||specialist, logistics training coordinator",2726,0.4250941872596741,False,2726,False
7997890,d2l||performance marketing specialist,2727,0.42504438757896423,False,2727,False
8597930002,spacex||manufacturing engineer - supplier development,2728,0.4249541163444519,False,2728,False
5182247007,"andurilindustries||manufacturing engineer, high vacuum systems",2729,0.4248993396759033,False,2729,False
JR4975,wellsky|wd1|wellskycareers||validation specialist,2730,0.4248068332672119,False,2730,False
7810388003,breezeairways||airport agent,2731,0.42478621006011963,False,2731,False
8563892002,spacex||welding build engineer,2732,0.4246404767036438,False,2732,False
4691163006,"astranis||hardware design intern, software defined radio team",2733,0.4245701730251312,False,2733,False
7651677,ripple||professional services consultant,2734,0.4245569109916687,False,2735,False
7596114,ripple||professional services consultant,2735,0.4245569109916687,False,2734,False
8013287,mongodb||enablement delivery specialist,2736,0.4244859516620636,False,2736,False
7318036,mongodb||account development representative,2737,0.4242037236690521,False,2739,False
7310506,mongodb||account development representative,2738,0.4242037236690521,False,2738,False
4694514006,pitchbookdata||account development representative,2739,0.4242037236690521,False,2737,False
1193164,hpe|wd5|jobsathpe||golang developer,2740,0.42415499687194824,False,2740,False
4677071006,accenturefederalservices||security transformation practitioner,2741,0.423931360244751,False,2741,False
8609453002,spacex||integration & test engineer,2742,0.4236697256565094,False,2742,False
5592281004,lucidsoftwareextra||customer success specialist,2743,0.42364710569381714,False,2743,False
8426059002,"spacex||mechanical engineer, cabin structures",2744,0.4236404299736023,False,2744,False
8559982002,"spacex||mechanical engineer, pcb",2745,0.4234987497329712,False,2745,False
8168620002,axs||service desk technician ii,2746,0.42348942160606384,False,2747,False
7950563,gassouth||service desk technician ii,2747,0.42348942160606384,False,2746,False
5149055007,"andurilindustries||financial analyst ii, ad&s",2748,0.42305466532707214,False,2748,False
8477099002,"spacex||supplier development engineer, pcb",2749,0.42300617694854736,False,2749,False
8495595002,gotion||indirect supply chain specialist,2750,0.42290911078453064,False,2750,False
4297246009,midpenhousing||maintenance technician,2751,0.4228503108024597,False,2751,False
4659417006,accenturefederalservices||information systems security officer,2752,0.42284831404685974,False,2753,False
4615496006,accenturefederalservices||information systems security officer,2753,0.42284831404685974,False,2752,False
4324432009,industrialelectricmanufacturing||logistics specialist,2754,0.4227635860443115,False,2754,False
6111332004,"vercel||security engineer, detection response",2755,0.42266497015953064,False,2755,False
8069686,towerresearchcapital||market data strategist,2756,0.4225737452507019,False,2756,False
6031092004,vailclinicincdbavailhealthhospital||him / medical records technician,2757,0.4225301742553711,False,2757,False
8559317002,"spacex||thermal engineer, satellites",2758,0.42247527837753296,False,2758,False
8245794002,cannondesign||designer ii,2759,0.42240339517593384,False,2761,False
8245783002,cannondesign||designer ii,2760,0.42240339517593384,False,2760,False
8242305002,cannondesign||designer ii,2761,0.42240339517593384,False,2759,False
5100472008,apexcompanies||water treatment process engineer,2762,0.42234522104263306,False,2765,False
5100446008,apexcompanies||water treatment process engineer,2763,0.42234522104263306,False,2764,False
5099695008,apexcompanies||water treatment process engineer,2764,0.42234522104263306,False,2763,False
5099659008,apexcompanies||water treatment process engineer,2765,0.42234522104263306,False,2762,False
8470780002,spacex||propulsion technician,2766,0.42220187187194824,False,2767,False
8374668002,spacex||propulsion technician,2767,0.42220187187194824,False,2766,False
5169185007,veracyte||inventory management specialist,2768,0.4221908152103424,False,2768,False
8614098002,"spacex||manufacturing automation engineer, solar",2769,0.4221535325050354,False,2769,False
8485525002,"spacex||spaceport designer, architect",2770,0.4221498370170593,False,2770,False
4552924006,sharkninjaoperatingllc||advanced development opportunities at sharkninja,2771,0.4221464991569519,False,2771,False
8070049,urbancompass||agent experience coordinator,2772,0.42207252979278564,False,2778,False
8067536,urbancompass||agent experience coordinator,2773,0.42207252979278564,False,2777,False
8065829,urbancompass||agent experience coordinator,2774,0.42207252979278564,False,2776,False
8065715,urbancompass||agent experience coordinator,2775,0.42207252979278564,False,2775,False
8039220,urbancompass||agent experience coordinator,2776,0.42207252979278564,False,2774,False
8020876,urbancompass||agent experience coordinator,2777,0.42207252979278564,False,2773,False
8001938,urbancompass||agent experience coordinator,2778,0.42207252979278564,False,2772,False
8552428002,spacex||instrumentation & controls technician,2779,0.42205411195755005,False,2781,False
4296180009,valaratomics||instrumentation & controls technician,2780,0.42205411195755005,False,2780,False
4101560009,valaratomics||instrumentation & controls technician,2781,0.42205411195755005,False,2779,False
JR103283,multimatic|wd10|mmec||front office coordinator,2782,0.42203086614608765,False,2782,False
8622863002,sponsorsforeducationalopportunity||executive and program assistant,2783,0.4218372702598572,False,2783,False
8509293002,"spacex||electrical engineer, pcb",2784,0.42182695865631104,False,2784,False
8535169002,"spacex||mechanical engineer, propellant generation",2785,0.4217861294746399,False,2785,False
8597472002,"spacex||site reliability engineer, kubernetes platform",2786,0.42176222801208496,False,2787,False
8597455002,"spacex||site reliability engineer, kubernetes platform",2787,0.42176222801208496,False,2786,False
5064471007,"andurilindustries||electrical engineer, maneuver dominance",2788,0.42164158821105957,False,2789,False
4687724007,"andurilindustries||electrical engineer, maneuver dominance",2789,0.42164158821105957,False,2788,False
5090268007,xai||ai tutor - tagalog,2790,0.42143750190734863,False,2790,False
4307554009,headlandsresearch||phlebotomist / laboratory technician,2791,0.42140835523605347,False,2791,False
5135062007,"scoutmotors||analyst, process engineer - paint shop",2792,0.4212650656700134,False,2792,False
8059837,wehrtyou||algorithm development (quant research & trading) phd internship – summer 2027,2793,0.4212443232536316,False,2793,False
4698277006,ernesta||sales and design consultant,2794,0.4212188720703125,False,2796,False
4695084006,ernesta||sales and design consultant,2795,0.4212188720703125,False,2795,False
4667016006,ernesta||sales and design consultant,2796,0.4212188720703125,False,2794,False
7800632003,axontalentcommunity||2027 us electrical engineering internship,2797,0.42102402448654175,False,2797,False
8643095002,allcareers||behavioral specialist,2798,0.4210193157196045,False,2798,False
8593284002,spacex||propulsion technician,2799,0.42097461223602295,False,2799,False
4663057006,accenturefederalservices||palantir data engineer,2800,0.4209463596343994,False,2800,False
8553662002,spacex||build specialist,2801,0.4209166467189789,False,2801,False
8635886002,spacex||harness design engineer,2802,0.42083367705345154,False,2802,False
5186736007,"scoutmotors||specialist, measurement",2803,0.4208226203918457,False,2803,False
4997616007,xai||occupational math tutor,2804,0.4207090139389038,False,2804,False
8069681,carvana||post production associate,2805,0.42056816816329956,False,2805,False
R5026743,envista|wd1|envistacareers||dexis regional technical specialist,2806,0.42047882080078125,False,2806,False
7806495003,metrostarsystems||business analyst,2807,0.42041289806365967,False,2807,False
8628430002,cannondesign||project mechanical iv,2808,0.42032480239868164,False,2808,False
4698564006,naturesbakery||2nd shift maintenance technician i,2809,0.4201779365539551,False,2809,False
8612915002,allinc||maintenance associate,2810,0.4201483726501465,False,2810,False
R0136733,hitachi|wd1|hitachi||hr service specialist,2811,0.4201388955116272,False,2811,False
5835346004,"redwoodmaterials||field quality engineer, energy storage",2812,0.41997241973876953,False,2812,False
5081910007,"scoutmotors||rex - engineer, obd2",2813,0.41982147097587585,False,2813,False
PT-JR040497,"ms|wd5|private||analyst, p1, community affairs : job level - analyst",2814,0.4197269082069397,False,2814,False
8594706002,spacex||gateway fleet specialist,2815,0.419643759727478,False,2815,False
8614142002,cortica||operations administrator,2816,0.41952237486839294,False,2816,False
8463069002,spacex||integration & test engineer,2817,0.4195120334625244,False,2817,False
JR107689,sabre|wd1|sabrejobs||sales operations automation specialist,2818,0.41949981451034546,False,2818,False
8533949002,"spacex||supplier development engineer, photovoltaics",2819,0.41939109563827515,False,2819,False
8615562002,spacex||environmental health & safety specialist,2820,0.4193482995033264,False,2820,False
JR108412,sabre|wd1|confidential||occ tsmo it operations analyst i,2821,0.419212281703949,False,2821,False
8592882002,"spacex||scada & controls engineer, infrastructure & utility",2822,0.41912394762039185,False,2822,False
8530490002,spacex||technical recruiter,2823,0.41911911964416504,False,2823,False
82c4c13c-0a9e-4afe-a0cb-d925cf7a15b8,helpscout||brand designer,2824,0.4190515875816345,False,2824,False
8016767,doordashindia||quality assurance subject matter expert,2825,0.418956995010376,False,2825,False
5158862007,"andurilindustries||financial analyst, connected warfare",2826,0.4188500940799713,False,2826,False
8540365002,spacex||machine maintenance technician,2827,0.4188026785850525,False,2828,False
8355063002,spacex||machine maintenance technician,2828,0.4188026785850525,False,2827,False
R71307,medtronic|wd1|medtroniccareers||strategic sourcing specialist,2829,0.4187910556793213,False,2829,False
5033305007,atwellgroup||project surveyor - lsit - oil and gas/energy team,2830,0.4186704158782959,False,2830,False
8075885,trace3||test analyst,2831,0.41850829124450684,False,2831,False
8637395002,spacex||propulsion engineer,2832,0.4184994697570801,False,2832,False
R-0000180202,rbc|wd3|rbcglobal1||trade surveillance analyst,2833,0.4184073209762573,False,2833,False
4685724006,accenturefederalservices||sap business analyst / tester,2834,0.4183446168899536,False,2834,False
6112682004,five9||wem aqm prompt engineer,2835,0.4182230830192566,False,2835,False
8043318,greenthumbindustries||order fulfillment technician,2836,0.4181668758392334,False,2838,False
8035611,greenthumbindustries||order fulfillment technician,2837,0.4181668758392334,False,2837,False
8025877,greenthumbindustries||order fulfillment technician,2838,0.4181668758392334,False,2836,False
7810003003,fivetran||product counsel,2839,0.418150395154953,False,2839,False
8600120002,spacex||manufacturing specialist,2840,0.41799867153167725,False,2840,False
4661622006,sharkninjaoperatingllc||marketing specialist - amazon us,2841,0.41797804832458496,False,2841,False
4780374008,clearviewhealthcarepartners||life sciences strategy consultant,2842,0.41792982816696167,False,2842,False
8434111002,spacex||shipping specialist,2843,0.41788947582244873,False,2843,False
8540405002,spacex||shipping specialist,2844,0.41788938641548157,False,2844,False
7800661003,sentinellabs||mdr analyst,2845,0.41788315773010254,False,2845,False
8625626002,spacex||avionics integration & test engineer,2846,0.417654812335968,False,2846,False
4324825009,onenergy||agile coach,2847,0.4174312651157379,False,2847,False
8075962,trace3||integration/cds engineer,2848,0.41743001341819763,False,2848,False
8402511002,"spacex||water treatment technician, upw & wastewater",2849,0.4174046516418457,False,2849,False
5364615008,pearceservices||experienced generator technician,2850,0.41726765036582947,False,2850,False
5151908007,"scoutmotors||specialist, parts planning",2851,0.4171537160873413,False,2851,False
R0129134,hitachi|wd1|hitachi||scm analyst,2852,0.41713380813598633,False,2852,False
02ae292e-5d6e-4dbc-9e00-766122c59209,bjakcareer||ui designer - ai neobank app,2853,0.41710394620895386,False,2853,False
8605067002,spacex||microelectronics process engineer,2854,0.41704314947128296,False,2854,False
4691609006,accenturefederalservices||cleared c# / .net developer,2855,0.4169068932533264,False,2855,False
5153831007,atwellgroup||renewable energy engineer - solar/bess,2856,0.41684043407440186,False,2856,False
5104083007,atwellgroup||pcmm - biology field technician,2857,0.4164978861808777,False,2857,False
8502939002,"spacex||automation engineer, blades and vanes foundry",2858,0.4164884686470032,False,2858,False
8456295002,spacex||it network engineer - top secret clearance,2859,0.4164483845233917,False,2859,False
5267636008,divergent||am service specialist,2860,0.4164240062236786,False,2860,False
6115991004,"vercel||visual designer, web",2861,0.41640985012054443,False,2861,False
5191475007,sandiegocommunitypower||rates analyst,2862,0.4164077043533325,False,2862,False
WD225041,flextronics|wd1|careers||specialist – logistics,2863,0.41637688875198364,False,2863,False
8612360002,relativity||propulsion test technician iv,2864,0.4162951111793518,False,2864,False
5069946007,"andurilindustries||electrical engineer, high speed missiles avionics design",2865,0.4162781238555908,False,2865,False
8070953,vaynermedia||india portfolio | project coordinator,2866,0.4162290692329407,False,2866,False
5142420007,scoutmotors||specialist process optimization supermarket,2867,0.416180819272995,False,2867,False
5025553007,andurilindustries||electrical cad administrator,2868,0.4161701202392578,False,2868,False
5166928007,"andurilindustries||commercial hvac/r & mechanical systems technician, maritime",2869,0.4160701632499695,False,2869,False
8044880,squarepointcapital||junior credit fundamental research analyst,2870,0.41568422317504883,False,2870,False
5094672007,"scoutmotors||specialist, field monitoring - technical field data",2871,0.4155590534210205,False,2871,False
5150932007,xai||controls technician,2872,0.41521793603897095,False,2872,False
8076149,customerio||contract it specialist,2873,0.4152158200740814,False,2873,False
5191467007,"andurilindustries||firmware engineer, space embedded systems",2874,0.41520261764526367,False,2874,False
5221536008,americaninstitutesforresearch||power bi developer,2875,0.4151694178581238,False,2875,False
4658587006,accenturefederalservices||sap sales & distribution (sd) consultant,2876,0.4150709807872772,False,2877,False
4623114006,accenturefederalservices||sap sales & distribution (sd) consultant,2877,0.4150709807872772,False,2876,False
JR112433,ptc|wd1|ptc||associate product analyst,2878,0.41496729850769043,False,2878,False
5121253007,"xai||supervisor, logistics - data center operations",2879,0.4148711562156677,False,2879,False
5098930007,xai||ai tutor - audio editing,2880,0.4148399233818054,False,2880,False
8068072,carvana||customer service delivery advocate,2881,0.4147379398345947,False,2944,False
8068067,carvana||customer service delivery advocate,2882,0.4147379398345947,False,2943,False
8068017,carvana||customer service delivery advocate,2883,0.4147379398345947,False,2942,False
8067921,carvana||customer service delivery advocate,2884,0.4147379398345947,False,2941,False
8067904,carvana||customer service delivery advocate,2885,0.4147379398345947,False,2940,False
8067861,carvana||customer service delivery advocate,2886,0.4147379398345947,False,2939,False
8067635,carvana||customer service delivery advocate,2887,0.4147379398345947,False,2938,False
8060348,carvana||customer service delivery advocate,2888,0.4147379398345947,False,2937,False
8060267,carvana||customer service delivery advocate,2889,0.4147379398345947,False,2936,False
8048922,carvana||customer service delivery advocate,2890,0.4147379398345947,False,2935,False
8048877,carvana||customer service delivery advocate,2891,0.4147379398345947,False,2934,False
8036628,carvana||customer service delivery advocate,2892,0.4147379398345947,False,2933,False
8024170,carvana||customer service delivery advocate,2893,0.4147379398345947,False,2932,False
8014285,carvana||customer service delivery advocate,2894,0.4147379398345947,False,2931,False
8013694,carvana||customer service delivery advocate,2895,0.4147379398345947,False,2930,False
8001467,carvana||customer service delivery advocate,2896,0.4147379398345947,False,2929,False
7993543,carvana||customer service delivery advocate,2897,0.4147379398345947,False,2928,False
7985377,carvana||customer service delivery advocate,2898,0.4147379398345947,False,2927,False
7985376,carvana||customer service delivery advocate,2899,0.4147379398345947,False,2926,False
7977902,carvana||customer service delivery advocate,2900,0.4147379398345947,False,2925,False
7961608,carvana||customer service delivery advocate,2901,0.4147379398345947,False,2924,False
7961604,carvana||customer service delivery advocate,2902,0.4147379398345947,False,2923,False
7961595,carvana||customer service delivery advocate,2903,0.4147379398345947,False,2922,False
7950352,carvana||customer service delivery advocate,2904,0.4147379398345947,False,2921,False
7948167,carvana||customer service delivery advocate,2905,0.4147379398345947,False,2920,False
7947910,carvana||customer service delivery advocate,2906,0.4147379398345947,False,2919,False
7946952,carvana||customer service delivery advocate,2907,0.4147379398345947,False,2918,False
7943950,carvana||customer service delivery advocate,2908,0.4147379398345947,False,2917,False
7943507,carvana||customer service delivery advocate,2909,0.4147379398345947,False,2916,False
7939508,carvana||customer service delivery advocate,2910,0.4147379398345947,False,2915,False
7931050,carvana||customer service delivery advocate,2911,0.4147379398345947,False,2914,False
7921586,carvana||customer service delivery advocate,2912,0.4147379398345947,False,2913,False
7902139,carvana||customer service delivery advocate,2913,0.4147379398345947,False,2912,False
7896422,carvana||customer service delivery advocate,2914,0.4147379398345947,False,2911,False
7886314,carvana||customer service delivery advocate,2915,0.4147379398345947,False,2910,False
7874656,carvana||customer service delivery advocate,2916,0.4147379398345947,False,2909,False
7874647,carvana||customer service delivery advocate,2917,0.4147379398345947,False,2908,False
7872591,carvana||customer service delivery advocate,2918,0.4147379398345947,False,2907,False
7868403,carvana||customer service delivery advocate,2919,0.4147379398345947,False,2906,False
7862683,carvana||customer service delivery advocate,2920,0.4147379398345947,False,2905,False
7834123,carvana||customer service delivery advocate,2921,0.4147379398345947,False,2904,False
7821516,carvana||customer service delivery advocate,2922,0.4147379398345947,False,2903,False
7821503,carvana||customer service delivery advocate,2923,0.4147379398345947,False,2902,False
7815245,carvana||customer service delivery advocate,2924,0.4147379398345947,False,2901,False
7808599,carvana||customer service delivery advocate,2925,0.4147379398345947,False,2900,False
7792864,carvana||customer service delivery advocate,2926,0.4147379398345947,False,2899,False
7778343,carvana||customer service delivery advocate,2927,0.4147379398345947,False,2898,False
7778337,carvana||customer service delivery advocate,2928,0.4147379398345947,False,2897,False
7775707,carvana||customer service delivery advocate,2929,0.4147379398345947,False,2896,False
7733508,carvana||customer service delivery advocate,2930,0.4147379398345947,False,2895,False
7733420,carvana||customer service delivery advocate,2931,0.4147379398345947,False,2894,False
7724306,carvana||customer service delivery advocate,2932,0.4147379398345947,False,2893,False
7705169,carvana||customer service delivery advocate,2933,0.4147379398345947,False,2892,False
7667287,carvana||customer service delivery advocate,2934,0.4147379398345947,False,2891,False
7656697,carvana||customer service delivery advocate,2935,0.4147379398345947,False,2890,False
7635969,carvana||customer service delivery advocate,2936,0.4147379398345947,False,2889,False
7634564,carvana||customer service delivery advocate,2937,0.4147379398345947,False,2888,False
7611233,carvana||customer service delivery advocate,2938,0.4147379398345947,False,2887,False
7607144,carvana||customer service delivery advocate,2939,0.4147379398345947,False,2886,False
7584264,carvana||customer service delivery advocate,2940,0.4147379398345947,False,2885,False
7574589,carvana||customer service delivery advocate,2941,0.4147379398345947,False,2884,False
7574585,carvana||customer service delivery advocate,2942,0.4147379398345947,False,2883,False
7561808,carvana||customer service delivery advocate,2943,0.4147379398345947,False,2882,False
7408580,carvana||customer service delivery advocate,2944,0.4147379398345947,False,2881,False
R019214,admiralbeverage|wd5|external||demand planning coordinator,2945,0.41469907760620117,False,2945,False
5117828007,scoutmotors||specialist plant engineering - electrics automation,2946,0.4146459102630615,False,2946,False
6110688004,vailclinicincdbavailhealthhospital||ct technologist - prn,2947,0.41452792286872864,False,2947,False
5118243007,"andurilindustries||emc test engineer, air vehicles",2948,0.4145103991031647,False,2948,False
JR-202614296,generalmotors|wd5|careers_gm||mechanical journeyperson (toolmaker) - flint naetc,2949,0.4144302010536194,False,2949,False
7808339003,spycloud||security data analyst - parsing,2950,0.41434335708618164,False,2950,False
4690180006,accenturefederalservices||pega business analyst,2951,0.4143369197845459,False,2951,False
4955284007,rvi||planner,2952,0.4143075942993164,False,2952,False
5350448008,"anthropic||technical recruiter, security",2953,0.41430577635765076,False,2953,False
8477140002,"spacex||supplier industrialization engineer, pcb",2954,0.4142439365386963,False,2954,False
8506464002,"spacex||automation & controls specialist, assembly manufacturing",2955,0.4138626158237457,False,2955,False
6098897004,antora||heavy equipment & rigging specialist,2956,0.4137934446334839,False,2956,False
8517361002,"spacex||new graduate engineer, propulsion",2957,0.4137476682662964,False,2957,False
8533686002,"spacex||software engineer, telemetry - top secret clearance",2958,0.4136699438095093,False,2958,False
8562076002,"spacex||chemical engineer, pcb",2959,0.41356325149536133,False,2959,False
JR103537,browserstack|wd3|external||sde - customer engineering | automation testing - selenium | pre-sales & post-sales,2960,0.4134601652622223,False,2960,False
5171315007,"andurilindustries||portfolio operations, intelligence systems",2961,0.4133901298046112,False,2961,False
5295829002,insightrx||clinical applications specialist,2962,0.41331690549850464,False,2962,False
7810232003,rocketlab||gnc engineer ii,2963,0.4130209684371948,False,2964,False
7807319003,rocketlab||gnc engineer ii,2964,0.4130209684371948,False,2963,False
8061176002,gotion||production associate,2965,0.41301673650741577,False,2967,False
5996188004,redwoodmaterials||production associate,2966,0.41301673650741577,False,2966,False
4716716005,rebuildmanufacturing||production associate,2967,0.41301673650741577,False,2965,False
8481451002,wpp||workday release analyst,2968,0.41294413805007935,False,2968,False
8617827002,sponsorsforeducationalopportunity||online learning specialist,2969,0.41289058327674866,False,2969,False
8627507002,"spacex||december 2026 new graduate engineer, mechanical",2970,0.41279321908950806,False,2970,False
8377056002,"spacex||software engineer, c++ - top secret clearance",2971,0.4127858877182007,False,2971,False
PT-JR041003,ms|wd5|external||application and infrastructure security specialist - assistant vice president,2972,0.4127233028411865,False,2972,False
8593276002,"relativity||mechanisms technician ii, first shift",2973,0.41264471411705017,False,2973,False
5365018008,pearceservices||entry level bess technician,2974,0.41262561082839966,False,2974,False
5191452007,"andurilindustries||production associate, sentry",2975,0.41242682933807373,False,2975,False
8525230002,faire||sales development representative,2976,0.41242295503616333,False,2993,False
8075035,stackexchange||sales development representative,2977,0.41242295503616333,False,2992,False
8054166,roku||sales development representative,2978,0.41242295503616333,False,2991,False
7994073,intercom||sales development representative,2979,0.41242295503616333,False,2990,False
7947749,urbancompass||sales development representative,2980,0.41242295503616333,False,2989,False
7931402,urbancompass||sales development representative,2981,0.41242295503616333,False,2988,False
7931396,urbancompass||sales development representative,2982,0.41242295503616333,False,2987,False
7913525,boxinc||sales development representative,2983,0.41242295503616333,False,2986,False
7842699,roku||sales development representative,2984,0.41242295503616333,False,2985,False
7791859,urbancompass||sales development representative,2985,0.41242295503616333,False,2984,False
7791825,urbancompass||sales development representative,2986,0.41242295503616333,False,2983,False
7791809,urbancompass||sales development representative,2987,0.41242295503616333,False,2982,False
7651504003,shopmonkey||sales development representative,2988,0.41242295503616333,False,2981,False
7638730,zuora||sales development representative,2989,0.41242295503616333,False,2980,False
6562850,relaypro||sales development representative,2990,0.41242295503616333,False,2979,False
6509422003,paystand||sales development representative,2991,0.41242295503616333,False,2978,False
6007082004,freshprints||sales development representative,2992,0.41242295503616333,False,2977,False
4314205009,arcanaanalytics||sales development representative,2993,0.41242295503616333,False,2976,False
5355987008,americaninstitutesforresearch||medicaid and prescription drug data analyst,2994,0.41228407621383667,False,2994,False
5364750008,dlrgroup||laboratory planner,2995,0.41208985447883606,False,2996,False
5294190008,dlrgroup||laboratory planner,2996,0.41208985447883606,False,2995,False
5191156007,reprofreedomforallinternships||fall 2026 development intern,2997,0.4120475649833679,False,2997,False
4743546101,tamara||product engineer ii - flutter,2998,0.4119420051574707,False,2998,False
5090213007,xai||ai tutor - marathi,2999,0.4118257164955139,False,2999,False
7811772003,flyzipline||head of infosec,3000,0.411756694316864,False,3000,False
4703820005,blackedgecapital||quantitative trader intern,3001,0.4117353558540344,False,3001,False
8627986002,cannondesign||project mechanical v,3002,0.41171908378601074,False,3002,False
8076826,greenthumbindustries||flower technician,3003,0.4115963578224182,False,3003,False
4625132006,accenturefederalservices||servicenow business analyst,3004,0.4115486443042755,False,3006,False
4622237006,accenturefederalservices||servicenow business analyst,3005,0.4115486443042755,False,3005,False
4552774006,accenturefederalservices||servicenow business analyst,3006,0.4115486443042755,False,3004,False
8536717002,"spacex||automation & controls engineer, launch pad",3007,0.411518931388855,False,3007,False
5356075008,"vaxcyte||scientist ii, analytical development",3008,0.4114499092102051,False,3008,False
8477422002,spacex||test stand design & build engineer,3009,0.411440908908844,False,3009,False
4679250006,accenturefederalservices||fiori developer,3010,0.411406934261322,False,3010,False
5139028007,veracyte||molecular technician,3011,0.41136646270751953,False,3011,False
7930725,mongodb||ai natives enterprise account executive,3012,0.4112476408481598,False,3012,False
6010373004,cannondale||3d cad specialist,3013,0.41118091344833374,False,3013,False
5191428007,mcadams||survey cad technician,3014,0.4111602306365967,False,3016,False
5178171007,atwellgroup||survey cad technician,3015,0.4111602306365967,False,3015,False
5147276007,atwellgroup||survey cad technician,3016,0.4111602306365967,False,3014,False
R004288,entrust|wd1|entrustcareers||tech trainer,3017,0.410980761051178,False,3017,False
4664779006,"vast||manufacturing coordinator, avionics",3018,0.41094034910202026,False,3018,False
5148882007,xai||fiber technician,3019,0.4109277129173279,False,3019,False
4318063009,ivxhealth||front desk coordinator,3020,0.4108993411064148,False,3022,False
4317829009,ivxhealth||front desk coordinator,3021,0.4108993411064148,False,3021,False
4314651009,ivxhealth||front desk coordinator,3022,0.4108993411064148,False,3020,False
4688427006,pitchbookdata||revenue operations analyst,3023,0.4106542468070984,False,3023,False
5166903007,"andurilindustries||electrician, electrical assembly, maritime",3024,0.41064321994781494,False,3024,False
6105387004,vailclinicincdbavailhealthhospital||project superintendent,3025,0.410526841878891,False,3025,False
6008379004,epicgamesfrench||concepteur technique en animation,3026,0.4103706181049347,False,3026,False
7810360003,freeformfuturecorp||it system administrator,3027,0.41022998094558716,False,3027,False
8350432002,"spacex||build specialist, automation & controls",3028,0.41000062227249146,False,3028,False
4664714006,accenturefederalservices||sharepoint configuration specialist,3029,0.4099680185317993,False,3030,False
4664700006,accenturefederalservices||sharepoint configuration specialist,3030,0.4099680185317993,False,3029,False
5190070007,zscaler||workday integration developer,3031,0.4098578691482544,False,3032,False
5103233007,zscaler||workday integration developer,3032,0.4098578691482544,False,3031,False
5134342007,"andurilindustries||quality specialist, maritime",3033,0.40977323055267334,False,3033,False
8455277002,cannondesign||health project planner v,3034,0.4097450375556946,False,3034,False
5187665007,andurilindustries||contractor special security officer,3035,0.40951889753341675,False,3036,False
5141080007,andurilindustries||contractor special security officer,3036,0.40951889753341675,False,3035,False
8187979002,gotion||service now developer,3037,0.40943536162376404,False,3037,False
8525726002,"spacex||antenna engineer, satellites",3038,0.40934717655181885,False,3038,False
R-423028,humana|wd5|humana_external_career_site||compensation professional,3039,0.40926045179367065,False,3039,False
8561461002,"spacex||maintenance engineer, pcb",3040,0.40919166803359985,False,3040,False
6119183004,natera||medical science liaison,3041,0.4091813564300537,False,3041,False
8641563002,spacex||transport logistics specialist,3042,0.4091387987136841,False,3042,False
4321653009,metroveincenters||registered vascular technologist,3043,0.40905311703681946,False,3043,False
8633923002,spacex||university recruiter,3044,0.4090491533279419,False,3045,False
8601014002,spacex||university recruiter,3045,0.4090491533279419,False,3044,False
8473716002,spacex||reliability engineer,3046,0.4089881181716919,False,3046,False
8521859002,spacex||materials r&d technician - level 4/5,3047,0.40898263454437256,False,3048,False
8498815002,spacex||materials r&d technician - level 4/5,3048,0.40898263454437256,False,3047,False
5010419007,"xai||supervisor, site operations",3049,0.4088379144668579,False,3049,False
8357111002,spacex||baw device engineer,3050,0.4087223410606384,False,3050,False
REQ53662,masco|wd1|masco||cybersecurity analyst - operations technology,3051,0.40870827436447144,False,3051,False
4677279006,accenturefederalservices||user support specialist,3052,0.4086742401123047,False,3052,False
8534711002,spacex||development technician (pcba) - 2nd shift,3053,0.4086412489414215,False,3053,False
5198791008,roboforce||data collection operator- ai robotics,3054,0.40860915184020996,False,3054,False
4662252006,accenturefederalservices||sap btp developer,3055,0.4085012674331665,False,3055,False
4681742006,accenturefederalservices||sap btp developer,3056,0.40850120782852173,False,3056,False
R0039971,harriscomputer|wd3|gbs||credentialing specialist,3057,0.4084785580635071,False,3057,False
5779295004,kimballequipmentcompany||parts delivery/warehouse associate,3058,0.4082523286342621,False,3058,False
8593958002,"spacex||test technician, silicon assembly",3059,0.40818914771080017,False,3059,False
4932595101,"modoenergy||chief analyst, usa",3060,0.40807583928108215,False,3060,False
7768909003,sofi||investment specialist ii,3061,0.4080047607421875,False,3061,False
4581195006,accenturefederalservices||sap procurement consultant,3062,0.40796881914138794,False,3062,False
6119481004,mrbeastyoutube||head of production,3063,0.40771353244781494,False,3063,False
26023449,ghr|wd1|us-emplsv||financial solutions advisor registration candidate - downtown indianapolis financial center,3064,0.40752142667770386,False,3064,False
7565921003,rocketlab||composite technician - all levels,3065,0.40750542283058167,False,3065,False
8500856002,"spacex||electrical engineer, propellant generation",3066,0.4074607491493225,False,3066,False
f60b0b25-3c06-4ef0-8357-0d4333d47442,hirehangar||customer onboarding & training specialist,3067,0.4073711335659027,False,3067,False
8569969002,spacex||electromechanical technician (starshield) - level 4/5,3068,0.4071238040924072,False,3068,False
8004104,"okta||cloud infrastructure architect, okta federal",3069,0.40706026554107666,False,3069,False
8548102002,spacex||it systems engineer - top secret clearance,3070,0.4070168733596802,False,3070,False
8632439002,workato||learning management system administrator,3071,0.40681713819503784,False,3071,False
5183284007,atwellgroup||civil engineer – land development,3072,0.4067162871360779,False,3077,False
5180966007,atwellgroup||civil engineer – land development,3073,0.4067162871360779,False,3076,False
5180120007,atwellgroup||civil engineer – land development,3074,0.4067162871360779,False,3075,False
5179411007,atwellgroup||civil engineer – land development,3075,0.4067162871360779,False,3074,False
5178482007,atwellgroup||civil engineer – land development,3076,0.4067162871360779,False,3073,False
5147289007,atwellgroup||civil engineer – land development,3077,0.4067162871360779,False,3072,False
4521317007,xai||front desk ambassador,3078,0.4066951870918274,False,3078,False
8569030002,spacex||electrical maintenance supervisor,3079,0.4066707491874695,False,3079,False
8577643002,spacex||electromagnetic effects engineer,3080,0.40664586424827576,False,3080,False
4688819006,accenturefederalservices||cloud cost/finance ops engineer,3081,0.4065188765525818,False,3081,False
8577262002,"spacex||software engineer, network observability",3082,0.40651068091392517,False,3082,False
8596339002,"spacex||mechanical engineer, tower & launch mount",3083,0.40645480155944824,False,3083,False
6121237004,premiermedical||front desk receptionist,3084,0.4063664376735687,False,3085,False
5364796008,spsnorthamerica||front desk receptionist,3085,0.4063664376735687,False,3084,False
6438205,ardentmc||geospatial (gis) business analyst,3086,0.4063628911972046,False,3086,False
5165659008,apexcompanies||resident project representative- vertical construction,3087,0.40633487701416016,False,3087,False
8621451002,"spacex||test engineer, battery development",3088,0.4062258303165436,False,3088,False
4294937009,woolpert||geobase gis analyst,3089,0.4062073826789856,False,3089,False
4925832007,xai||physics tutor,3090,0.406184583902359,False,3090,False
4689984006,astranis||propulsion engineer - test,3091,0.40617960691452026,False,3091,False
5362997008,armstrongtransportgroup||corporate counsel,3092,0.4061461091041565,False,3093,False
5128169007,xai||corporate counsel,3093,0.4061461091041565,False,3092,False
8323441002,spacex||corporate counsel,3094,0.40614593029022217,False,3095,False
4680234008,skhynixamerica||corporate counsel,3095,0.40614593029022217,False,3094,False
4698457006,ernestpackagingsolutions||collections specialist,3096,0.4060961604118347,False,3096,False
8570369002,spacex||industrial designer,3097,0.405911386013031,False,3097,False
4687850006,accenturefederalservices||business operator,3098,0.40591102838516235,False,3098,False
5090869007,veracyte||scientist i,3099,0.40587949752807617,False,3099,False
8594287002,edgewoodpartnersinsurancecenter||financial planning and design coordinator with life insurance product expertise,3100,0.40572625398635864,False,3103,False
8594283002,edgewoodpartnersinsurancecenter||financial planning and design coordinator with life insurance product expertise,3101,0.40572625398635864,False,3102,False
8594278002,edgewoodpartnersinsurancecenter||financial planning and design coordinator with life insurance product expertise,3102,0.40572625398635864,False,3101,False
8573885002,edgewoodpartnersinsurancecenter||financial planning and design coordinator with life insurance product expertise,3103,0.40572625398635864,False,3100,False
8633901002,spacex||production coordinator,3104,0.40570691227912903,False,3105,False
5192072007,andurilindustries||production coordinator,3105,0.40570691227912903,False,3104,False
7808731003,vardaspace||production coordinator,3106,0.40570685267448425,False,3106,False
7769002,reddit||creative strategist - app dev,3107,0.4055124521255493,False,3107,False
4681057006,accenturefederalservices||sap data conversion consultant,3108,0.4054262042045593,False,3108,False
6098225004,"aloyoga||associate product developer, accessories",3109,0.405362606048584,False,3109,False
5981351004,epicgamesfrench||concepteur technique ui sénior,3110,0.4053193926811218,False,3110,False
4695330006,accenturefederalservices||sap pp (production planning) and qm (quality management) functional consultant,3111,0.4052426517009735,False,3111,False
4695837006,accenturefederalservices||sap bw/4hana implementation consultant,3112,0.4052014946937561,False,3112,False
JR104862,calyx|wd1|perceptive||associate imaging research specialist,3113,0.4049597382545471,False,3113,False
6003203004,"redwoodmaterials||embedded software engineer – power electronics, energy storage",3114,0.4048299193382263,False,3114,False
5191430007,"andurilindustries||production associate, missiles",3115,0.40472155809402466,False,3115,False
5173937007,andurilindustries||electrical cad librarian,3116,0.40459394454956055,False,3116,False
8399458002,spacex||propulsion technician,3117,0.40454885363578796,False,3117,False
8524791002,"spacex||facilities engineer, solar cell factory",3118,0.4044710695743561,False,3118,False
8544711002,"spacex||manufacturing engineer, chamber and nozzle",3119,0.4044572710990906,False,3119,False
7808075003,abnormalsecurity||enterprise sales engineer - northeast,3120,0.40436118841171265,False,3120,False
REQ-057272,newperkinelmer|wd1|external||field service engineer,3121,0.40428557991981506,False,3121,False
4678552006,accenturefederalservices||information system security officer,3122,0.4042646288871765,False,3123,False
4615407006,accenturefederalservices||information system security officer,3123,0.4042646288871765,False,3122,False
8350884002,"spacex||supply chain engineer, pcb/pcba",3124,0.4041120707988739,False,3124,False
4686970006,accenturefederalservices||pmo analyst,3125,0.4040791988372803,False,3125,False
8473166002,"spacex||test specialist, avionics",3126,0.40393608808517456,False,3126,False
91870487-4047-4579-83bc-fd25625c9a90,bjakcareer||ui designer - ai neobank app,3127,0.40392303466796875,False,3127,False
JR102350,accelya|wd103|careers||specialist - program management- anz,3128,0.4038923382759094,False,3128,False
6816368002,gotion||commissioning engineer - energy storage,3129,0.4037943482398987,False,3129,False
8623429002,spacex||logistics technician - 2nd shift,3130,0.40367722511291504,False,3130,False
6097367004,"redwoodmaterials||software engineer - site controller, energy storage",3131,0.4035998582839966,False,3131,False
8555179002,spacex||launch operations technician,3132,0.4035241901874542,False,3132,False
R-248009,amgen|wd1|careers||encryption agility engineer,3133,0.40337419509887695,False,3133,False
7991479,equipmentsharecom||pm field technician (mechanic) - core solutions,3134,0.4030795395374298,False,3134,False
4691740006,onbe||demand generation specialist,3135,0.403034508228302,False,3135,False
8552779002,spacex||production coordinator,3136,0.40294191241264343,False,3136,False
4698395006,csw||logistics specialist,3137,0.4029044210910797,False,3137,False
7810000003,ampsortation||maintenance supervisor,3138,0.40286505222320557,False,3140,False
7783102003,cookunity||maintenance supervisor,3139,0.40286505222320557,False,3139,False
5172107007,communitymanager||maintenance supervisor,3140,0.40286505222320557,False,3138,False
5179262007,atwellgroup||electrical designer/coordinator - oil & gas,3141,0.40263837575912476,False,3141,False
8578923002,"spacex||software engineer, low latency computing",3142,0.4025305509567261,False,3143,False
8578910002,"spacex||software engineer, low latency computing",3143,0.4025305509567261,False,3142,False
5123845007,xai||construction superintendent – mechanical,3144,0.40237200260162354,False,3144,False
7810504003,flyzipline||head of flight test engineering,3145,0.40234434604644775,False,3145,False
7263379002,gotion||cell testing engineer,3146,0.40233495831489563,False,3146,False
4324959009,oura||paid search specialist,3147,0.4022965729236603,False,3147,False
7979870,carvana||customer service & delivery advocate,3148,0.40221986174583435,False,3148,False
8074109,samsara||enterprise implementation consultant,3149,0.40220800042152405,False,3149,False
5064478007,"andurilindustries||mechanical engineer, maneuver dominance",3150,0.4022008776664734,False,3150,False
4101009009,li-thermal-works||field service technician,3151,0.4020923972129822,False,3151,False
5365634008,spsnorthamerica||workplace experience coordinator,3152,0.4020282030105591,False,3152,False
8563891002,spacex||build engineer (starship) - nights,3153,0.4019668400287628,False,3153,False
8391268002,spacex||automation & controls specialist (starship) - level 4/5,3154,0.4019649922847748,False,3154,False
6007028004,turing||head of platform operations,3155,0.4019496440887451,False,3155,False
5090273007,xai||ai tutor - urdu,3156,0.40179163217544556,False,3156,False
7628262003,cookunity||warehouse logistics coordinator,3157,0.40161678194999695,False,3157,False
8056051,roku||head of content innovation,3158,0.4015023112297058,False,3158,False
4695183006,accenturefederalservices||google cloud platform (gcp) data engineer,3159,0.4013591408729553,False,3160,False
4695125006,accenturefederalservices||google cloud platform (gcp) data engineer,3160,0.4013591408729553,False,3159,False
5160758007,"scoutmotors||specialist, procurement systems and processes",3161,0.40134239196777344,False,3161,False
8594698002,"spacex||launch and test engineer, fluids",3162,0.40133053064346313,False,3162,False
8597403002,"relativity||integration technician ii, thrust structure, second shift",3163,0.40127891302108765,False,3163,False
70,pssmsi||practicum student,3164,0.40126970410346985,False,3164,False
5287804008,apexcompanies||water / wastewater operator,3165,0.40094614028930664,False,3165,False
8560542002,spacex||materials r&d technician,3166,0.4007999897003174,False,3166,False
8513671002,spacex||sourcing specialist,3167,0.4007924795150757,False,3168,False
8472535002,spacex||sourcing specialist,3168,0.4007924795150757,False,3167,False
7793266,relaypro||customer success specialist ii- hospitality,3169,0.4007783532142639,False,3169,False
4608372006,accenturefederalservices||sap wm (warehouse management) consultant,3170,0.40063345432281494,False,3170,False
R187494,"maersk|wd3|maersk_careers||analyst, damco ar",3171,0.40009844303131104,False,3171,False
8076832,formlabs||sales support specialist,3172,0.39996665716171265,False,3172,False
5113213008,lexingtonmedical||supply chain analyst,3173,0.399885892868042,False,3173,False
8497447002,"spacex||new graduate engineer, propulsion",3174,0.39980727434158325,False,3174,False
8564126002,"spacex||gnc engineer, fleet management",3175,0.3997722864151001,False,3175,False
6117651004,"stokespacetechnologies||environmental, health, safety (ehs) specialist",3176,0.3997626304626465,False,3176,False
4595171006,accenturefederalservices||cyber effects operations planner,3177,0.399597704410553,False,3177,False
5123360007,xai||material flow engineer - data center operations,3178,0.39938274025917053,False,3178,False
4693263006,coreweave||learning partner- technical development,3179,0.39938268065452576,False,3180,False
4689900006,coreweave||learning partner- technical development,3180,0.39938268065452576,False,3179,False
4975849007,"andurilindustries||operations analyst (scenario design), discovery",3181,0.3992291986942291,False,3181,False
8603670002,spacex||recovery engineer,3182,0.3991764187812805,False,3182,False
5183359007,"scoutmotors||specialist, hr operations",3183,0.3990555703639984,False,3183,False
8525186002,centriahealthcare||bt onboarding specialist,3184,0.3990158438682556,False,3184,False
6121022004,"sidecarhealth||operations training specialist, claims",3185,0.39895644783973694,False,3185,False
8423849002,spacex||process operator specialist - level 4/5,3186,0.39892226457595825,False,3186,False
8484564002,spacex||rf & wireless compliance engineer,3187,0.39877837896347046,False,3187,False
R26_2833,ameriprise|wd5|ameriprise||administrative assistant,3188,0.3987652659416199,False,3192,False
7810327003,ieqcapital||administrative assistant,3189,0.3987652659416199,False,3191,False
5169018007,andurilindustries||administrative assistant,3190,0.3987652659416199,False,3190,False
5155670007,atwellgroup||administrative assistant,3191,0.3987652659416199,False,3189,False
4689615006,pitchbookdata||administrative assistant,3192,0.3987652659416199,False,3188,False
5180969007,atwellgroup||administrative assistant,3193,0.3987652361392975,False,3193,False
5135032007,"scoutmotors||specialist, software update and validation",3194,0.398761510848999,False,3194,False
5148698007,"veracyte||system administrator, lab operation support",3195,0.3987250328063965,False,3195,False
4656459006,accenturefederalservices||peoplesoft application developer,3196,0.398708701133728,False,3196,False
8586178002,"spacex||sourcing specialist, lng supply chain",3197,0.3987056612968445,False,3197,False
5889595004,perfectserve||shift operations coordinator - us remote,3198,0.3987050950527191,False,3198,False
8053344,onemedical||phlebotomist/front desk,3199,0.398654967546463,False,3199,False
6016367004,vailclinicincdbavailhealthhospital||mri technologist - prn,3200,0.3986305594444275,False,3200,False
5126776007,andurilindustries||fpga dsp engineer,3201,0.3986254632472992,False,3201,False
7799415003,smxtech||knowledge systems integrator,3202,0.3986005187034607,False,3202,False
8532514002,"spacex||supervisor, electrical",3203,0.3985559940338135,False,3203,False
8559058002,spacex||structures technician (starship) - 2nd shift,3204,0.3984992206096649,False,3204,False
8603628002,"spacex||embedded software engineer, satellite antenna",3205,0.3984009325504303,False,3205,False
JR1433,bullhorn|wd1|bullhorncareers||strategic consultant,3206,0.3982962369918823,False,3206,False
4009580008,fiveringsllc||experienced/lateral - linux systems administrator,3207,0.3982542157173157,False,3207,False
4105433009,valaratomics||health physicist,3208,0.398042231798172,False,3208,False
6121112004,thoropass||outbound marketing development representative,3209,0.3979839086532593,False,3209,False
8453372002,gotion||production quality supervisor,3210,0.39787471294403076,False,3210,False
4925859007,xai||pure math tutor,3211,0.397813081741333,False,3211,False
5969617004,"boomilp||atlassian platform administrator, product & technology operations",3212,0.3976644277572632,False,3212,False
8643041002,guidepoint||executive recruiter,3213,0.39760178327560425,False,3213,False
5188690007,veracyte||specimen processor,3214,0.3975680470466614,False,3214,False
8627968002,cannondesign||mechanical ii,3215,0.39755386114120483,False,3218,False
8170233002,cannondesign||mechanical ii,3216,0.39755386114120483,False,3217,False
8113887002,cannondesign||mechanical ii,3217,0.39755386114120483,False,3216,False
8060746002,cannondesign||mechanical ii,3218,0.39755386114120483,False,3215,False
4520ca85-cf0b-4788-b293-0e724eaa61c1,campus||economics instructor,3219,0.39741837978363037,False,3219,False
8621454002,spacex||physical security specialist,3220,0.3973299264907837,False,3222,False
8621439002,spacex||physical security specialist,3221,0.3973299264907837,False,3221,False
5255884008,skhynixamerica||physical security specialist,3222,0.3973299264907837,False,3220,False
8407781002,"spacex||mechanical engineer, mechanisms",3223,0.3971669673919678,False,3223,False
8440642002,optiverus||quantitative researcher – hft futures/equities,3224,0.3971598148345947,False,3226,False
8440641002,optiverus||quantitative researcher – hft futures/equities,3225,0.3971598148345947,False,3225,False
8440640002,optiverus||quantitative researcher – hft futures/equities,3226,0.3971598148345947,False,3224,False
8562385002,"spacex||propulsion engineer, thermal & fluid analysis",3227,0.396803081035614,False,3227,False
4687979006,accenturefederalservices||sap mdg (master data governance) business partner analyst,3228,0.39677202701568604,False,3228,False
8565743002,spacex||fleet maintenance technician (starship) - level 4/5,3229,0.39667001366615295,False,3229,False
8541336002,"spacex||new graduate engineer, electrical - satellites",3230,0.3965167701244354,False,3230,False
8605049002,spacex||radiation effects engineer,3231,0.3963046073913574,False,3232,False
4017671006,astranis||radiation effects engineer,3232,0.3963046073913574,False,3231,False
8379098002,"spacex||work place technician, facilities",3233,0.396246999502182,False,3233,False
6102654004,vercel||grc analyst,3234,0.39620089530944824,False,3234,False
5059366007,"scoutmotors||technical specialist, test vehicle management",3235,0.396023690700531,False,3235,False
8584997002,workato||technical product instructor – curriculum & platform education,3236,0.3959866762161255,False,3236,False
6117107004,"vailclinicincdbavailhealthhospital||care technician, patient care unit",3237,0.3959352970123291,False,3237,False
1f3c0997-899c-432d-8bd3-b2b9771866b8,solace||ux writer,3238,0.39587050676345825,False,3238,False
5185543007,andurilindustries||security vetting analyst,3239,0.39584586024284363,False,3240,False
5184796007,andurilindustries||security vetting analyst,3240,0.39584586024284363,False,3239,False
8614576002,8451||data architect,3241,0.39568403363227844,False,3241,False
5149286007,"andurilindustries||quality specialist, roadrunner",3242,0.3955411911010742,False,3242,False
5251604008,senrasystems||hardware recruiter,3243,0.39546170830726624,False,3243,False
8568130002,"spacex||equipment reliability engineer, pcb maintenance",3244,0.3954480290412903,False,3244,False
8060700,equipmentsharecom||service writer,3245,0.3954448997974396,False,3245,False
4681472006,astranis||reliability design intern,3246,0.3954339325428009,False,3246,False
8423223002,"spacex||test engineer, propulsion components",3247,0.39537110924720764,False,3247,False
R-138723,ferguson|wd1|ferguson_experienced||vdc industrial specialist,3248,0.3953472375869751,False,3248,False
8589648002,spacex||spmt critical lift technician,3249,0.39527758955955505,False,3249,False
8437614002,spacex||fabrication technician (fluid systems) - night shift,3250,0.39523857831954956,False,3250,False
5986543004,monks||battery test engineer,3251,0.3952229619026184,False,3251,False
8580488002,veterinarypracticepartners||veterinarian,3252,0.39509427547454834,False,3253,False
5205083008,splootveterinarycare||veterinarian,3253,0.39509427547454834,False,3252,False
fa035076-9a56-47e1-bb03-c3d2f5a0c149,bjakcareer||ui designer - ai neobank app,3254,0.3950876295566559,False,3254,False
4695705006,accenturefederalservices||sap application security consultant,3255,0.3950820565223694,False,3255,False
5098387007,andurilindustries||systems security engineer anti-tamper,3256,0.3950428068637848,False,3256,False
8578532002,cannondesign||mechanical ii,3257,0.3947376012802124,False,3257,False
8517733002,"spacex||supervisor, machining",3258,0.3947252631187439,False,3258,False
8374631002,spacex||integration technician,3259,0.3947022557258606,False,3259,False
8398364002,spacex||production coordinator,3260,0.3945818543434143,False,3260,False
8621989002,spacex||antenna engineer,3261,0.3945012092590332,False,3261,False
8588049002,spacex||integration technician,3262,0.3944549560546875,False,3262,False
4692596006,accenturefederalservices||growth strategist consultant,3263,0.3944040834903717,False,3263,False
7826288,ardentmc||geospatial database administrator,3264,0.3943561017513275,False,3264,False
8395241002,spacex||rf engineer,3265,0.3942939043045044,False,3265,False
5187843007,"andurilindustries||materials and process engineer, air dominance and strike",3266,0.3942834138870239,False,3266,False
R2026070094,tarkett|wd3|tsp_careers||lift truck operator,3267,0.39428168535232544,False,3267,False
5159770007,atwellgroup||civil engineer - land development,3268,0.3942760229110718,False,3268,False
4984165007,"scoutmotors||engineer, failure analysis process",3269,0.39424562454223633,False,3269,False
R186975,oreillyauto|wd1|oreilly||retail service specialist,3270,0.3942134976387024,False,3270,False
5134220007,xai||electrical commissioning technician,3271,0.39416515827178955,False,3271,False
4684208006,onbe||client support specialist,3272,0.39415428042411804,False,3274,False
4684207006,onbe||client support specialist,3273,0.39415428042411804,False,3273,False
4684205006,onbe||client support specialist,3274,0.39415428042411804,False,3272,False
8540363002,"spacex||propulsion engineer, chamber and nozzle manufacturing",3275,0.3940550684928894,False,3275,False
8546178002,spacex||automation & controls specialist,3276,0.39404919743537903,False,3276,False
4865529101,"nice||specialist business consultant, actimize",3277,0.3940437436103821,False,3277,False
8052759,newsela||contractor: php website developer,3278,0.39401066303253174,False,3278,False
8362795002,spacex||site reliability engineer - top secret clearance,3279,0.3939870595932007,False,3279,False
8417386002,spacex||thermal development technician (starship) - temporary,3280,0.39397257566452026,False,3280,False
7744015,gusto||sales compensation analyst,3281,0.39388173818588257,False,3281,False
8536021002,spacex||integration specialist,3282,0.3938486874103546,False,3282,False
R-248005,amgen|wd1|careers||encryption agility team architect,3283,0.3938274085521698,False,3283,False
5189629007,scoutmotors||analyst transportation planning,3284,0.3937121629714966,False,3284,False
4601714006,accenturefederalservices||servicenow business analyst - hrsd,3285,0.39353957772254944,False,3285,False
8621275002,spacex||electrical engineer - instrumentation and controls,3286,0.3935191035270691,False,3286,False
7810795003,flyzipline||field support technician | austin,3287,0.39350128173828125,False,3287,False
8605143002,spacex||propulsion fluids analyst,3288,0.39339953660964966,False,3288,False
7811769003,flyzipline||video producer,3289,0.39335203170776367,False,3290,False
4304524009,redwoodsoftware||video producer,3290,0.39335203170776367,False,3289,False
8623022002,spacex||starlink production technician - machining,3291,0.393296480178833,False,3291,False
4689001006,accenturefederalservices||sap finance consultant,3292,0.3931788206100464,False,3294,False
4677653006,accenturefederalservices||sap finance consultant,3293,0.3931788206100464,False,3293,False
4676370006,accenturefederalservices||sap finance consultant,3294,0.3931788206100464,False,3292,False
5362442008,gruve||ot soc analyst l2,3295,0.3931005001068115,False,3295,False
5180841007,andurilindustries||facility security officer,3296,0.3930457532405853,False,3298,False
5139605007,andurilindustries||facility security officer,3297,0.3930457532405853,False,3297,False
5128524007,andurilindustries||facility security officer,3298,0.3930457532405853,False,3296,False
7811859003,ridgeline||investment operations analyst - reconciliation specialist,3299,0.39303940534591675,False,3300,False
7811812003,ridgeline||investment operations analyst - reconciliation specialist,3300,0.39303940534591675,False,3299,False
8634612002,3redpartners||graduate trader,3301,0.39296141266822815,False,3301,False
5164895007,"scoutmotors||specialist, kpi and continuous improvement",3302,0.3929581642150879,False,3302,False
8561572002,"spacex||thermal engineer, thermal & fluid analysis",3303,0.39277350902557373,False,3303,False
8383510002,"spacex||mechanical engineer, solar cell factory",3304,0.39272043108940125,False,3304,False
8068081,carvana||customer service advocate,3305,0.39271292090415955,False,3305,False
4697794006,accenturefederalservices||aws cloud engineer,3306,0.3925262987613678,False,3306,False
8420304002,"spacex||silicon packaging process engineer, silicon technology",3307,0.39252153038978577,False,3307,False
R-10399189,"fiserv|wd5|ext||vice president, adoption marketing and automation",3308,0.39251893758773804,False,3308,False
8460962002,"spacex||electric propulsion engineer, mechanical",3309,0.3924005627632141,False,3309,False
8575795002,spacex||gateway manufacturing specialist,3310,0.3923715353012085,False,3310,False
4594819006,astranis||avionics test specialist,3311,0.39229512214660645,False,3311,False
R157728,ntrs|wd1|northerntrust||associate consultant,3312,0.39214640855789185,False,3312,False
R0021734,"ascensushr|wd1|ascensuscareers||financial analyst, 529 back office - india",3313,0.39211833477020264,False,3313,False
8585039002,"spacex||automation & controls specialist, tool & die - 2nd shift",3314,0.3920283019542694,False,3314,False
5160766007,scoutmotors||function integration and software planning,3315,0.3919757604598999,False,3315,False
4697913006,accenturefederalservices||oracle scrum master,3316,0.3918500542640686,False,3316,False
REQ520252,jll|wd1|jllcareers||sales coordinator,3317,0.39183008670806885,False,3317,False
8612766002,"spacex||mechanical engineer, satellite harnessing",3318,0.39181381464004517,False,3318,False
8611035002,"spacex||quality specialist, precision machining",3319,0.39173978567123413,False,3319,False
8477142002,"spacex||supply chain engineer, pcb",3320,0.3917098641395569,False,3320,False
8506522002,"spacex||manufacturing specialist, pcba",3321,0.3916822075843811,False,3321,False
4712005005,effectiveschoolsolutions||part-time strategic implementation advisor,3322,0.3916810154914856,False,3322,False
8076065,"goldenstate||specialist, internal communications",3323,0.3916274905204773,False,3323,False
4674322006,accenturefederalservices||python / aws developer,3324,0.391618549823761,False,3324,False
8075955,"carvana||associate administrator, safe and secure technology",3325,0.391517698764801,False,3325,False
8625363002,gotion||inventory control specialist,3326,0.3914318084716797,False,3326,False
6121473004,guidepointsecurity||field marketing specialist,3327,0.39117342233657837,False,3327,False
8533139002,spacex||test stand maintenance technician,3328,0.39075058698654175,False,3328,False
7798870003,truebill||creative strategist,3329,0.3906904458999634,False,3330,False
5224232008,trueclassicteesllc||creative strategist,3330,0.3906904458999634,False,3329,False
8555072002,"spacex||supervisor, machining & fabrication",3331,0.3906850218772888,False,3331,False
8524877002,"spacex||silicon packaging process engineer, production",3332,0.39068126678466797,False,3332,False
4912220101,lotusworks||electrical & instrumentation technician - full time internship,3333,0.3906397223472595,False,3333,False
7808686003,flyzipline||uas maintenance technician - houston,3334,0.3905036747455597,False,3334,False
8642064002,spacex||silicon photonics design engineer,3335,0.39043599367141724,False,3335,False
8398061002,"spacex||manufacturing engineer – supplier development, optics & optomechanical systems",3336,0.39033013582229614,False,3336,False
4314542009,li-thermal-works||field service technician,3337,0.39032262563705444,False,3337,False
4688994006,accenturefederalservices||sap fiori developer,3338,0.390132874250412,False,3338,False
8377562002,"spacex||propulsion analyst, structures",3339,0.3901136517524719,False,3339,False
8634609002,spacex||manufacturing engineer,3340,0.3900163173675537,False,3340,False
8617153002,spacex||prefabrication technician,3341,0.3896007537841797,False,3341,False
5052040007,xai||software engineer - kernels/cuda,3342,0.38955411314964294,False,3342,False
REF083191W,visa|wd5|visa||financial analyst,3343,0.3892834186553955,False,3343,False
8449846002,"spacex||software engineer, data - top secret clearance",3344,0.38925182819366455,False,3344,False
6777655002,gotion||recruiter,3345,0.3891373872756958,False,3346,False
4695578006,accenturefederalservices||recruiter,3346,0.3891373872756958,False,3345,False
5217923008,swiftsolar||equipment technician | night shift,3347,0.3891351819038391,False,3347,False
8525400002,spacex||security analyst,3348,0.38909608125686646,False,3348,False
R-10399092,fiserv|wd5|ext||credit risk analyst,3349,0.3890638053417206,False,3350,False
R-10399025,fiserv|wd5|ext||credit risk analyst,3350,0.3890638053417206,False,3349,False
5147274007,atwellgroup||construction inspector,3351,0.3887471556663513,False,3351,False
2624730,labcorp|wd1|external||investigator support coordinator i,3352,0.38869914412498474,False,3352,False
5085186007,"scoutmotors||specialist, lifecycle management & modelcare",3353,0.3885353207588196,False,3353,False
WD30273189,jci|wd5|jci||fire project coordinator,3354,0.3884305953979492,False,3354,False
6010434004,cannondale||design engineer i - gravel,3355,0.3882560133934021,False,3355,False
8626194002,relativity||launch pad technician i,3356,0.3881711959838867,False,3356,False
8527628002,cannondesign||health planner iii,3357,0.38812196254730225,False,3358,False
8334580002,cannondesign||health planner iii,3358,0.38812196254730225,False,3357,False
4687331006,accenturefederalservices||corporate facility security officer,3359,0.3880040645599365,False,3359,False
5007261007,xai||security engineer - governance risk compliance,3360,0.3879907727241516,False,3360,False
8043829,equipmentsharecom||yard technician,3361,0.38791561126708984,False,3361,False
8075819,equipmentsharecom||yard technician,3362,0.3879154920578003,False,3363,False
8075688,equipmentsharecom||yard technician,3363,0.3879154920578003,False,3362,False
5172043007,urpt||growth & development team assistant,3364,0.38783031702041626,False,3364,False
8600091002,spacex||technical writer,3365,0.38772961497306824,False,3365,False
7839416,"thealleninstitute||predoctoral young investigator, robotics",3366,0.3877248764038086,False,3366,False
8553118002,spacex||reliability technician,3367,0.3876870274543762,False,3367,False
8635683002,spacex||integration technician (starshield) - level 4/5,3368,0.38759690523147583,False,3368,False
8602989002,guidepoint||market research operations associate,3369,0.38759350776672363,False,3369,False
4688824006,accenturefederalservices||cyberark pam engineer,3370,0.38756895065307617,False,3370,False
5031895007,atwellgroup||junior high voltage technician - data centers and substations for centurion - an atwell company,3371,0.3874318599700928,False,3371,False
8070259,onemedical||medical assistant,3372,0.38739341497421265,False,3380,False
7967039,onemedical||medical assistant,3373,0.38739341497421265,False,3379,False
6121127004,optimadermatologycareers||medical assistant,3374,0.38739341497421265,False,3378,False
6119807004,optimadermatologycareers||medical assistant,3375,0.38739341497421265,False,3377,False
6005876004,optimadermatologycareers||medical assistant,3376,0.38739341497421265,False,3376,False
5735790004,optimadermatologycareers||medical assistant,3377,0.38739341497421265,False,3375,False
5362492008,optimalcare||medical assistant,3378,0.38739341497421265,False,3374,False
4326416009,metroveincenters||medical assistant,3379,0.38739341497421265,False,3373,False
4326391009,metroveincenters||medical assistant,3380,0.38739341497421265,False,3372,False
5365479008,unlimitedtechnology||traveling security technician,3381,0.38738787174224854,False,3381,False
JR97408,"micron|wd1|external||engineer, ipdev layout",3382,0.38735711574554443,False,3382,False
R0138784,hitachi|wd1|hitachi||instructional designer – nam training and development,3383,0.38728421926498413,False,3383,False
8035238,hubspotjobs||outbound business development representative,3384,0.38723400235176086,False,3385,False
8031160,hubspotjobs||outbound business development representative,3385,0.38723400235176086,False,3384,False
8548907002,spacex||it windows systems engineer - top secret clearance,3386,0.3871307373046875,False,3386,False
8420929002,spacex||spaceport experience specialist,3387,0.3869084119796753,False,3387,False
7913756,boxinc||business development representative,3388,0.3868268132209778,False,3388,False
R-256775,astrazeneca|wd3|broadbean_external||consultant - sap fico,3389,0.38682305812835693,False,3389,False
7811433003,"a3c41b8b71eff8c4||software engineer - react native, macos/windows",3390,0.3867763578891754,False,3390,False
5169990007,"andurilindustries||financial analyst ii, corporate finance",3391,0.3866443336009979,False,3391,False
JR00033094,abb|wd3|external_career_page||field service technician,3392,0.38664358854293823,False,3397,False
8642579002,pathrobotics||field service technician,3393,0.38664358854293823,False,3396,False
8642556002,pathrobotics||field service technician,3394,0.38664358854293823,False,3395,False
8642536002,pathrobotics||field service technician,3395,0.38664358854293823,False,3394,False
8641779002,pathrobotics||field service technician,3396,0.38664358854293823,False,3393,False
6022313004,amarok||field service technician,3397,0.38664358854293823,False,3392,False
8642564002,pathrobotics||field service technician,3398,0.3866434693336487,False,3398,False
8420461002,"spacex||hardware development engineer, failure analysis",3399,0.3861520290374756,False,3399,False
8594150002,"spacex||mechanical engineer, optical & space lasers manufacturing",3400,0.3860286474227905,False,3400,False
8558715002,spacex||aerodynamics engineer,3401,0.38600361347198486,False,3401,False
8586083002,"spacex||process engineer, industrial water treatment",3402,0.38595038652420044,False,3402,False
7913056,toast||head of people technology,3403,0.3859352469444275,False,3404,False
7863460,toast||head of people technology,3404,0.3859352469444275,False,3403,False
4643147006,accenturefederalservices||sap process integration (pi) developer,3405,0.38593006134033203,False,3405,False
5172428007,mobentertainment||marketing video production designer,3406,0.38592255115509033,False,3406,False
5970980004,pslgroup||head of research delivery,3407,0.3856468200683594,False,3407,False
8634547002,spacex||mechanical engineer,3408,0.38550204038619995,False,3408,False
R26_0000001992,bbinsurance|wd1|careers||operations support coordinator,3409,0.38542306423187256,False,3409,False
8335226002,spacex||eee parts lab specialist,3410,0.385415256023407,False,3410,False
6001532004,vailclinicincdbavailhealthhospital||radiology technologist - flex,3411,0.38539382815361023,False,3411,False
8629373002,spacex||it network administrator,3412,0.3852679133415222,False,3412,False
5364677008,sbusa||skilled carpenter- heavy civil construction,3413,0.38519251346588135,False,3413,False
8541329002,spacex||human resources coordinator,3414,0.385151743888855,False,3415,False
5175094007,xai||human resources coordinator,3415,0.385151743888855,False,3414,False
R09979,soti|wd3|careers||sales development representative – enterprise outbound,3416,0.38510459661483765,False,3416,False
8457155002,spacex||hvac technician,3417,0.38503479957580566,False,3417,False
4112953009,"vianttechnology||head of industry, travel",3418,0.38501155376434326,False,3418,False
5158745007,"andurilindustries||head of integrated product support, connected warfare",3419,0.3848782479763031,False,3419,False
7476991,d2l||paid media specialist,3420,0.38486796617507935,False,3420,False
4695151006,accenturefederalservices||google cloud platform (gcp) cloud engineer,3421,0.38480520248413086,False,3421,False
7918958,carvana||customer care advocate,3422,0.3847712278366089,False,3423,False
7852604,carvana||customer care advocate,3423,0.3847712278366089,False,3422,False
8056287,carvana||customer advocate delivery driver,3424,0.38475334644317627,False,3425,False
7701413,carvana||customer advocate delivery driver,3425,0.38475334644317627,False,3424,False
8544587002,"relativity||mechanisms technician ii, second shift",3426,0.38470950722694397,False,3426,False
8592829002,"spacex||test engineer, powertrain components",3427,0.38468167185783386,False,3427,False
7528519,"roku||ux product designer, frndly tv experience",3428,0.38465747237205505,False,3428,False
8053498,"carvana||customer advocate i, delivery, market operations",3429,0.38463056087493896,False,3429,False
R2026-6204,rocket|wd5|rocket_careers||accountant,3430,0.3845698833465576,False,3431,False
8642299002,alphagrepsecurities||accountant,3431,0.3845698833465576,False,3430,False
4715220005,shipbobinc||business development representative - mid market,3432,0.38451945781707764,False,3432,False
5192491007,strivepharmacy||ehs technician - safety & security,3433,0.384472131729126,False,3433,False
8624122002,spacex||production technician,3434,0.38440853357315063,False,3434,False
4673205006,accenturefederalservices||servicenow developer,3435,0.3843635022640228,False,3436,False
4622182006,accenturefederalservices||servicenow developer,3436,0.3843635022640228,False,3435,False
4622162006,accenturefederalservices||servicenow developer,3437,0.38436347246170044,False,3441,False
4572308006,accenturefederalservices||servicenow developer,3438,0.38436347246170044,False,3440,False
4570812006,accenturefederalservices||servicenow developer,3439,0.38436347246170044,False,3439,False
4570794006,accenturefederalservices||servicenow developer,3440,0.38436347246170044,False,3438,False
4452248006,accenturefederalservices||servicenow developer,3441,0.38436347246170044,False,3437,False
5100618007,zscaler||insider risk analyst - skillbridge intern,3442,0.3843435049057007,False,3442,False
8317901002,spacex||build coordinator,3443,0.3843391537666321,False,3443,False
8537897002,"spacex||test specialist, components",3444,0.3841193914413452,False,3444,False
5051350007,"andurilindustries||systems reliability engineer, surveillance tower",3445,0.3840692639350891,False,3445,False
6108879004,zyngacareers||concept artist,3446,0.38404613733291626,False,3446,False
4650351006,accenturefederalservices||sap hana developer,3447,0.3839755654335022,False,3447,False
9512,velera|wd5|veleracareers||quality assurance consultant (client delivery experience) - remote,3448,0.38396304845809937,False,3448,False
8053309,alkujobs||personnel services coordinator,3449,0.3839263916015625,False,3449,False
4681747006,accenturefederalservices||sap process integration (pi) developer,3450,0.38390517234802246,False,3450,False
8634575002,spacex||electrical engineer,3451,0.3836086392402649,False,3451,False
8521383002,"spacex||mechanical engineer, hardware reliability",3452,0.3836019039154053,False,3452,False
8223146002,gotion||battery product certification engineer,3453,0.3835510015487671,False,3453,False
7761373003,smxtech||soc analyst,3454,0.38351356983184814,False,3454,False
R00197575,alliance|wd3|nissanprivateexternal||canton production technician - direct hire,3455,0.3834837079048157,False,3455,False
4678729006,accenturefederalservices||servicenow business analyst,3456,0.38342535495758057,False,3456,False
4644819006,accenturefederalservices||cloud platform architect,3457,0.3833421468734741,False,3457,False
7993170,carvana||experienced auto mechanic tech- 1st shift,3458,0.3832288980484009,False,3461,False
7993168,carvana||experienced auto mechanic tech- 1st shift,3459,0.3832288980484009,False,3460,False
7993167,carvana||experienced auto mechanic tech- 1st shift,3460,0.3832288980484009,False,3459,False
7993156,carvana||experienced auto mechanic tech- 1st shift,3461,0.3832288980484009,False,3458,False
5251519008,lexingtonmedical||head of supply chain,3462,0.38315653800964355,False,3462,False
5980247004,vailclinicincdbavailhealthhospital||clinical research coordinator,3463,0.3831411898136139,False,3467,False
5050371004,thevascularcaregroup||clinical research coordinator,3464,0.3831411898136139,False,3466,False
4236902009,headlandsresearch||clinical research coordinator,3465,0.3831411898136139,False,3465,False
4218187009,headlandsresearch||clinical research coordinator,3466,0.3831411898136139,False,3464,False
4091997009,headlandsresearch||clinical research coordinator,3467,0.3831411898136139,False,3463,False
7783083003,cookunity||menu planning analyst,3468,0.3831338882446289,False,3468,False
8535755002,udacity||data technical mentor - independent contractor,3469,0.38304924964904785,False,3469,False
8555044002,spacex||liquefied natural gas process/project engineer,3470,0.38302546739578247,False,3470,False
8570805002,"workato||intern, customer experience",3471,0.38291803002357483,False,3471,False
5158855007,"andurilindustries||financial analyst ii, connected warfare",3472,0.38288962841033936,False,3473,False
5158851007,"andurilindustries||financial analyst ii, connected warfare",3473,0.38288962841033936,False,3472,False
8068753,velocityelectronics||sales assistant,3474,0.38286709785461426,False,3474,False
5224535008,"vaxcyte||associcate scientist ii (contract), drug product analytics",3475,0.38260746002197266,False,3475,False
5186018007,"andurilindustries||engineering technical fellow, solid rocket motors",3476,0.3825790286064148,False,3476,False
8571923002,"spacex||systems analyst, supply chain",3477,0.38243669271469116,False,3477,False
8049241,equipmentsharecom||low voltage technician,3478,0.38239243626594543,False,3478,False
7974905,smartsheet||technical support specialist - core apps,3479,0.38233786821365356,False,3479,False
8619984002,spacex||international infrastructure operations specialist,3480,0.3823031187057495,False,3480,False
8444958002,spacex||test technician,3481,0.382260262966156,False,3482,False
8397245002,spacex||test technician,3482,0.382260262966156,False,3481,False
4135605009,li-thermal-works||field service technician,3483,0.382205069065094,False,3483,False
4690548006,accenturefederalservices||events marketing specialist,3484,0.3820648193359375,False,3484,False
4684997006,accenturefederalservices||change management practitioner,3485,0.38192835450172424,False,3485,False
5139668008,fiveringsllc||summer intern 2027 - quantitative trader,3486,0.38184624910354614,False,3486,False
5255334008,fiveringsllc||campus full time 2027 - quantitative trader,3487,0.3818281292915344,False,3487,False
37400eba-34ce-4b53-98a9-3be802c279c3,aisle||head of marketing,3488,0.38177090883255005,False,3488,False
8628456002,spacex||laser production technician,3489,0.3817530572414398,False,3489,False
8184537002,gotion||warehouse associate,3490,0.3817262649536133,False,3492,False
7579841003,cookunity||warehouse associate,3491,0.3817262649536133,False,3491,False
7574179003,cookunity||warehouse associate,3492,0.3817262649536133,False,3490,False
4089035009,woolpert||hydrographic specialist,3493,0.38168859481811523,False,3493,False
4693623006,accenturefederalservices||quality assurance tester,3494,0.38166216015815735,False,3494,False
5155553008,skhynixamerica||purchasing specialist,3495,0.3815057873725891,False,3495,False
8505212002,spacex||pcb materials lab technician,3496,0.3813475966453552,False,3496,False
5093266007,"scoutmotors||engineer, chassis wheel guidance",3497,0.3813348412513733,False,3497,False
5101280007,"andurilindustries||program operations, maritime",3498,0.3813272714614868,False,3498,False
8551470002,spacex||manufacturing supervisor,3499,0.3811454176902771,False,3499,False
5093330007,"andurilindustries||pcb layout designer, intelligence systems",3500,0.3810542821884155,False,3500,False
8605109002,spacex||plumbing technician - 2nd shift,3501,0.38091593980789185,False,3501,False
8639046002,cranialtechnologies||occupational therapist,3502,0.3808547854423523,False,3503,False
8621499002,welbehealth||occupational therapist,3503,0.3808547854423523,False,3502,False
4606402006,accenturefederalservices||sap warehouse management consultant,3504,0.38082438707351685,False,3504,False
8468689002,"spacex||mission integration engineer, c3 - top secret clearance",3505,0.38078027963638306,False,3505,False
8639275002,spacex||build reliability engineer,3506,0.3806905150413513,False,3506,False
5048075007,"andurilindustries||technical writer, maritime",3507,0.3805946111679077,False,3507,False
REQ-1000050800,sbdinc|wd1|stanley_black_decker_career_site||production assembler,3508,0.38054609298706055,False,3508,False
4717086005,found||social media coordinator,3509,0.38041821122169495,False,3509,False
7608720,boxinc||workplace services assistant,3510,0.38036441802978516,False,3510,False
4695627006,"sharkninjaoperatingllc||fall 2026: codeshark, dtc digital experience web development",3511,0.3803633451461792,False,3511,False
4565985006,sharkninjaoperatingllc||electrical engineering opportunities at sharkninja,3512,0.38028424978256226,False,3512,False
5141661007,"scoutmotors||specialist, pre-series material planner - overseas parts",3513,0.3802648186683655,False,3513,False
4301056009,woolpert||geobase training support junior analyst,3514,0.38025763630867004,False,3514,False
8553652002,spacex||critical lift technician,3515,0.3802512288093567,False,3515,False
8560090002,"spacex||automation & controls specialist, pcb manufacturing",3516,0.37998563051223755,False,3516,False
6004776004,epicgamesfrench||programmeur sénior en interface utilisateur,3517,0.37996906042099,False,3517,False
b12862cb-eab8-4e19-b45a-dddf5da198f3,"xsolla||analyst, capital markets intelligence and crm",3518,0.3798527121543884,False,3518,False
7807754,rocketmiles||marketing consultant,3519,0.3798167109489441,False,3519,False
5179714007,"andurilindustries||systems engineer, c2 networking - edge compute and communications",3520,0.3797380328178406,False,3520,False
6104532004,redwoodmaterials||business operations associate,3521,0.37971076369285583,False,3521,False
7810249003,tinginternet||outside plant technician,3522,0.3797081708908081,False,3523,False
7808538003,remotetcx||outside plant technician,3523,0.3797081708908081,False,3522,False
6099577004,redwoodmaterials||software engineer - ml/computer vision,3524,0.37953275442123413,False,3524,False
8516568002,spacex||apprentice weld support technician,3525,0.3794747591018677,False,3525,False
4985448007,harbingermotors||fleet administrator,3526,0.3792891204357147,False,3526,False
8614601002,spacex||plp/sip maintenance technician,3527,0.3791816830635071,False,3527,False
5192108007,fairlife||micro technician,3528,0.379177451133728,False,3528,False
8578929002,"spacex||software engineer, beam planning",3529,0.3791579008102417,False,3530,False
8578907002,"spacex||software engineer, beam planning",3530,0.3791579008102417,False,3529,False
5783235004,vailclinicincdbavailhealthhospital||dermatologist,3531,0.3791256546974182,False,3531,False
5117940007,"andurilindustries||metrology specialist, maritime",3532,0.379066526889801,False,3532,False
7786459003,smxtech||logistics resupply planner,3533,0.3790256977081299,False,3533,False
4321922009,valaratomics||triso chemical plant process engineer,3534,0.3789348006248474,False,3534,False
8633045002,"wpp||technology risk & controls analyst, et & corporate",3535,0.3788982629776001,False,3535,False
8555569002,spacex||ground network specialist,3536,0.37889015674591064,False,3536,False
7913550,boxinc||business development representative,3537,0.3788410723209381,False,3537,False
5350600008,dlrgroup||healthcare interior designer,3538,0.3786921501159668,False,3538,False
4681416006,astranis||reliability design associate,3539,0.3786766529083252,False,3539,False
8581047002,"spacex||supervisor, fabrication",3540,0.37859582901000977,False,3540,False
7785754003,cookunity||logistics team member,3541,0.378510981798172,False,3542,False
7579809003,cookunity||logistics team member,3542,0.378510981798172,False,3541,False
9fa6a696-7025-4e47-898a-94fb9bcedf1b,meridianlink||client support specialist ii,3543,0.3784974217414856,False,3543,False
8583051002,spacex||manufacturing specialist (optical production) - 2nd shift,3544,0.3784891963005066,False,3544,False
4694853006,astranis||radiation effects engineer intern,3545,0.3784169554710388,False,3545,False
8449038002,spacex||paint technician,3546,0.3784147799015045,False,3546,False
4697037006,accenturefederalservices||proposal & contract delivery coordinator,3547,0.3783267140388489,False,3547,False
4307110009,nationallutheraninc||fitness specialist,3548,0.3782036304473877,False,3548,False
4593259005,acornhealth||behavior technician,3549,0.3780929744243622,False,3549,False
8544586002,spacex||insider risk analyst,3550,0.3780364990234375,False,3550,False
7235322,"mongodb||software engineer 3, search systems replication & routing",3551,0.3780256509780884,False,3551,False
WD224752,flextronics|wd1|careers||analyst - procurement,3552,0.37796467542648315,False,3552,False
4186580009,industrialelectricmanufacturing||field service technician,3553,0.37793654203414917,False,3553,False
5181676007,"scoutmotors||engineer, bev function integration and calibration, specialist",3554,0.3779016435146332,False,3554,False
4591779006,accenturefederalservices||deployment strategist - palantir foundry,3555,0.37789446115493774,False,3555,False
8397623002,"spacex||gnc engineer, adcs",3556,0.37784844636917114,False,3556,False
8532221002,"spacex||materials engineer, polymers",3557,0.3777691721916199,False,3557,False
R-10399073,fiserv|wd5|ext||fraud/risk analyst,3558,0.37770259380340576,False,3558,False
8641512002,"spacex||supervisor, distribution center",3559,0.3776994049549103,False,3560,False
8635083002,"spacex||supervisor, distribution center",3560,0.3776994049549103,False,3559,False
R-248010,amgen|wd1|careers||encryption agility analyst,3561,0.3776159882545471,False,3561,False
R178373,ryder|wd5|rydercareers||sourcing & supply analyst - remote,3562,0.37760651111602783,False,3562,False
8575407002,spacex||sheet metal technician,3563,0.377574622631073,False,3563,False
4925823007,xai||materials science tutor,3564,0.37754571437835693,False,3564,False
8476268002,"spacex||electrical test and reliability engineer, satellites",3565,0.3772761821746826,False,3565,False
5365154008,pearceservices||advanced solar field service technician,3566,0.37720149755477905,False,3566,False
4717143005,acornhealth||board certified behavior analyst,3567,0.37713906168937683,False,3568,False
4717034005,acornhealth||board certified behavior analyst,3568,0.37713906168937683,False,3567,False
4676201006,accenturefederalservices||powerapps developer,3569,0.37708401679992676,False,3569,False
8639190002,spacex||tig welder (starship) - 2nd shift,3570,0.3770817518234253,False,3570,False
R-10399136,fiserv|wd5|ext||business systems analysis - professional ii,3571,0.37686413526535034,False,3571,False
8497590002,spacex||hvac programmer,3572,0.37669503688812256,False,3572,False
e50376f9-befe-42db-88d4-b74173757daa,andromeda||founding product designer,3573,0.37648871541023254,False,3573,False
8369532002,spacex||industrial hygienist,3574,0.3764806091785431,False,3574,False
8573472002,spacex||industrial hygienist,3575,0.3764805495738983,False,3576,False
5223864008,apexcompanies||industrial hygienist,3576,0.3764805495738983,False,3575,False
5146284007,scoutmotors||supplier quality engineer - press parts,3577,0.3764127194881439,False,3577,False
8047459,urbancompass||office administrator,3578,0.3764020800590515,False,3578,False
5114488007,"atwellgroup||proposal marketing associate, remote, west coast",3579,0.3763355612754822,False,3579,False
7979827,"flatironhealth||associate, business operations",3580,0.3760412931442261,False,3580,False
7807556003,doitintl||cloud architect - productivity,3581,0.37601929903030396,False,3581,False
8178334002,aegworldwide||service desk technician ii- axs,3582,0.3759779930114746,False,3582,False
8569580002,"spacex||test engineer - electric propulsion, satellites",3583,0.37593740224838257,False,3583,False
4626276006,sharkninjaoperatingllc||product development management opportunities at sharkninja,3584,0.37589186429977417,False,3584,False
8070466,urbancompass||growth marketing operations coordinator,3585,0.3758337199687958,False,3588,False
8070330,urbancompass||growth marketing operations coordinator,3586,0.3758337199687958,False,3587,False
8004290,urbancompass||growth marketing operations coordinator,3587,0.3758337199687958,False,3586,False
7896009,urbancompass||growth marketing operations coordinator,3588,0.3758337199687958,False,3585,False
8031265,boxinc||business development representative,3589,0.375778466463089,False,3589,False
5094634007,andurilindustries||composite technician,3590,0.3757391571998596,False,3590,False
8546587002,"relativity||propulsion manufacturing engineer ii, combustion devices",3591,0.3757309913635254,False,3591,False
cf00d3d5-f52a-415b-8df3-a11e500a4061,"mazedesign||head of gtm, research services",3592,0.37561094760894775,False,3592,False
8400817002,"spacex||electrician, medium voltage",3593,0.37558513879776,False,3593,False
8335230002,"spacex||thermal hardware specialist, casting & leaching",3594,0.37547561526298523,False,3594,False
8377329002,"spacex||casting specialist, heat shield manufacturing",3595,0.3754563629627228,False,3595,False
7797969003,coverahealth||patient experience specialist,3596,0.3753739595413208,False,3596,False
4695060006,sharkninjaoperatingllc||media coordinator,3597,0.37526941299438477,False,3597,False
5270456008,apexcompanies||land surveyor,3598,0.37525349855422974,False,3598,False
5157982007,atwellgroup||neta field technician,3599,0.3751559257507324,False,3599,False
8632059002,spacex||entry level - laser production technician,3600,0.37507325410842896,False,3600,False
8573853002,spacex||environmental health & safety specialist,3601,0.37505483627319336,False,3601,False
7776013003,ampsortation||production operator,3602,0.3749925196170807,False,3602,False
7810194003,ampsortation||production operator,3603,0.3749924600124359,False,3603,False
8377059002,"spacex||supervisor, it network infrastructure",3604,0.374889075756073,False,3604,False
7528412,purestorage||signal integrity hardware engineer,3605,0.3748578429222107,False,3605,False
8054528,fanduel||commercial marketing associate,3606,0.3748190402984619,False,3606,False
8605112002,spacex||compressed air technician,3607,0.37477099895477295,False,3607,False
7992938002,"gotion||production specialist, cell line",3608,0.3747279644012451,False,3608,False
8609256002,"spacex||silicon packaging technician, silicon assembly",3609,0.3746352791786194,False,3609,False
7789969003,rightwayhealthcare||utilization management support technician,3610,0.37454861402511597,False,3610,False
8521981002,"spacex||propulsion engineer, valves",3611,0.37441521883010864,False,3611,False
5152185007,andurilindustries||system administrator,3612,0.3743373453617096,False,3614,False
4686054006,accenturefederalservices||system administrator,3613,0.3743373453617096,False,3613,False
4678560006,accenturefederalservices||system administrator,3614,0.3743373453617096,False,3612,False
8628379002,spacex||maintenance technician (starlink) - level 4/5,3615,0.374306321144104,False,3615,False
4698553006,orioninnovation||warehouse management and inventory management specialist (mdims).,3616,0.3743024468421936,False,3616,False
8532471002,"spacex||electrical test engineer, pcb",3617,0.37411248683929443,False,3617,False
4714129005,cbemllc||stabilization interventionist,3618,0.37407639622688293,False,3618,False
7811753003,flyzipline||uas technician - houston,3619,0.37407582998275757,False,3619,False
5160632007,andurilindustries||flight test engineer - advanced effects,3620,0.37403979897499084,False,3620,False
5309664008,apexcompanies||hazardous waste & environmental specialist,3621,0.37388038635253906,False,3621,False
8405061002,spacex||inventory specialist,3622,0.3738288879394531,False,3622,False
6115782004,assetliving||regional maintenance supervisor,3623,0.37381768226623535,False,3623,False
5341440004,kairospower||network engineer - it infrastructure - onsite - temporary 6 month contract,3624,0.3737912178039551,False,3624,False
5047093007,"andurilindustries||electrical test engineer, air dominance and strike",3625,0.3737662434577942,False,3625,False
8407018002,spacex||integration & test specialist (starlink propulsion) - 1st shift,3626,0.3736999034881592,False,3626,False
5765993004,vailclinicincdbavailhealthhospital||nuclear medicine technologist - prn,3627,0.3736807107925415,False,3627,False
5120404007,andurilindustries||production optical assembly technician,3628,0.3736698627471924,False,3628,False
4671978006,accenturefederalservices||sap production planning (pp) and quality management (qm) consultant,3629,0.37321949005126953,False,3629,False
8402254002,spacex||satellite on-orbit operations engineer,3630,0.3731837272644043,False,3630,False
8542033002,cannondesign||interior designer ii,3631,0.37317126989364624,False,3631,False
8587092002,"spacex||deburr technician, machining (starship) - 2nd shift",3632,0.373014897108078,False,3632,False
8026424,taskrabbit||partner onboarding specialist,3633,0.37294530868530273,False,3633,False
8641353002,wing||head of business operations,3634,0.3729444444179535,False,3634,False
8045166,latitude||mission analyst,3635,0.37287968397140503,False,3635,False
7777261003,prizepicks||associate retention analyst,3636,0.3726879954338074,False,3636,False
8551478002,spacex||production supervisor,3637,0.37263089418411255,False,3637,False
3acf329a-c910-493d-bed4-13cb327b1406,campus||teaching assistant,3638,0.3726079761981964,False,3638,False
8581449002,"spacex||electrical engineer, hardware reliability",3639,0.3725978136062622,False,3639,False
5186469007,urpt||recruiting operations & executive support specialist,3640,0.3725548982620239,False,3640,False
8069228,"synack||security analyst, part-time",3641,0.37217414379119873,False,3641,False
8321474002,cannondesign||interior designer iii,3642,0.37207692861557007,False,3643,False
8318794002,cannondesign||interior designer iii,3643,0.37207692861557007,False,3642,False
4115379009,valaratomics||cfd analyst,3644,0.37207549810409546,False,3644,False
5182322007,"scoutmotors||specialist, hardware & software variant management",3645,0.37203747034072876,False,3645,False
5087125007,andurilindustries||warhead design engineer - modeling & simulation,3646,0.3720207214355469,False,3646,False
7691122003,cookunity||warehouse supervisor,3647,0.37193119525909424,False,3647,False
8418457002,"spacex||instrumentation & controls engineer, solar cell factory",3648,0.3719180226325989,False,3648,False
7773851003,cookunity||maintenance team member,3649,0.37187284231185913,False,3651,False
7529197003,cookunity||maintenance team member,3650,0.37187284231185913,False,3650,False
7509860003,cookunity||maintenance team member,3651,0.37187284231185913,False,3649,False
5085233007,atwellgroup||survey office technician - michigan,3652,0.371809184551239,False,3652,False
8036155,"stripe||technical writer, docs content",3653,0.3717782199382782,False,3653,False
8533487002,spacex||integration technician (payloads) - multiple shifts,3654,0.37174850702285767,False,3654,False
8322729002,"spacex||spaceport designer, interior design",3655,0.37169504165649414,False,3655,False
8611231002,"spacex||quality specialist, precision machining (starlink) - level 4/5",3656,0.3715677857398987,False,3656,False
JR101953,nabancard|wd1|nab||client services representative,3657,0.3715546131134033,False,3658,False
5365051008,birgo||client services representative,3658,0.3715546131134033,False,3657,False
7774173003,"smxtech||unmanned surface vehicle (usv) craft maintainer / operator, maritime",3659,0.3713906407356262,False,3659,False
7523911,"mongodb||software engineer 3, atlas vector search",3660,0.37136465311050415,False,3660,False
8632422002,spacex||starlink production technician,3661,0.3712846636772156,False,3662,False
8596733002,spacex||starlink production technician,3662,0.3712846636772156,False,3661,False
8553654002,spacex||ropes access technician,3663,0.3712569773197174,False,3663,False
4595203006,accenturefederalservices||cyber access planner,3664,0.3711177706718445,False,3664,False
8594523002,spacex||comsec analyst,3665,0.37103551626205444,False,3665,False
8578097002,spacex||candidate specialist,3666,0.3710330128669739,False,3666,False
4667642006,accenturefederalservices||it service management support,3667,0.3708733916282654,False,3667,False
8550962002,spacex||integration & test specialist (bus & payload sub-assemblies) - 2nd shift,3668,0.37079358100891113,False,3668,False
5287820008,apexcompanies||water / wastewater operator (field services & treatment systems) - part-time,3669,0.37073057889938354,False,3669,False
8619339002,workato||inbound sales development representative,3670,0.370715856552124,False,3670,False
8641622002,veterinarypracticepartners||licensed veterinary technician,3671,0.37048688530921936,False,3671,False
8638628002,"spacex||sourcing specialist, mechanical commodities",3672,0.37036049365997314,False,3672,False
4698541006,"newsbreak||executive assistant, people",3673,0.37033727765083313,False,3673,False
R-280888,mastercard|wd1|corporatecareers||executive assistant,3674,0.3702981472015381,False,3676,False
5361609008,renpsg||executive assistant,3675,0.3702981472015381,False,3675,False
5178492007,andurilindustries||executive assistant,3676,0.3702981472015381,False,3674,False
5187483007,"andurilindustries||head of mission readiness, connected warfare",3677,0.3702499270439148,False,3677,False
7600045,flatironhealth||compliance risk specialist,3678,0.3702428936958313,False,3678,False
4658599006,accenturefederalservices||sap materials management (mm) consultant,3679,0.37010860443115234,False,3680,False
4622897006,accenturefederalservices||sap materials management (mm) consultant,3680,0.37010860443115234,False,3679,False
6103250004,redwoodmaterials||it support specialist,3681,0.3700997829437256,False,3681,False
8526975002,spacex||launch reliability engineer,3682,0.37005752325057983,False,3682,False
5170837007,"scoutmotors||technical specialist, conformity of product",3683,0.3699013590812683,False,3683,False
R21724,pitneybowes|wd1|pbcareers||field service technician,3684,0.3698433041572571,False,3684,False
8355157002,allcareers||behavior technician,3685,0.3697999119758606,False,3685,False
7758863003,prizepicks||partnerships coordinator,3686,0.36966612935066223,False,3686,False
8514969002,spacex||support technician (starship) - temporary,3687,0.3696146309375763,False,3687,False
5815357004,"vercel||vercel development representative, startups",3688,0.3695846199989319,False,3688,False
8622390002,spacex||thermal hardware engineer,3689,0.36957353353500366,False,3689,False
4170052009,li-thermal-works||field service technician,3690,0.36955010890960693,False,3690,False
R72260,medtronic|wd1|medtroniccareers||chemist i,3691,0.3695482015609741,False,3691,False
4017276006,"astranis||guidance, navigation & control (gnc) simulation software engineer",3692,0.3694995939731598,False,3692,False
4696640006,sharkninjaoperatingllc||associate product developer - shark haircare,3693,0.3694923520088196,False,3693,False
8642151002,allcareers||licensed behavior analyst -be part of our founding team!,3694,0.3694205582141876,False,3694,False
5201726008,"block||software engineer, cash app - lending products",3695,0.36938923597335815,False,3696,False
5196173008,"block||software engineer, cash app - lending products",3696,0.36938923597335815,False,3695,False
8632107002,spacex||security officer 3,3697,0.36919498443603516,False,3702,False
8600112002,spacex||security officer 3,3698,0.36919498443603516,False,3701,False
8600107002,spacex||security officer 3,3699,0.36919498443603516,False,3700,False
8600093002,spacex||security officer 3,3700,0.36919498443603516,False,3699,False
8600089002,spacex||security officer 3,3701,0.36919498443603516,False,3698,False
8600048002,spacex||security officer 3,3702,0.36919498443603516,False,3697,False
8581359002,spacex||propulsion technician (starship) - 2nd shift,3703,0.3691447675228119,False,3703,False
4691250006,accenturefederalservices||a&a specialist,3704,0.3691416382789612,False,3704,False
8483510002,"spacex||cnc maintenance technician, level 4/5 (starship) - 2nd shift",3705,0.36913955211639404,False,3705,False
8075268,guidepostmontessori||assistant teacher,3706,0.3691387474536896,False,3706,False
8077432,guidepostmontessori||assistant teacher,3707,0.3691387176513672,False,3709,False
8077260,guidepostmontessori||assistant teacher,3708,0.3691387176513672,False,3708,False
8077234,guidepostmontessori||assistant teacher,3709,0.3691387176513672,False,3707,False
8076834,formlabs||order management specialist,3710,0.36892884969711304,False,3710,False
R0021762,"ascensushr|wd1|ascensuscareers||associate financial analyst, 529 back office - india",3711,0.3688581585884094,False,3711,False
4675089006,accenturefederalservices||oracle epm consultant,3712,0.3685958683490753,False,3712,False
8405092002,"spacex||microelectronics technician, starlink",3713,0.36853688955307007,False,3713,False
5362830008,csciconsulting||pmo support analyst,3714,0.36846449971199036,False,3714,False
R-180112,republic|wd5|republic||chemical processing operator i,3715,0.3684430718421936,False,3715,False
5190659007,scoutmotors||lineside specialist,3716,0.3684176206588745,False,3717,False
5190657007,scoutmotors||lineside specialist,3717,0.3684176206588745,False,3716,False
8395307002,"spacex||software engineer, power systems controls",3718,0.36834943294525146,False,3718,False
4679080006,"astranis||assembly, integration, and test intern fall 2026",3719,0.3682899475097656,False,3719,False
8294804002,"spacex||welding technical trainer, gtaw",3720,0.36827990412712097,False,3720,False
8627145002,sponsorsforeducationalopportunity||10-11th grade math instructor,3721,0.36827552318573,False,3722,False
8627043002,sponsorsforeducationalopportunity||10-11th grade math instructor,3722,0.36827552318573,False,3721,False
5050657007,xai||security engineer - azure government,3723,0.36822086572647095,False,3723,False
JR00040947,abb|wd3|external_career_page||sales specialist - plc & automation,3724,0.3681419789791107,False,3724,False
7806069003,cookunity||marketplace supervisor,3725,0.36793071031570435,False,3725,False
8036801,greenthumbindustries||personal care specialist,3726,0.36789292097091675,False,3726,False
7967027,onemedical||phlebotomist / administrative assistant - el segundo,3727,0.36776798963546753,False,3727,False
8244341002,gotion||chief engineer - battery systems,3728,0.3676023781299591,False,3728,False
4713910005,springfertility||people team specialist,3729,0.36758536100387573,False,3729,False
8409072002,spacex||cnc maintenance technician (starship components) - 2nd shift,3730,0.3673853278160095,False,3730,False
8484033002,spacex||starlink production technician - twta,3731,0.3673679232597351,False,3731,False
5186602007,andurilindustries||motor controls engineer,3732,0.36728569865226746,False,3732,False
8523833002,spacex||tig welder (starship components) - 2nd shift,3733,0.3672003149986267,False,3733,False
RQ111749,bpinternational|wd3|bpcareers||customer quality advisor - castrol,3734,0.3671966791152954,False,3734,False
5181872007,"andurilindustries||trainer, undersea reconnaissance and strike",3735,0.36703431606292725,False,3735,False
8420343002,"spacex||advanced packaging process engineer, silicon technology",3736,0.36695748567581177,False,3736,False
5990017004,lucidsoftware||workplace experience specialist - part-time,3737,0.3669038414955139,False,3737,False
5365552008,spsnorthamerica||facilities associate,3738,0.3668997883796692,False,3738,False
5160776007,"scoutmotors||engineer, steering system e/e and sw",3739,0.36688607931137085,False,3739,False
5309632008,apexcompanies||industrial hygienist - scientist ii,3740,0.36676880717277527,False,3740,False
4b169a40-3c13-4866-b3bf-64e0635c3b83,absorblms||zuora system specialist,3741,0.36624324321746826,False,3741,False
8437223002,cannondesign||mechanical iii,3742,0.36614030599594116,False,3743,False
8113847002,cannondesign||mechanical iii,3743,0.36614030599594116,False,3742,False
8561565002,workato||outbound sales development representative,3744,0.3661231994628906,False,3744,False
R26_03755,regalrexnord|wd1|careers||maintenance technician 1st shift,3745,0.3661039471626282,False,3745,False
5183230007,urpt||physical therapy technician,3746,0.36603695154190063,False,3748,False
5173954007,urpt||physical therapy technician,3747,0.36603695154190063,False,3747,False
5172966007,urpt||physical therapy technician,3748,0.36603695154190063,False,3746,False
8597371002,"relativity||integration technician ii, subassemblies, first shift",3749,0.3659989833831787,False,3749,False
8579766002,spacex||edm programmer,3750,0.36589276790618896,False,3750,False
REQ-1000050799,sbdinc|wd1|stanley_black_decker_career_site||general fabricator,3751,0.365831583738327,False,3751,False
4925830007,xai||space science tutor,3752,0.36570975184440613,False,3752,False
8624536002,faire||head of creative,3753,0.3657018542289734,False,3753,False
8627375002,spacex||environmental health & safety specialist,3754,0.3655713200569153,False,3754,False
7311204,mongodb||enterprise sales development representative,3755,0.36540916562080383,False,3755,False
8468781002,gotion||hr coordinator,3756,0.36531496047973633,False,3757,False
5189279007,xai||hr coordinator,3757,0.36531496047973633,False,3756,False
8073695,airbnb||technical recruiter,3758,0.365231990814209,False,3758,False
bdc0d76c-467d-4c5d-9a07-79ee09156e46,ignite-reading||general interest application,3759,0.3652140200138092,False,3759,False
8223278002,"spacex||supervisor, welding",3760,0.3650742471218109,False,3760,False
8342601002,spacex||quality specialist,3761,0.36504513025283813,False,3761,False
JR0000109060,ivytech|wd1|ivy_tech_careers||hospitality customer service representative,3762,0.36493080854415894,False,3762,False
8516545002,spacex||weld support technician,3763,0.36491796374320984,False,3763,False
7528402003,parsebiosciences||general application for future consideration,3764,0.36485180258750916,False,3764,False
4674778006,accenturefederalservices||compliance/audit specialist,3765,0.36472976207733154,False,3765,False
5248433008,"just-global||supervisor, omnichannel",3766,0.36467790603637695,False,3766,False
8627510002,"spacex||december 2026 new graduate engineer, propulsion",3767,0.3645956516265869,False,3767,False
4601051006,sharkninjaoperatingllc||industrial design opportunities at sharkninja,3768,0.3644670844078064,False,3768,False
4614659006,accenturefederalservices||sap production planning and controlling consultant,3769,0.3644481599330902,False,3769,False
8545923002,spacex||rfic engineer,3770,0.36444157361984253,False,3770,False
R-10399148,fiserv|wd5|ext||supervisor,3771,0.3644150495529175,False,3774,False
R-10399142,fiserv|wd5|ext||supervisor,3772,0.3644150495529175,False,3773,False
R-10399133,fiserv|wd5|ext||supervisor,3773,0.3644150495529175,False,3772,False
R-10399024,fiserv|wd5|ext||supervisor,3774,0.3644150495529175,False,3771,False
7796113003,godaddy||executive admin,3775,0.3644065856933594,False,3775,False
8634179002,suvoda||associate global study coordinator,3776,0.3643689751625061,False,3776,False
R26-5068,rockwellautomation|wd1|external_rockwell_automation||maintenance technician - 2nd shift,3777,0.3643684387207031,False,3778,False
8628908002,spacex||maintenance technician - 2nd shift,3778,0.3643684387207031,False,3777,False
JR040877,ms|wd5|external||client relationship analyst,3779,0.364229291677475,False,3781,False
JR040093,ms|wd5|private||client relationship analyst,3780,0.364229291677475,False,3780,False
JR037668,ms|wd5|external||client relationship analyst,3781,0.364229291677475,False,3779,False
8449948002,spacex||crane operator,3782,0.36421918869018555,False,3782,False
6316688003,cookunity||food safety specialist,3783,0.36421626806259155,False,3783,False
5171293007,"atwellgroup||land solutions, right of way acquisition specialist – washington state",3784,0.3641399145126343,False,3784,False
8601722002,spacex||gnc engineer,3785,0.36411866545677185,False,3786,False
8395053002,spacex||gnc engineer,3786,0.36411866545677185,False,3785,False
8055141,latitude||triage associate i,3787,0.36409762501716614,False,3787,False
8075072,"madisonreedcolorbar||colorist, licensed cosmetologist",3788,0.364082932472229,False,3788,False
5152760007,veracyte||sustaining lab intern,3789,0.3638409674167633,False,3789,False
8567600002,spacex||cleanroom technician - microelectronics,3790,0.36382389068603516,False,3790,False
8569951002,cannondesign||mechanical assessor iii,3791,0.36378175020217896,False,3792,False
8433665002,cannondesign||mechanical assessor iii,3792,0.36378175020217896,False,3791,False
5166809007,"andurilindustries||oxy-fuel/plasma cutting technician, maritime",3793,0.3637240529060364,False,3793,False
8075956,carvana||mid-level automotive parts associate,3794,0.36358803510665894,False,3794,False
4313204009,headlandsresearch||laboratory coordinator / phlebotomist,3795,0.36352938413619995,False,3795,False
8297135002,gotion||process engineer - cell line,3796,0.36351364850997925,False,3796,False
8075202,guidepostmontessori||teacher assistant,3797,0.363442063331604,False,3797,False
8642197002,cortica||aba supervisor,3798,0.3633742928504944,False,3798,False
8077236,carvana||entry-level automotive detailer / lot attendant post production,3799,0.3633607029914856,False,3799,False
5971810004,"vailclinicincdbavailhealthhospital||advanced practice practitioner, internal medicine",3800,0.3633052110671997,False,3800,False
8417766002,spacex||edm machinist,3801,0.36325711011886597,False,3801,False
7767207003,olympusproperty||maintenance technician - olympus fenwick,3802,0.3632086515426636,False,3802,False
8614571002,"spacex||machine maintenance technician, pcb",3803,0.3630366921424866,False,3803,False
5789855004,monks||unisys os 2200 infrastructure support specialist,3804,0.3629941940307617,False,3804,False
8027105,zuora||customer solution engineer - ai native/consumption quote to cash,3805,0.3628727197647095,False,3806,False
7770757,zuora||customer solution engineer - ai native/consumption quote to cash,3806,0.3628727197647095,False,3805,False
8075640,carvana||experienced auto body repair technician,3807,0.362812876701355,False,3807,False
4232738009,valaratomics||fuel plant process technician,3808,0.3627990484237671,False,3808,False
559,premierservice||landscape laborer,3809,0.3627958595752716,False,3809,False
8393771002,"spacex||thermal development technician, robotic welding (starship) - level 4/5",3810,0.3627738356590271,False,3810,False
8627035002,sponsorsforeducationalopportunity||10th-11th grade math associate instructor,3811,0.3627607822418213,False,3811,False
8344352002,spacex||welder (starship) – temporary,3812,0.36267369985580444,False,3812,False
R4043832,gehc|wd5|gehc_externalsite||biomed technician ii,3813,0.36264580488204956,False,3813,False
8569901002,cannondesign||mechanical assessor ii,3814,0.36254316568374634,False,3815,False
8433636002,cannondesign||mechanical assessor ii,3815,0.36254316568374634,False,3814,False
5189480007,neda||medical assistant,3816,0.3624904751777649,False,3817,False
5189479007,phynetdermatology||medical assistant,3817,0.3624904751777649,False,3816,False
8418770002,spacex||test specialist,3818,0.36238351464271545,False,3818,False
6121622004,pathward||intern,3819,0.36232101917266846,False,3819,False
4716378005,goldenhippo||email automation intern,3820,0.36220961809158325,False,3820,False
7951682,ripple||learning community specialist,3821,0.3621823489665985,False,3821,False
5157876007,communitymanager||leasing specialist,3822,0.3621522784233093,False,3831,False
5142681007,communitymanager||leasing specialist,3823,0.3621522784233093,False,3830,False
5137597007,communitymanager||leasing specialist,3824,0.3621522784233093,False,3829,False
5137298007,communitymanager||leasing specialist,3825,0.3621522784233093,False,3828,False
5118457007,communitymanager||leasing specialist,3826,0.3621522784233093,False,3827,False
5117328007,communitymanager||leasing specialist,3827,0.3621522784233093,False,3826,False
5101887007,communitymanager||leasing specialist,3828,0.3621522784233093,False,3825,False
5099826007,communitymanager||leasing specialist,3829,0.3621522784233093,False,3824,False
5099820007,communitymanager||leasing specialist,3830,0.3621522784233093,False,3823,False
5093545007,communitymanager||leasing specialist,3831,0.3621522784233093,False,3822,False
R0137152,hitachi|wd1|hitachi||oss support specialist,3832,0.36209994554519653,False,3832,False
8594822002,"spacex||nde level ii inspector, certified welding inspector (starship mechanisms) - 1st shift",3833,0.3620716631412506,False,3833,False
8643157002,cortica||counselor,3834,0.36202701926231384,False,3834,False
8048744,onemedical||flex phlebotomist / administrative assistant,3835,0.3618561029434204,False,3835,False
5177404007,zscaler||threat response engineer (tre) - day shift,3836,0.3618320822715759,False,3836,False
R-10399143,fiserv|wd5|ext||shared services analyst,3837,0.3617613613605499,False,3837,False
8605171002,spacex||supplier quality specialist,3838,0.36167651414871216,False,3838,False
8559862002,gotion||recruiting coordinator,3839,0.3616448938846588,False,3839,False
7913850,relaypro||recruiting coordinator,3840,0.3616448640823364,False,3842,False
5135090007,xai||recruiting coordinator,3841,0.3616448640823364,False,3841,False
5058962008,flip||recruiting coordinator,3842,0.3616448640823364,False,3840,False
5364765008,cpgroup||corporate accountant,3843,0.3616364598274231,False,3843,False
8565833002,spacex||tig welder,3844,0.36159420013427734,False,3845,False
8392605002,spacex||tig welder,3845,0.36159420013427734,False,3844,False
4672263006,accenturefederalservices||pega developer,3846,0.36145949363708496,False,3846,False
4694883006,astranis||radiation effects associate engineer,3847,0.3613568842411041,False,3847,False
5166120007,eikontherapeutics||total rewards analyst,3848,0.36127036809921265,False,3848,False
8633279002,"spacex||regulatory analyst, starlink",3849,0.36125123500823975,False,3850,False
8633271002,"spacex||regulatory analyst, starlink",3850,0.36125123500823975,False,3849,False
8608298002,axogen||material control technician- 2nd shift,3851,0.36124181747436523,False,3851,False
8607020002,spacex||technical recruiter,3852,0.361239492893219,False,3852,False
8060207,latitude||mission operator,3853,0.3612215518951416,False,3853,False
8635749002,cannondesign||lighting designer iii,3854,0.36121147871017456,False,3854,False
4322651009,comstock||security officer,3855,0.3611454367637634,False,3855,False
5188956007,"scoutmotors||product owner, integrated business planning",3856,0.3611445128917694,False,3856,False
8545793002,"spacex||automation & controls engineer, solar cell factory",3857,0.3608821630477905,False,3857,False
6114500004,"altoslabs||scientist, in vivo biology",3858,0.3607063293457031,False,3858,False
5191082007,elitedentalpartnersllc||dental assistant,3859,0.3604450821876526,False,3890,False
4698444006,specialty1||dental assistant,3860,0.3604450821876526,False,3889,False
4698107006,specialty1||dental assistant,3861,0.3604450821876526,False,3888,False
4698104006,specialty1||dental assistant,3862,0.3604450821876526,False,3887,False
4698098006,specialty1||dental assistant,3863,0.3604450821876526,False,3886,False
4696657006,specialty1||dental assistant,3864,0.3604450821876526,False,3885,False
4696525006,specialty1||dental assistant,3865,0.3604450821876526,False,3884,False
4695677006,specialty1||dental assistant,3866,0.3604450821876526,False,3883,False
4695205006,specialty1||dental assistant,3867,0.3604450821876526,False,3882,False
4691506006,specialty1||dental assistant,3868,0.3604450821876526,False,3881,False
4691336006,specialty1||dental assistant,3869,0.3604450821876526,False,3880,False
4691330006,specialty1||dental assistant,3870,0.3604450821876526,False,3879,False
4690291006,specialty1||dental assistant,3871,0.3604450821876526,False,3878,False
4690275006,specialty1||dental assistant,3872,0.3604450821876526,False,3877,False
4689810006,specialty1||dental assistant,3873,0.3604450821876526,False,3876,False
4686244006,specialty1||dental assistant,3874,0.3604450821876526,False,3875,False
4680808006,specialty1||dental assistant,3875,0.3604450821876526,False,3874,False
4677791006,specialty1||dental assistant,3876,0.3604450821876526,False,3873,False
4676749006,specialty1||dental assistant,3877,0.3604450821876526,False,3872,False
4674213006,specialty1||dental assistant,3878,0.3604450821876526,False,3871,False
4672846006,specialty1||dental assistant,3879,0.3604450821876526,False,3870,False
4672820006,specialty1||dental assistant,3880,0.3604450821876526,False,3869,False
4670953006,specialty1||dental assistant,3881,0.3604450821876526,False,3868,False
4669823006,specialty1||dental assistant,3882,0.3604450821876526,False,3867,False
4665458006,specialty1||dental assistant,3883,0.3604450821876526,False,3866,False
4662567006,specialty1||dental assistant,3884,0.3604450821876526,False,3865,False
4659000006,specialty1||dental assistant,3885,0.3604450821876526,False,3864,False
4658581006,specialty1||dental assistant,3886,0.3604450821876526,False,3863,False
4654821006,specialty1||dental assistant,3887,0.3604450821876526,False,3862,False
4650357006,specialty1||dental assistant,3888,0.3604450821876526,False,3861,False
4645935006,specialty1||dental assistant,3889,0.3604450821876526,False,3860,False
4645728006,specialty1||dental assistant,3890,0.3604450821876526,False,3859,False
8069979,equipmentsharecom||shop technician,3891,0.36044323444366455,False,3891,False
5999789004,pathward||financial crimes quality assurance analyst,3892,0.3602263629436493,False,3892,False
8624124002,gotion||firefighter i,3893,0.36020416021347046,False,3893,False
5179553007,"shapercapital||founding engineer, beamrail",3894,0.3601886034011841,False,3894,False
4595130006,accenturefederalservices||cyber joint operations planner,3895,0.3601109981536865,False,3895,False
4284497009,vianttechnology||advertising operations coordinator,3896,0.36009126901626587,False,3896,False
8555061002,"spacex||structural engineer, structural test",3897,0.3600223660469055,False,3897,False
R18740,worldacceptance|wd12|world_finance||financial services representative,3898,0.3599296510219574,False,3899,False
R18737,worldacceptance|wd12|world_finance||financial services representative,3899,0.3599296510219574,False,3898,False
5365480008,unlimitedtechnology||sales executive,3900,0.3599269986152649,False,3900,False
5130554007,"scoutmotors||engineer, battery structures",3901,0.3597955107688904,False,3901,False
8056709,oscar||case management rn,3902,0.35977450013160706,False,3902,False
5083124007,atwellgroup||temporary archaeology field technician,3903,0.3597234785556793,False,3903,False
R013683,sailpoint|wd1|sailpoint||quality management system,3904,0.3596309423446655,False,3904,False
5081383007,"andurilindustries||product operations associate, tier 1",3905,0.35961204767227173,False,3905,False
6008159004,"treelinebiosciences||vice president, head of quality assurance",3906,0.3595840036869049,False,3906,False
8641203002,allcareers||speech language pathologist,3907,0.3595758080482483,False,3909,False
8641190002,cortica||speech language pathologist,3908,0.3595758080482483,False,3908,False
8577025002,cortica||speech language pathologist,3909,0.3595758080482483,False,3907,False
4658637006,sharkninjaoperatingllc||mechanical engineer ii - corded/cordless products,3910,0.3594083786010742,False,3910,False
8589257002,spacex||starlink production technician - entry level,3911,0.35936978459358215,False,3911,False
5170130007,"scoutmotors||specialist, customs",3912,0.3593495488166809,False,3912,False
5135044007,"scoutmotors||specialist, container management",3913,0.35928237438201904,False,3913,False
5993002004,"sidecarhealth||operations training specialist, member care",3914,0.35918015241622925,False,3914,False
6119837004,authenticbrandsgroup||temporary it support specialist,3915,0.3591599762439728,False,3915,False
8592681002,centriaautism||clinical recruiter,3916,0.3591352701187134,False,3916,False
7799425003,smxtech||intelligence exercise and engagement planner,3917,0.359039306640625,False,3917,False
8627075002,sponsorsforeducationalopportunity||10-11th grade math associate instructor,3918,0.3589900732040405,False,3919,False
8626802002,sponsorsforeducationalopportunity||10-11th grade math associate instructor,3919,0.3589900732040405,False,3918,False
5365771008,spsnorthamerica||receptionist,3920,0.3589121699333191,False,3924,False
5364632008,wecommunications||receptionist,3921,0.3589121699333191,False,3923,False
5362964008,spsnorthamerica||receptionist,3922,0.3589121699333191,False,3922,False
5357870008,spsnorthamerica||receptionist,3923,0.3589121699333191,False,3921,False
5349550008,spsnorthamerica||receptionist,3924,0.3589121699333191,False,3920,False
7810204003,olympusproperty||maintenance technician - montair at somerset hill,3925,0.3588862717151642,False,3925,False
7980606,mongodb||payroll tax analyst,3926,0.35887420177459717,False,3926,False
5344003008,inspiraeducation||law school admissions consultant,3927,0.3588157594203949,False,3927,False
8077178,carolinatitleloansinc||sales representative,3928,0.3587436079978943,False,3928,False
R5046239,gevernova|wd5|only_confidential_executive_recruiting||ser - site supervisor,3929,0.35874074697494507,False,3929,False
30205943,carrier|wd5|jobs||journeyman - hvac data center chiller technician waco/austin/dallas - union,3930,0.35854265093803406,False,3930,False
6119950004,freshprints||commercial insurance specialist,3931,0.35853272676467896,False,3931,False
451d78a1-6cba-4c40-9afc-d50322e5f8f9,hirehangar||growth & marketing associate,3932,0.3582608997821808,False,3932,False
8563038002,spacex||construction superintendent,3933,0.3580179512500763,False,3935,False
8505377002,spacex||construction superintendent,3934,0.3580179512500763,False,3934,False
7782560003,neuralink||construction superintendent,3935,0.3580179512500763,False,3933,False
8561494002,"spacex||manufacturing engineer, optical fiber",3936,0.3579893112182617,False,3937,False
8546036002,"spacex||manufacturing engineer, optical fiber",3937,0.3579893112182617,False,3936,False
4646658006,instawork||inventory intern,3938,0.3579751253128052,False,3938,False
7804592003,compasshealthcenter||mental health professional,3939,0.3579733371734619,False,3939,False
5825151004,vailclinicincdbavailhealthhospital||mammography tech,3940,0.35794055461883545,False,3940,False
8549216002,"spacex||pcb designer, avionics",3941,0.35779255628585815,False,3941,False
8565008002,relativity||shipping & receiving specialist i,3942,0.3577803373336792,False,3942,False
5048076007,"andurilindustries||technical writer, ghost",3943,0.35777056217193604,False,3943,False
8506288002,gotion||supply chain intern,3944,0.3577606678009033,False,3944,False
5713075004,monks||chief creative officer,3945,0.35759595036506653,False,3945,False
7806422003,doitintl||corporate fp&a analyst,3946,0.3575371503829956,False,3946,False
8055486,zuora||total rewards analyst,3947,0.3574998676776886,False,3947,False
4710192005,lisc||program officer (po) – wealth building and workforce development,3948,0.3574712872505188,False,3948,False
6119734004,five9||junior graphic designer,3949,0.3574594557285309,False,3949,False
6121064004,"pacvue||business development representative, emea",3950,0.3574446439743042,False,3950,False
7810247003,flyzipline||electrical pcb layout engineer,3951,0.35731688141822815,False,3951,False
5141581007,"scoutmotors||specialist, sap plant maintenance",3952,0.3573145866394043,False,3952,False
5192290007,"andurilindustries||precision metal fabricator/plate rolling operator, maritime",3953,0.357090026140213,False,3953,False
8573281002,spacex||kubernetes platform infrastructure engineer,3954,0.35708412528038025,False,3954,False
7686448003,cookunity||sustainability associate,3955,0.35708314180374146,False,3955,False
7746841003,smxtech||leia sfi mission planners,3956,0.3569223880767822,False,3956,False
8613825002,"spacex||thermal mechanical test engineer, silicon packaging",3957,0.3568366765975952,False,3957,False
4677338006,astranis||fpga intern,3958,0.356747031211853,False,3958,False
4821683007,"xai||supervisor, facility operations",3959,0.3567240834236145,False,3959,False
4692873005,astspacemobile||technician i,3960,0.356611430644989,False,3960,False
5154234007,"andurilindustries||hpc systems engineer, modeling & simulation",3961,0.35649919509887695,False,3961,False
8053765,onemedical||phlebotomist / administrative assistant,3962,0.356487512588501,False,3962,False
JR-032375,centerstone|wd5|centerstonecareers||office professional ccbhc,3963,0.35639339685440063,False,3963,False
8627066002,sponsorsforeducationalopportunity||10-11th grade ela associate instructor,3964,0.3563305735588074,False,3967,False
8627015002,sponsorsforeducationalopportunity||10-11th grade ela associate instructor,3965,0.3563305735588074,False,3966,False
8626965002,sponsorsforeducationalopportunity||10-11th grade ela associate instructor,3966,0.3563305735588074,False,3965,False
8626775002,sponsorsforeducationalopportunity||10-11th grade ela associate instructor,3967,0.3563305735588074,False,3964,False
5190432007,imafinancialgroup||financial strategist,3968,0.3562510311603546,False,3968,False
R0016290,astreya|wd5|life-at-astreya-opportunities||it infrastructure installation services ii,3969,0.35622769594192505,False,3969,False
8397219002,"spacex||nde specialist, eddy current (starship) - level iii",3970,0.3561956286430359,False,3970,False
8526673002,"spacex||electrical on-orbit hardware reliability engineer, satellites",3971,0.35618695616722107,False,3971,False
4925878007,xai||applied math tutor,3972,0.35616546869277954,False,3972,False
8639486002,dialpad||partner marketing coordinator,3973,0.35610759258270264,False,3973,False
4654930006,sharkninjaoperatingllc||tiktok shop media specialist,3974,0.35606563091278076,False,3974,False
4695485006,sharkninjaoperatingllc||associate product developer - skincare,3975,0.35603055357933044,False,3975,False
7738964,"mongodb||contract sourcer, talent discovery",3976,0.3558446168899536,False,3976,False
7895913,latitude||integration & test engineer ii - system test strategy & execution,3977,0.3557659387588501,False,3977,False
7783938003,cookunity||b2b - customer support specialist,3978,0.35575634241104126,False,3978,False
4678829006,"sharkninjaoperatingllc||financial analyst, global opex",3979,0.3557465076446533,False,3979,False
4313877009,kikoff||customer support escalations specialist,3980,0.3557063341140747,False,3980,False
R606936,circlek|wd3|circlekstorejobs||customer service representative,3981,0.3555999994277954,False,3984,False
4709899005,rebuildmanufacturing||customer service representative,3982,0.3555999994277954,False,3983,False
4326898009,lumimeds||customer service representative,3983,0.3555999994277954,False,3982,False
4295479009,lakefieldveterinarygroup||customer service representative,3984,0.3555999994277954,False,3981,False
5041977007,xai||exceptional designer,3985,0.3555683493614197,False,3985,False
6413393,urbancompass||new development on-site leasing licensed administrator,3986,0.3555485010147095,False,3986,False
7049541002,gotion||battery simulation engineer,3987,0.35542768239974976,False,3987,False
6111846004,vailclinicincdbavailhealthhospital||endocrinologist,3988,0.3549691438674927,False,3988,False
"Otis Elevator Co India Ltd. SAKAR – IX, Sixth Floor Unit Nos. 617 & 618, Beside Old Reserve Bank Of India, Near City Gold, Ashram Road, Ahmedabad 380 009, Gujarat-India",otis|wd5|rec_ext_gateway||executive field service,3989,0.3549560606479645,False,3989,False
5173951007,foundationriskpartners||benefits administration analyst,3990,0.3548840880393982,False,3990,False
JR-045005,revvity|wd103|external||digital commerce resolution specialist,3991,0.35479170083999634,False,3991,False
5048073007,"andurilindustries||technical writer, warfighter systems",3992,0.3547350764274597,False,3992,False
5361400008,magnolia||warehouse - warehouse associate,3993,0.35462963581085205,False,3993,False
4515001008,fiveringsllc||experienced/lateral - compliance analyst,3994,0.35458624362945557,False,3994,False
8570074002,"spacex||development process technician, injection molding (starlink) - level 4/5",3995,0.35452932119369507,False,3995,False
8436445002,spacex||elevator mechanic - level 4/5,3996,0.35451459884643555,False,3996,False
5016446008,res||water resources engineer iii - ecological restoration,3997,0.3544914722442627,False,3997,False
7790654003,paystand||marketing programs intern,3998,0.3544618487358093,False,3998,False
4694727006,accenturefederalservices||sap fscm consultant,3999,0.3543926179409027,False,3999,False
8623675002,"spacex||launch pad engineer, fluid systems",4000,0.3543849587440491,False,4000,False
8566155002,centriaautism||intake specialist,4001,0.35435783863067627,False,4001,False
7811715003,flyzipline||field tech | hou,4002,0.3541884422302246,False,4002,False
8075730,carvana||automotive technician - post production- (2nd shift) monday - thursday - diff + $6k bonus,4003,0.3541244566440582,False,4003,False
8548138002,gotion||hr business partner/employee relations specialist,4004,0.35404837131500244,False,4004,False
8622650002,spacex||welding trainee (starship) – temporary,4005,0.353976845741272,False,4005,False
5364589008,"siliconranch||associate legal counsel, real estate and project development",4006,0.353951632976532,False,4006,False
8622804002,sponsorsforeducationalopportunity||12th grade scholar advisor,4007,0.3539336323738098,False,4007,False
8597377002,"relativity||integration technician ii, subassemblies, second shift",4008,0.3539241552352905,False,4008,False
7603703,onemedical||phlebotomist / administrative assistant - west hollywood,4009,0.3538009226322174,False,4009,False
8623621002,spacex||internal fleet driver,4010,0.35378801822662354,False,4010,False
5160784007,"scoutmotors||engineer, ride comfort objectivation & simulation",4011,0.35367119312286377,False,4011,False
8544590002,spacex||insider threat analyst,4012,0.3536289930343628,False,4012,False
WD30272873,"jci|wd5|jci||welder, 2nd shift",4013,0.3534724712371826,False,4013,False
6017548004,vailclinicincdbavailhealthhospital||dexa tech - part time,4014,0.35334038734436035,False,4014,False
8525199002,"relativity||supervisor, tank fabrication, second shift",4015,0.3530556261539459,False,4015,False
4136307009,li-thermal-works||field service technician,4016,0.3530038595199585,False,4016,False
8641891002,financialtechnologypartners||equity research associate – fintech,4017,0.35297057032585144,False,4017,False
5830856004,vailclinicincdbavailhealthhospital||clinical trainer,4018,0.3527038097381592,False,4018,False
4976038007,"andurilindustries||head of integrated logistics support, autonomous airpower",4019,0.35258951783180237,False,4019,False
4248868009,valaratomics||construction quality supervisor,4020,0.35255372524261475,False,4020,False
8240312002,gotion||bms application engineer – battery systems,4021,0.35234513878822327,False,4021,False
4698272006,sagesure||special investigator ii,4022,0.35224372148513794,False,4022,False
5158742007,"andurilindustries||head of mission readiness, autonomous airpower",4023,0.3522414565086365,False,4023,False
7796320003,cookunity||sustainability operator - la,4024,0.3521807789802551,False,4024,False
7905197,urbancompass||wpo & facilities coordinator,4025,0.3520609438419342,False,4031,False
7905196,urbancompass||wpo & facilities coordinator,4026,0.3520609438419342,False,4030,False
7905192,urbancompass||wpo & facilities coordinator,4027,0.3520609438419342,False,4029,False
7905190,urbancompass||wpo & facilities coordinator,4028,0.3520609438419342,False,4028,False
7905184,urbancompass||wpo & facilities coordinator,4029,0.3520609438419342,False,4027,False
7905183,urbancompass||wpo & facilities coordinator,4030,0.3520609438419342,False,4026,False
7895968,urbancompass||wpo & facilities coordinator,4031,0.3520609438419342,False,4025,False
4698673006,everway||sales development representative,4032,0.3519529700279236,False,4032,False
7738507003,cookunity||warehouse team member,4033,0.35192713141441345,False,4034,False
7504457003,cookunity||warehouse team member,4034,0.35192713141441345,False,4033,False
4681811006,accenturefederalservices||supply chain modeling & analytics consultant,4035,0.3518882393836975,False,4035,False
8070187,hydritechemicalco||supply chain coordinator,4036,0.35181403160095215,False,4036,False
8488324002,"spacex||battery test engineer, satellites",4037,0.35180774331092834,False,4037,False
5124401007,veracyte||pre-analytical supervisor,4038,0.351804256439209,False,4038,False
8509075002,spacex||cnc programmer (starship components) - level 4/5,4039,0.35177284479141235,False,4039,False
4696249006,"vast||manufacturing coordinator, integration",4040,0.3517698645591736,False,4040,False
4146102009,li-thermal-works||field service technician,4041,0.3517279028892517,False,4041,False
5232007008,block||business development rep associate,4042,0.3516949415206909,False,4048,False
5232006008,block||business development rep associate,4043,0.3516949415206909,False,4047,False
5232005008,block||business development rep associate,4044,0.3516949415206909,False,4046,False
5232002008,block||business development rep associate,4045,0.3516949415206909,False,4045,False
5232001008,block||business development rep associate,4046,0.3516949415206909,False,4044,False
5232000008,block||business development rep associate,4047,0.3516949415206909,False,4043,False
5231999008,block||business development rep associate,4048,0.3516949415206909,False,4042,False
8553703002,spacex||hospitality specialist,4049,0.35158252716064453,False,4049,False
R-173413,"vwr|wd1|avantorjobs||head of bioprocessing, japan",4050,0.35146042704582214,False,4050,False
6026673004,"insider||correspondent, enterprise",4051,0.3514309227466583,False,4051,False
8609480002,spacex||tool & die specialist - level 4/5,4052,0.35141974687576294,False,4052,False
8074805,renttherunway||corporate securities counsel,4053,0.35133683681488037,False,4053,False
R-172576,vwr|wd1|avantorjobs||sales specialist - critical environment & safety,4054,0.35126447677612305,False,4054,False
4095316009,woolpert||civil engineer - bridge design,4055,0.35109061002731323,False,4055,False
5169966007,andurilindustries||buyer/planner,4056,0.35094907879829407,False,4056,False
R186843,maersk|wd3|maersk_careers||customer experience associate,4057,0.35093992948532104,False,4057,False
3161371,hp|wd5|exteu-ac-careersite||entry level embedded controller firmware developer,4058,0.3509106934070587,False,4058,False
8072224,onemedical||practice coordinator,4059,0.3508184850215912,False,4059,False
8563022002,spacex||bim specialist,4060,0.35062193870544434,False,4060,False
8610299002,cannondesign||project electrical iv - cyber security,4061,0.3505001366138458,False,4061,False
8476863002,gotion||spare parts specialist,4062,0.35044237971305847,False,4062,False
8623625002,"spacex||welder, starship launch pad",4063,0.3503631353378296,False,4063,False
JR37371,dyson|wd3|dyson_careers||dyson expert - swansea morfa curry's,4064,0.35034361481666565,False,4064,False
8642225002,allcareers||bcba supervisor,4065,0.3503413200378418,False,4065,False
JR48498,weis|wd108|careers||retail crime investigator,4066,0.350310742855072,False,4066,False
8226031002,gotion||mechanical engineer - battery systems,4067,0.350080281496048,False,4067,False
4695786006,acurussolutions||rcm trainer,4068,0.3491700291633606,False,4068,False
4623400006,accenturefederalservices||sap process integration (pi) developer,4069,0.34896209836006165,False,4069,False
4623123006,accenturefederalservices||sap analytics cloud developer,4070,0.3488941192626953,False,4070,False
8578872002,spacex||network engineer,4071,0.3485840857028961,False,4071,False
4691240006,accenturefederalservices||servicenow nuvolo integration engineer,4072,0.3484461307525635,False,4072,False
4601744006,accenturefederalservices||servicenow developer - hrsd,4073,0.3483179807662964,False,4073,False
8621995002,spacex||rf engineer,4074,0.3479710817337036,False,4074,False
5793676004,vailclinicincdbavailhealthhospital||retail pharmacy tech - prn,4075,0.3479148745536804,False,4075,False
5360932008,simpluris||disbursement analyst,4076,0.34751778841018677,False,4076,False
4676856006,accenturefederalservices||supply chain risk management specialist,4077,0.34679004549980164,False,4077,False
8520607002,"spacex||equipment reliability engineer, solar cells",4078,0.3467315435409546,False,4078,False
R-1185745,unilever|wd3|tmicc||sales developer - pontevedra,4079,0.34638676047325134,False,4079,False
5158418007,scoutmotors||failure resolution process specialist,4080,0.3459669351577759,False,4080,False
JR101055,zenithamerican|wd5|zas||benefits billing/operations analyst,4081,0.34574800729751587,False,4081,False
5158176007,"andurilindustries||warfighting systems analyst, maritime",4082,0.3454660177230835,False,4083,False
5157846007,"andurilindustries||warfighting systems analyst, maritime",4083,0.3454660177230835,False,4082,False
R29406,"crowdstrike|wd5|crowdstrikecareers||analyst i, falcon complete",4084,0.3452121615409851,False,4084,False
6100945004,lucidsoftware||reseller operations analyst ii,4085,0.34430980682373047,False,4086,False
6099767004,lucidsoftware||reseller operations analyst ii,4086,0.34430980682373047,False,4085,False
8527462002,spacex||integration engineer (starship) - night shift,4087,0.3442157506942749,False,4087,False
8469398002,"wpp||strategy & transformation analyst, crc",4088,0.3423573076725006,False,4088,False
8642146002,allcareers||board certified behavior analyst *$5k first year bonus*,4089,0.34216809272766113,False,4089,False
4697865005,"astspacemobile||technician 1 plm / micron (production, assembly, manufacturing) 4 different shifts available",4090,0.34209567308425903,False,4090,False
5185718007,veracyte||clinical lab scientist (contract) - 2nd shift,4091,0.3417620360851288,False,4091,False
7791656003,prizepicks||game operations analyst - trading optimization,4092,0.3414607644081116,False,4092,False
8586528002,spacex||electromagnetic effectstest engineer,4093,0.34134554862976074,False,4093,False
3e1c0b02-7e92-470a-95ae-f7aaf76bdf33,dandy||training enablement specialist,4094,0.34096795320510864,False,4094,False
8546761002,spacex||pcb reliability engineer,4095,0.340962290763855,False,4095,False
8641250002,spacex||business analyst,4096,0.34068945050239563,False,4097,False
8641231002,spacex||business analyst,4097,0.34068945050239563,False,4096,False
8075799,carvana||automotive detailer / lot attendant,4098,0.3405926823616028,False,4099,False
8075798,carvana||automotive detailer / lot attendant,4099,0.3405926823616028,False,4098,False
4694185006,pitchbookdata||go-to-market analyst,4100,0.34038668870925903,False,4100,False
5152339007,veracyte||clinical lab scientist (contract) - 1st shift,4101,0.339926540851593,False,4101,False
8542170002,"spacex||tax analyst, international",4102,0.33987826108932495,False,4102,False
7914965002,"gotion||controls engineer, cell line",4103,0.33910518884658813,False,4103,False
8616003002,optiverus||graduate equity analyst,4104,0.33879244327545166,False,4104,False
8612742002,spacex||mechanical engineer - satellite payload,4105,0.338365375995636,False,4105,False
8480418002,"spacex||rf/microwave engineer, satellites",4106,0.3381095230579376,False,4106,False
R26_00705,regalrexnord|wd1|careers||maintenance technician -2nd or 3rd shift,4107,0.33757880330085754,False,4107,False
8369864002,"spacex||tig welding trainer, gtaw",4108,0.3375290632247925,False,4108,False
5177384007,zscaler||threat response engineer (tre) - early shift,4109,0.3374871611595154,False,4109,False
4694865006,"sharkninjaoperatingllc||specialist, global campaigns",4110,0.3368806838989258,False,4110,False
8051321,lendingtree||paid social media buyer and analyst,4111,0.3361210227012634,False,4111,False
8642227002,allcareers||board certified behavior analyst,4112,0.33567869663238525,False,4112,False
5148046007,"scoutmotors||analyst, material & chemical conformity",4113,0.33557820320129395,False,4113,False
5181237007,"scoutmotors||analyst, process change and verification",4114,0.3353618085384369,False,4114,False
8526723002,suvoda||pricing & contracts analyst,4115,0.3352496027946472,False,4115,False
8445519002,"spacex||electrical test and reliability engineer, gateways",4116,0.3347647190093994,False,4116,False
8533941002,spacex||supply chain planner,4117,0.33444344997406006,False,4117,False
8473667002,spacex||supply chain planner,4118,0.33441248536109924,False,4118,False
8642055002,spacex||rfic layout designer,4119,0.33440232276916504,False,4121,False
8642052002,spacex||rfic layout designer,4120,0.33440232276916504,False,4120,False
8642048002,spacex||rfic layout designer,4121,0.33440232276916504,False,4119,False
R9184,onedigital|wd5|onedigital||claims and implementation specialist - remote,4122,0.33407145738601685,False,4122,False
R2613925,medline|wd5|medline||analyst prime vendor,4123,0.3339662551879883,False,4123,False
4697575006,accenturefederalservices||oracle hcm reporting/cloud developer,4124,0.33358240127563477,False,4124,False
5170993007,"andurilindustries||sip trainer, usasoc",4125,0.33348390460014343,False,4125,False
4347847007,tubescience52||analyst,4126,0.3330756425857544,False,4126,False
8550390002,"spacex||water treatment engineer, solar cell factory",4127,0.33243507146835327,False,4127,False
5202326008,greenpointtechnologies||aircraft inspector iii,4128,0.33239299058914185,False,4128,False
4681951006,accenturefederalservices||ms power apps developer,4129,0.3322337865829468,False,4130,False
4681930006,accenturefederalservices||ms power apps developer,4130,0.3322337865829468,False,4129,False
8428315002,spacex||nde inspector trainee (starship) - temporary,4131,0.3320884704589844,False,4131,False
8639546002,spacex||property tax analyst,4132,0.33187180757522583,False,4132,False
5112546007,ironmountainsolutions||independent verification and validation software analyst,4133,0.33154964447021484,False,4133,False
4683172006,firststepsforkids||board certified behavior analyst | bcba,4134,0.3304331302642822,False,4134,False
5184719007,"scoutmotors||design release engineer, secondary controller and sw release",4135,0.3303987681865692,False,4135,False
4678691006,accenturefederalservices||servicenow developer,4136,0.3301060199737549,False,4136,False
4693021006,accenturefederalservices||cloud engineer - terraform + gitlab,4137,0.3295416831970215,False,4137,False
R2026070096,tarkett|wd3|tsp_careers||repair i,4138,0.3287126123905182,False,4138,False
5776286004,boomilp||servicenow crm developer/administrator,4139,0.32869815826416016,False,4139,False
5971645004,"vailclinicincdbavailhealthhospital||radiology technologist - vail, colorado",4140,0.3280850648880005,False,4140,False
4695489006,sharkninjaoperatingllc||associate product developer- ninja motorized,4141,0.32795196771621704,False,4141,False
8641818002,"gotion||battery cell engineer, applications",4142,0.327724814414978,False,4143,False
8436343002,"gotion||battery cell engineer, applications",4143,0.327724814414978,False,4142,False
8627620002,spacex||industrial maintenance technician (starlink) - 2nd shift,4144,0.3275201916694641,False,4144,False
5181385007,"ians||head of enterprise gtm, mcp",4145,0.32689735293388367,False,4145,False
8346155002,"spacex||fluids systems engineer, solar cell factory",4146,0.32608047127723694,False,4146,False
4675065006,accenturefederalservices||oracle epm analyst,4147,0.3249642252922058,False,4147,False
8440611002,"spacex||hardware development engineer, gateway failure analysis",4148,0.3244785964488983,False,4148,False
5159273007,"andurilindustries||fpga verification engineer, air vehicles",4149,0.3243214786052704,False,4149,False
8569054002,spacex||pcb reliability engineer,4150,0.32429832220077515,False,4150,False
R1069,ansira|wd1|ansira_careers||associate paid media strategist,4151,0.32413479685783386,False,4151,False
8533357002,spacex||integration technician (fairings) - night shift,4152,0.32390910387039185,False,4152,False
JR-202615665,generalmotors|wd5|careers_gm||mechanical journeyperson (machine repair) - pontiac ppo,4153,0.323825478553772,False,4153,False
1209711,hpe|wd5|jobsathpe||qa automation engineer - networking,4154,0.3234987258911133,False,4154,False
4202749009,midpenhousing||maintenance and groundskeeper,4155,0.32246139645576477,False,4155,False
8484535002,spacex||production coordinator (fleet maintenance) - nights,4156,0.32245784997940063,False,4156,False
4692034006,accenturefederalservices||cleared instructional training consultant,4157,0.3221190869808197,False,4157,False
7961471,samsara||specialist seller - connected maintenance - public sector,4158,0.32069098949432373,False,4165,False
7961464,samsara||specialist seller - connected maintenance - public sector,4159,0.32069098949432373,False,4164,False
7961462,samsara||specialist seller - connected maintenance - public sector,4160,0.32069098949432373,False,4163,False
7961459,samsara||specialist seller - connected maintenance - public sector,4161,0.32069098949432373,False,4162,False
7961458,samsara||specialist seller - connected maintenance - public sector,4162,0.32069098949432373,False,4161,False
7961449,samsara||specialist seller - connected maintenance - public sector,4163,0.32069098949432373,False,4160,False
7961186,samsara||specialist seller - connected maintenance - public sector,4164,0.32069098949432373,False,4159,False
7922805,samsara||specialist seller - connected maintenance - public sector,4165,0.32069098949432373,False,4158,False
8564124002,"spacex||gnc engineer, beam planning",4166,0.3203999996185303,False,4166,False
8498761002,"spacex||failure analysis engineer, microelectronics",4167,0.3200901746749878,False,4167,False
8402935002,spacex||space lasers engineer,4168,0.3199770152568817,False,4168,False
8633899002,spacex||dimensional inspector - supply chain,4169,0.3191198706626892,False,4169,False
R29444,"crowdstrike|wd5|crowdstrikecareers||analyst, falcon complete",4170,0.3190632164478302,False,4170,False
6567255002,gotion||hv battery electrical system engineer,4171,0.31893494725227356,False,4171,False
R29446,"crowdstrike|wd5|crowdstrikecareers||analyst, falcon complete",4172,0.3188077211380005,False,4172,False
4309014009,"woolpert||bim specialist, aviation & airports",4173,0.3185145854949951,False,4173,False
7757578003,"revolutionmedicines||scientist ii, drug product",4174,0.3184584081172943,False,4174,False
5268876008,swiftsolar||reliability engineer - photovoltaics,4175,0.31829559803009033,False,4175,False
7953997,fanduel||commercial analyst - casino,4176,0.3179076015949249,False,4177,False
7953986,fanduel||commercial analyst - casino,4177,0.3179076015949249,False,4176,False
5362928008,csciconsulting||knowledge management analyst - change management,4178,0.317560076713562,False,4178,False
5288689008,apexcompanies||stormwater maintenance foreman,4179,0.3173157274723053,False,4179,False
8624152002,spacex||rf test engineer,4180,0.3166532814502716,False,4181,False
8398929002,spacex||rf test engineer,4181,0.3166532814502716,False,4180,False
7811724003,ridgeline||investment operations analyst - trade support,4182,0.31550484895706177,False,4182,False
8383450002,"spacex||process controls engineer, solar cell factory",4183,0.3150976002216339,False,4183,False
8524776002,"spacex||machine maintenance specialist, solar cells",4184,0.3150396943092346,False,4184,False
8421673002,spacex||thermal control and life support hardware engineer,4185,0.3144457936286926,False,4185,False
5065302007,zscaler||phishing analyst-skillbridge intern,4186,0.31441807746887207,False,4186,False
8603492002,allcareers||play-based behavior technician,4187,0.3143540322780609,False,4187,False
8578936002,"spacex||embedded software engineer, laser mesh routing",4188,0.31396228075027466,False,4189,False
8578934002,"spacex||embedded software engineer, laser mesh routing",4189,0.31396228075027466,False,4188,False
8582619002,spacex||supply chain planner,4190,0.31385093927383423,False,4190,False
5311161008,spsnorthamerica||mailroom associate,4191,0.3122294843196869,False,4191,False
5131154007,andurilindustries||phased array engineer,4192,0.31178343296051025,False,4192,False
WD225396,flextronics|wd1|careers||analyst - gbs procurement,4193,0.3116932511329651,False,4193,False
8627675002,"spacex||propulsion engineer, chamber and nozzle",4194,0.31129544973373413,False,4194,False
7771359003,flyzipline||battery modeling engineer,4195,0.31126663088798523,False,4195,False
WD30274147,jci|wd5|jci||hvac controls pre-install application engineer,4196,0.3110640347003937,False,4196,False
8642065002,spacex||high-speed electro-optical ic engineer,4197,0.31092891097068787,False,4197,False
8067427,carvana||vehicle transporter travel trainer,4198,0.30981722474098206,False,4198,False
8490495002,"spacex||cvd equipment engineer, solar cells",4199,0.3097466230392456,False,4199,False
6010428004,cannondale||design engineer i - mountain bikes,4200,0.30926668643951416,False,4200,False
8544608002,"spacex||welding automation engineer, chamber and nozzle",4201,0.3076203465461731,False,4201,False
5128245007,"xai||safety trainer, monetization",4202,0.30670759081840515,False,4202,False
4959599007,"xai||dispute analyst, x money",4203,0.3063232898712158,False,4203,False
4303075009,hanwhaenergyusa||accounting analyst – energy accounting,4204,0.3062249422073364,False,4204,False
7924140002,"gotion||laser welding engineer, cell line",4205,0.3060864210128784,False,4205,False
5155610007,scoutmotors||adas calibration & validation engineer,4206,0.3043438792228699,False,4206,False
8072742,fanduel||sports trader,4207,0.30390048027038574,False,4207,False
5174035007,"urpt||licensed athletic trainer - gulf shores, alabama",4208,0.3030795454978943,False,4208,False
8397612002,spacex||gnc engineer - top secret clearance,4209,0.3027028441429138,False,4209,False
8569287002,spacex||maintenance supervisor,4210,0.3026518225669861,False,4210,False
8641890002,centriaautism||hybrid board certified behavior analyst (bcba) – remote / in-person,4211,0.30236053466796875,False,4211,False
4691494006,accenturefederalservices||cleared business analyst / tester,4212,0.30210423469543457,False,4212,False
7804480003,smxtech||pacom tactical mission network trainer,4213,0.30075886845588684,False,4213,False
8479578002,"spacex||space lasers engineer, satellites",4214,0.30072954297065735,False,4214,False
8379357002,spacex||supply chain planner,4215,0.3005884885787964,False,4215,False
7665264002,gotion||battery cell r&d engineer,4216,0.3003520965576172,False,4216,False
8285325002,gotion||battery cell r&d engineer,4217,0.3003520369529724,False,4217,False
8064253,"carvana||hiring now! experienced auto body repair tech - $4,000 bonus",4218,0.3002662658691406,False,4218,False
7810099003,cookunity||sustainability team member - austin,4219,0.2991572618484497,False,4219,False
8624547002,spacex||trajectory analysis engineer,4220,0.29802536964416504,False,4220,False
7805425003,flyzipline||autonomy droid perception swe - offboard systems,4221,0.29792723059654236,False,4221,False
8075139,"madisonreedcolorbar||hair color bar assistant, licensed cosmetologist",4222,0.2963704466819763,False,4222,False
6011616004,vailclinicincdbavailhealthhospital||clinical laboratory scientist - nights,4223,0.2962225079536438,False,4223,False
6115492004,lucidsoftware||associate revenue operations analyst - partners,4224,0.2953921854496002,False,4225,False
6115491004,lucidsoftware||associate revenue operations analyst - partners,4225,0.2953921854496002,False,4224,False
8389697002,"spacex||rf systems analysis engineer, regulatory",4226,0.2951187491416931,False,4226,False
8420866002,spacex||machine maintenance associate,4227,0.29416927695274353,False,4227,False
4305859009,"arcanaanalytics||vice president, analysts & client support",4228,0.293978214263916,False,4228,False
8076948,hydritechemicalco||maintenance mechanic- 3rd shift,4229,0.29353252053260803,False,4229,False
JR107861,centific|wd1|centific_global||quality analyst – medical scribing & transcription,4230,0.2933919429779053,False,4230,False
8060408,fwdus||external affairs intern,4231,0.29310768842697144,False,4231,False
5158567007,scoutmotors||adas calibration and validation engineer,4232,0.2922195494174957,False,4232,False
7811676003,flyzipline||autonomy droid perception swe - onboard systems,4233,0.2921580374240875,False,4233,False
8640196002,modulrfinance||financial crime analyst – transaction monitoring,4234,0.29211634397506714,False,4234,False
4697777006,accenturefederalservices||sap retail pricing & promotions pos consultant,4235,0.2917560935020447,False,4235,False
4663312006,accenturefederalservices||sap materials management (mm) - retail in-store merchandising and inventory management consultant,4236,0.291134774684906,False,4236,False
8356343002,spacex||baw filter design engineer,4237,0.2909955382347107,False,4237,False
7947082,"toast||gtm engineer - sales workflow automation, revenue intelligence",4238,0.29066556692123413,False,4238,False
5171330007,"andurilindustries||division operations analyst, counter intrusion",4239,0.2905768156051636,False,4239,False
4697235006,accenturefederalservices||cybersecurity incident response triage ir analyst,4240,0.29004019498825073,False,4240,False
R-025837,columbiasportswearcompany|wd5|retail||retail sales associate,4241,0.28980207443237305,False,4242,False
4045939007,aviatornation||retail sales associate,4242,0.28980207443237305,False,4241,False
RQ113670,bpinternational|wd3|bpcareers||gbs crm process analyst accelerator,4243,0.2886991500854492,False,4243,False
5132442007,andurilindustries||air-vehicle multidisciplinary design analysis and optimization (mdao) engineer,4244,0.2882511019706726,False,4244,False
R000072506,chevron|wd5|jobs||geopolitical risk analyst - maritime and transnational,4245,0.28701236844062805,False,4245,False
5120034007,urpt||prn - athletic trainer,4246,0.28546077013015747,False,4246,False
8632882002,"theriversidecompany||2026 fundraising support analyst, fundraising and investor relations",4247,0.2853962779045105,False,4247,False
8470330002,"spacex||launch engineer, stage 0 propellant generation",4248,0.2836398482322693,False,4248,False
4313688009,serhant||licensing speciaist,4249,0.2834366261959076,False,4249,False
8d19b8fb-498b-4e93-9aae-c308c8be1dfa,directive||paid media strategist,4250,0.2831825315952301,False,4250,False
8bb825c2-3fe2-40a1-928a-b30aa77f4b8f,pennylane||spécialiste support services financiers,4251,0.2825031578540802,False,4251,False
8468662002,spacex||benefits analyst,4252,0.2820119857788086,False,4252,False
8612522002,spacex||commercial plumber - 2nd shift,4253,0.2813870310783386,False,4253,False
8056434,"biohub||postdoctoral fellow/ scientist i , synthetic spatial omics",4254,0.2811475098133087,False,4254,False
8398621002,"spacex||maintenance engineer, high pressure die casting",4255,0.2808150351047516,False,4255,False
8486119002,"spacex||propulsion analyst, chamber and nozzle",4256,0.2806088328361511,False,4256,False
5179453007,homemarketfoods||maintenance supervisor - 2nd shift,4257,0.28033527731895447,False,4257,False
7812881,"toast||territory account executive, retail",4258,0.2799030840396881,False,4258,False
4716737005,virtru||security governance risk & compliance (grc) analyst,4259,0.27883633971214294,False,4259,False
8542413002,"spacex||gnc engineer, adcs",4260,0.2783888578414917,False,4260,False
R-10399114,fiserv|wd5|ext||analyst – transaction monitoring operations,4261,0.27679112553596497,False,4261,False
7741010003,archer56||configuration management - specalist - powertrain,4262,0.27664288878440857,False,4262,False
8419546002,spacex||supplier quality specialist,4263,0.27518773078918457,False,4263,False
8049973,"carvana||experienced auto painter (2nd shift) - $6,000 bonus",4264,0.2743765711784363,False,4264,False
6112143004,"vercel||enterprise account executive, retail",4265,0.2733604609966278,False,4265,False
8244388002,gotion||thermal engineer - battery systems,4266,0.27234867215156555,False,4266,False
8560746002,spacex||gnc software engineer - top secret clearance,4267,0.2720875144004822,False,4267,False
7843764,"toast||territory account executive, retail",4268,0.27168744802474976,False,4268,False
519ec833-66bc-4495-a74b-846346231f2c,directive||paid media strategist,4269,0.27121204137802124,False,4269,False
4579771006,gongio||gtm sales recruiter,4270,0.27119046449661255,False,4270,False
8076891,"carvana||experienced auto body repair technician (2nd shift) - $4,000 bonus",4271,0.27094218134880066,False,4271,False
8516581002,"spacex||supply chain planner, gateway and solar",4272,0.2706553041934967,False,4272,False
8060749,"toast||territory account executive , retail",4273,0.27039819955825806,False,4273,False
4931246101,roboyo||rpa support engineer - uipath,4274,0.2695164680480957,False,4274,False
685686cb-5fc7-4dd9-83e6-f63c5368b798,atlas||email marketing operations consultant – contract,4275,0.26913315057754517,False,4275,False
R1541160,iqvia|wd1|iqvia||snr reg affairs officer,4276,0.2688206434249878,False,4276,False
R0000043366,parexel|wd1|parexel_external_careers||regulatory affairs consultant- local regulatory affairs operations,4277,0.26873713731765747,False,4277,False
8160722002,gotion||gotion college career fair,4278,0.26859772205352783,False,4278,False
8586647002,"spacex||rf engineer, hardware reliability",4279,0.26844435930252075,False,4279,False
R-10399122,fiserv|wd5|ext||ecs email coordinator,4280,0.26708781719207764,False,4280,False
7838917,"toast||territory account executive, retail",4281,0.2668839693069458,False,4281,False
4710448005,effectiveschoolsolutions||part-time mental health professional development trainer and coach,4282,0.26609006524086,False,4286,False
4710445005,effectiveschoolsolutions||part-time mental health professional development trainer and coach,4283,0.26609006524086,False,4285,False
4708800005,effectiveschoolsolutions||part-time mental health professional development trainer and coach,4284,0.26609006524086,False,4284,False
4708705005,effectiveschoolsolutions||part-time mental health professional development trainer and coach,4285,0.26609006524086,False,4283,False
4708703005,effectiveschoolsolutions||part-time mental health professional development trainer and coach,4286,0.26609006524086,False,4282,False
R-10399007,fiserv|wd5|ext||business operations analyst - sla reporting,4287,0.26595574617385864,False,4287,False
JR36708,dyson|wd3|dyson_careers||direct retail marketing executive,4288,0.2653052806854248,False,4288,False
8459660002,"spacex||gnc engineer, satellite power systems",4289,0.2651395797729492,False,4289,False
8578887002,spacex||nde inspector trainee (starship) - temporary,4290,0.26418745517730713,False,4290,False
8036935,"toast||territory account executive, retail",4291,0.26335203647613525,False,4291,False
8580854002,faire||head of retailer product marketing,4292,0.2633039951324463,False,4292,False
4845016101,nebius||developer advocate - token factory,4293,0.2632022500038147,False,4293,False
8632015002,"spacex||wi-fi engineer, hardware reliability",4294,0.2630075514316559,False,4294,False
5160788007,"scoutmotors||engineer, whole vehicle test requirements and validation – body interior",4295,0.26299378275871277,False,4295,False
8375300002,"spacex||yield engineer, rf final test integration",4296,0.26159048080444336,False,4296,False
8075592,carvana||auto body airbrush technician,4297,0.26147541403770447,False,4297,False
7812883,"toast||territory account executive, retail",4298,0.2612828016281128,False,4298,False
5199037008,championsgroupholdings||hvac maintenance/sales trainer,4299,0.2610604166984558,False,4299,False
R5046152,gevernova|wd5|only_confidential_executive_recruiting||partenaire bilingue en acquisition de talents / bilingual talent acquisition partner,4300,0.2605248987674713,False,4300,False
5362918008,csciconsulting||quality assurance analyst - onestream implementation,4301,0.26030218601226807,False,4301,False
8495845002,spacex||mechanical engineer - satellite solar array,4302,0.2593045234680176,False,4302,False
5206266008,cannabisandglass||retail associate - budtender,4303,0.25909268856048584,False,4303,False
8567856002,aegworldwide||la kings - head athletic trainer,4304,0.25886034965515137,False,4304,False
8042228,"toast||territory account executive, retail",4305,0.2586655616760254,False,4305,False
8490537002,"spacex||pvd process engineer, solar cells",4306,0.25838154554367065,False,4306,False
5040798007,altentechnologyusa||design release engineer- soft trim,4307,0.258301317691803,False,4307,False
5191220007,"bluelabsanalyticsinc||enterprise sales, public affairs practice",4308,0.25686192512512207,False,4308,False
8031017,"toast||territory account executive, retail",4309,0.2558726668357849,False,4309,False
8420958002,"spacex||hardware test specialist, failure analysis",4310,0.2558063864707947,False,4310,False
8047272,"toast||territory account executive , retail",4311,0.25483933091163635,False,4311,False
8064901,toast||retail account executive - la: long beach,4312,0.2538202702999115,False,4316,False
8064899,toast||retail account executive - la: long beach,4313,0.2538202702999115,False,4315,False
8064795,toast||retail account executive - la: long beach,4314,0.2538202702999115,False,4314,False
8064791,toast||retail account executive - la: long beach,4315,0.2538202702999115,False,4313,False
8064589,toast||retail account executive - la: long beach,4316,0.2538202702999115,False,4312,False
6031056004,epicgamesfrench||chef d'équipe de la sous-traitance en modélisation,4317,0.25368714332580566,False,4317,False
8389716002,spacex||satellite policy associate,4318,0.2533869743347168,False,4318,False
8049521,datadog||gtm operations associate,4319,0.2532796263694763,False,4319,False
4919552007,homemarketfoods||maintenance mechanic ii - 1st shift plus $5000 bonus,4320,0.2528156638145447,False,4320,False
8049262,"toast||territory account executive, retail - scranton",4321,0.252022385597229,False,4321,False
8036938,"toast||territory account executive, retail",4322,0.25189489126205444,False,4322,False
7843486,"toast||territory account executive, retail",4323,0.25185608863830566,False,4323,False
8418663002,spacex||supplier quality specialist - 3rd shift,4324,0.25149601697921753,False,4324,False
4324972009,oura||paid social specialist,4325,0.2504432499408722,False,4325,False
7901920,"toast||territory account executive, retail",4326,0.2502972483634949,False,4326,False
7627817,"toast||territory account executive, retail",4327,0.2502441108226776,False,4327,False
8036894,"toast||territory account executive, retail",4328,0.2500395178794861,False,4328,False
8060766,"toast||territory account executive , retail",4329,0.24975880980491638,False,4329,False
8060752,"toast||territory account executive , retail",4330,0.24931374192237854,False,4330,False
5170995007,andurilindustries||sip trainer usasoc west,4331,0.24918623268604279,False,4331,False
8042243,"toast||territory account executive, retail",4332,0.24854391813278198,False,4332,False
7812884,"toast||territory account executive, retail",4333,0.24838018417358398,False,4333,False
R29421,"crowdstrike|wd5|crowdstrikecareers||workday support analyst, 2pm -11pm ist",4334,0.24812552332878113,False,4334,False
8530800002,"spacex||machine maintenance technician, solar cells (starlink) - day shift",4335,0.24794471263885498,False,4335,False
5159202007,"andurilindustries||legal counsel, supply chain",4336,0.24659207463264465,False,4337,False
5155860007,"andurilindustries||legal counsel, supply chain",4337,0.24659207463264465,False,4336,False
7539356,democracypreppublicschools||pre-k teacher's aide,4338,0.2458314597606659,False,4338,False
8641217002,blinkhealth||early career pharmacy operations associate,4339,0.24501362442970276,False,4339,False
8160711002,gotion||kcc career fair,4340,0.24492166936397552,False,4340,False
8008575,"toast||territory account executive, retail",4341,0.24487870931625366,False,4341,False
WD225365,flextronics|wd1|careers||analyst - accounts payable,4342,0.24454104900360107,False,4342,False
7658165,"toast||territory account executive, retail",4343,0.2435028851032257,False,4343,False
8048975,"toast||territory account executive , retail - winston",4344,0.24328234791755676,False,4344,False
5158565007,"scoutmotors||adas system engineer / fo, vehicle parking",4345,0.24090471863746643,False,4345,False
8070333,"toast||territory account executive , retail",4346,0.2406192421913147,False,4346,False
5349673008,mcs||budtender - retail associate,4347,0.2398865818977356,False,4348,False
5155520008,mcs||budtender - retail associate,4348,0.2398865818977356,False,4347,False
7843485,"toast||territory account executive, retail",4349,0.23976002633571625,False,4349,False
6980150,ardentmc||geospatial trainer/outreach,4350,0.2388240098953247,False,4350,False
7838947,"toast||territory account executive, retail",4351,0.23866894841194153,False,4351,False
8639099002,welbehealth||dietary assistant,4352,0.23791424930095673,False,4352,False
4613649006,"accenturefederalservices||sap otc retail consultant - inventory visibility, store ordering and replenishment analyst",4353,0.23778560757637024,False,4353,False
8048977,"toast||territory account executive, retail - tallahassee",4354,0.23553714156150818,False,4354,False
7992640,toast||bilingual hybrid development representative - thai,4355,0.2355033904314041,False,4355,False
7843109,"toast||territory account executive, retail",4356,0.235385924577713,False,4356,False
7843767,"toast||territory account executive, retail",4357,0.23534169793128967,False,4357,False
JR36356,dyson|wd3|dyson_careers||friseur.in/hair stylist.in,4358,0.23494544625282288,False,4358,False
7926520,"toast||territory account executive, retail",4359,0.23426303267478943,False,4362,False
7926519,"toast||territory account executive, retail",4360,0.23426303267478943,False,4361,False
7736066,"toast||territory account executive, retail",4361,0.23426303267478943,False,4360,False
7716854,"toast||territory account executive, retail",4362,0.23426303267478943,False,4359,False
8060765,"toast||territory account executive , retail",4363,0.2340678870677948,False,4363,False
8624447002,spacex||propulsion thermal analyst,4364,0.23378616571426392,False,4364,False
4663877006,accenturefederalservices||erm records management o365 sharepoint & network migration engineer - to37,4365,0.2332753986120224,False,4365,False
8075802,carvana||automotive detailer / lot attendant - 2nd shift,4366,0.23283714056015015,False,4367,False
8075801,carvana||automotive detailer / lot attendant - 2nd shift,4367,0.23283714056015015,False,4366,False
8055429,"toast||territory account executive, retail - pensacola",4368,0.2319590449333191,False,4368,False
7842808,"toast||territory account executive, retail",4369,0.23137544095516205,False,4369,False
8055244,"toast||territory account executive, retail - south pittsburgh",4370,0.23017092049121857,False,4370,False
R32803,allstate|wd5|allstate_careers||nest supplement appraiser,4371,0.22994564473628998,False,4371,False
8359713002,spacex||machine maintenance supervisor (starlink) - multiple shifts,4372,0.22992543876171112,False,4372,False
5171001007,andurilindustries||sip | ranger regiment trainer,4373,0.22978685796260834,False,4373,False
8010230,"toast||territory account executive, retail - tulsa",4374,0.22976374626159668,False,4374,False
7930749,"toast||territory account executive, retail - sioux falls",4375,0.2287169098854065,False,4375,False
5363194008,"emporiarevolutionizinghomeenergy||business analyst: electric utility rate, tax equity and financial forecasting",4376,0.2286674976348877,False,4376,False
7575004,"toast||territory account executive, retail",4377,0.22799283266067505,False,4377,False
7843098,"toast||territory account executive, retail",4378,0.2278769314289093,False,4378,False
5179593007,"andurilindustries||pcb designer, air dominance and strike",4379,0.22784465551376343,False,4379,False
4661875005,effectiveschoolsolutions||graduate internship school based mental health clinician,4380,0.2276025414466858,False,4380,False
7822496,"toast||territory account executive, retail",4381,0.22735106945037842,False,4381,False
7826547,"toast||territory account executive, retail - fort worth",4382,0.2273162603378296,False,4386,False
7826544,"toast||territory account executive, retail - fort worth",4383,0.2273162603378296,False,4385,False
7826532,"toast||territory account executive, retail - fort worth",4384,0.2273162603378296,False,4384,False
7826529,"toast||territory account executive, retail - fort worth",4385,0.2273162603378296,False,4383,False
7815811,"toast||territory account executive, retail - fort worth",4386,0.2273162603378296,False,4382,False
8070328,"toast||territory account executive , retail",4387,0.2272888720035553,False,4387,False
7838942,"toast||territory account executive, retail",4388,0.22669750452041626,False,4388,False
8036907,"toast||territory account executive, retail",4389,0.22639402747154236,False,4389,False
5731003004,"redwoodmaterials||microgrid controls engineer, energy storage",4390,0.22580818831920624,False,4390,False
7991182,"toast||territory account executive, retail - new york metro",4391,0.2255256175994873,False,4393,False
7991180,"toast||territory account executive, retail - new york metro",4392,0.2255256175994873,False,4392,False
7861971,"toast||territory account executive, retail - new york metro",4393,0.2255256175994873,False,4391,False
7809985003,otterbein||culinary aide- part-time,4394,0.22534209489822388,False,4394,False
6115038004,operationscareers||bicycle & scooter repair technician - bronx,4395,0.22459498047828674,False,4395,False
071f5d3d-570d-44df-83c0-3866e14524e4,"directive||account strategist, paid media",4396,0.22421056032180786,False,4396,False
7842772,"toast||territory account executive, retail",4397,0.22410503029823303,False,4397,False
5362834008,luminaryhospice||evening hospice aide,4398,0.223759725689888,False,4398,False
8525739002,spacex||antenna engineer - parabolic & waveguide,4399,0.22353345155715942,False,4399,False
7506371,"toast||territory account executive, retail",4400,0.22285833954811096,False,4400,False
8075120,carvana||car detailer,4401,0.22275464236736298,False,4409,False
8075105,carvana||car detailer,4402,0.22275464236736298,False,4408,False
8075102,carvana||car detailer,4403,0.22275464236736298,False,4407,False
8075098,carvana||car detailer,4404,0.22275464236736298,False,4406,False
8072953,carvana||car detailer,4405,0.22275464236736298,False,4405,False
8023916,carvana||car detailer,4406,0.22275464236736298,False,4404,False
8022280,carvana||car detailer,4407,0.22275464236736298,False,4403,False
8007679,carvana||car detailer,4408,0.22275464236736298,False,4402,False
7367527,carvana||car detailer,4409,0.22275464236736298,False,4401,False
8015634,"toast||territory account executive, retail",4410,0.2217320203781128,False,4410,False
7473217,"toast||territory account executive, retail",4411,0.2207135260105133,False,4411,False
R189795,maersk|wd3|maersk_careers||industrial trainee,4412,0.2203967124223709,False,4412,False
31156761,"abbott|wd5|abbottcareers2||clinical sales specialist, structural heart - teer",4413,0.22032135725021362,False,4413,False
8047409,"toast||territory account executive, retail - cambridge/somerville",4414,0.21951767802238464,False,4416,False
8047408,"toast||territory account executive, retail - cambridge/somerville",4415,0.21951767802238464,False,4415,False
8047293,"toast||territory account executive, retail - cambridge/somerville",4416,0.21951767802238464,False,4414,False
ebc2451c-856e-42ab-be2e-278c26b41d08,directive||paid social strategist (remote us)- future opening,4417,0.21902921795845032,False,4417,False
5361468008,spsnorthamerica||client services associate - mailroom,4418,0.21869608759880066,False,4418,False
8639959002,"smcp||retail sales supervisor, sandro/maje at bloomingdale's soho",4419,0.21843570470809937,False,4419,False
7843880,"toast||territory account executive, retail",4420,0.2183828204870224,False,4420,False
7377416,samsara||contract recruiter - gtm,4421,0.21763187646865845,False,4421,False
945e63bb-c616-4957-bbe8-9d18df25cb6e,"directive||account strategist, paid media",4422,0.217566579580307,False,4422,False
8055241,"toast||territory account executive, retail - morgantown wv",4423,0.21703627705574036,False,4423,False
5182818007,"andurilindustries||trainer, undersea dominance",4424,0.21677592396736145,False,4424,False
8047289,"toast||territory account executive, retail - harrisburg",4425,0.21611349284648895,False,4425,False
8036903,"toast||territory account executive, retail",4426,0.21542701125144958,False,4426,False
8540057002,"spacex||gnc engineer, orbit control",4427,0.21521779894828796,False,4427,False
8049007,"toast||territory account executive , retail",4428,0.2144351303577423,False,4428,False
7843849,"toast||territory account executive, retail",4429,0.214224711060524,False,4429,False
5349999008,luminaryhospice||hospice aide,4430,0.21310687065124512,False,4436,False
5343720008,luminaryhospice||hospice aide,4431,0.21310687065124512,False,4435,False
5287212008,luminaryhospice||hospice aide,4432,0.21310687065124512,False,4434,False
5286842008,luminaryhospice||hospice aide,4433,0.21310687065124512,False,4433,False
5275157008,luminaryhospice||hospice aide,4434,0.21310687065124512,False,4432,False
5267666008,luminaryhospice||hospice aide,4435,0.21310687065124512,False,4431,False
5250799008,luminaryhospice||hospice aide,4436,0.21310687065124512,False,4430,False
8047291,"toast||territory account executive, retail - baltimore",4437,0.21272830665111542,False,4437,False
8642596002,anaplan||enterprise account executive - retail,4438,0.21188519895076752,False,4439,False
7763658002,anaplan||enterprise account executive - retail,4439,0.21188519895076752,False,4438,False
4535746007,familyofkidz||teachers aide - ei/ preschool -riverhead,4440,0.21177363395690918,False,4440,False
7784520003,kyowakirinusa90||north america head of medical affairs operations & excellence,4441,0.21103638410568237,False,4441,False
7838923,"toast||territory account executive, retail",4442,0.21077199280261993,False,4442,False
8055905,onemedical||expanded care family nurse practitioner or physician assistant,4443,0.21059304475784302,False,4444,False
8042832,onemedical||expanded care family nurse practitioner or physician assistant,4444,0.21059304475784302,False,4443,False
8588508002,cranialtechnologies||customer service representative – parent liaison,4445,0.21020594239234924,False,4445,False
8047287,"toast||territory account executive, retail - el paso",4446,0.20994600653648376,False,4446,False
8055259,"toast||territory account executive, retail - east cleveland",4447,0.20799976587295532,False,4447,False
8548098002,"spacex||customer support associate, bilingual - ukrainian",4448,0.20771855115890503,False,4449,False
8548093002,"spacex||customer support associate, bilingual - ukrainian",4449,0.20771855115890503,False,4448,False
7842769,"toast||territory account executive, retail - salt lake city",4450,0.20716053247451782,False,4450,False
7858629,"toast||territory account executive, retail",4451,0.20658211410045624,False,4451,False
8049237,"toast||territory account executive , retail",4452,0.2059578001499176,False,4452,False
8055253,"toast||territory account executive, retail",4453,0.20493949949741364,False,4453,False
8633366002,"smcp||retail keyholder, sandro meatpacking",4454,0.20493879914283752,False,4454,False
5257072008,cannabisandglass||walk-in retail associate - budtender,4455,0.20466911792755127,False,4455,False
8075580,carvana||auto body paint prepper,4456,0.20440673828125,False,4456,False
7810270003,crestwoodcareers||recovery coach | entry-level mental health aide,4457,0.20416885614395142,False,4458,False
7808038003,crestwoodcareers||recovery coach | entry-level mental health aide,4458,0.20416885614395142,False,4457,False
7769055,"toast||territory account executive, retail - south texas",4459,0.2040618658065796,False,4462,False
7708046,"toast||territory account executive, retail - south texas",4460,0.2040618658065796,False,4461,False
7708045,"toast||territory account executive, retail - south texas",4461,0.2040618658065796,False,4460,False
7705800,"toast||territory account executive, retail - south texas",4462,0.2040618658065796,False,4459,False
5148785008,luminaryhospice||prn hospice chaplain,4463,0.20277586579322815,False,4463,False
JR107138,hfecorp|wd503|palace_jobs||dutch wonderland inn maintenance,4464,0.20254650712013245,False,4464,False
8031032,"toast||territory account executive, retail",4465,0.2017253190279007,False,4465,False
7851543,"toast||bilingual territory account executive , retail (spanish) - san antonio: west",4466,0.20113956928253174,False,4466,False
7536201,"toast||territory account executive, retail",4467,0.20050756633281708,False,4467,False
6118938004,"vailclinicincdbavailhealthhospital||nurse practitioner, acute pain",4468,0.19927789270877838,False,4468,False
REQ-260291,gnw|wd1|gnw||associate claims clinical/care advocacy,4469,0.19918739795684814,False,4469,False
8053761,"toast||territory account executive, retail - kansas city east",4470,0.19914510846138,False,4470,False
8049221,"toast||territory account executive , retail",4471,0.19862036406993866,False,4471,False
7507105,"toast||territory account executive, retail",4472,0.19661164283752441,False,4472,False
4305456009,onenergy||warranty claims coordinator,4473,0.19633230566978455,False,4473,False
7576807,"toast||territory account executive, retail - fairfield/bridgeport/danbury",4474,0.19596008956432343,False,4474,False
7838921,"toast||territory account executive, retail",4475,0.19427697360515594,False,4475,False
7168914,"toast||territory account executive , smb",4476,0.1936231106519699,False,4476,False
5043504007,"andurilindustries||master scheduler, air dominance & strike",4477,0.19185146689414978,False,4477,False
8569294002,spacex||maintenance supervisor (starlink) - night shift,4478,0.1913910210132599,False,4478,False
R26795,nouria|wd1|nec||powerwasher/painter,4479,0.1910034716129303,False,4479,False
4696159006,wizinc||growth account executive - taiwan & hong kong,4480,0.19041591882705688,False,4480,False
5294486008,block||gtm strategy & operations - global account management,4481,0.18920069932937622,False,4481,False
8047015,"toast||territory account executive, retail",4482,0.18900661170482635,False,4482,False
8067601,"toast||territory account executive, retail - columbus north",4483,0.1886274516582489,False,4486,False
8067599,"toast||territory account executive, retail - columbus north",4484,0.1886274516582489,False,4485,False
8052453,"toast||territory account executive, retail - columbus north",4485,0.1886274516582489,False,4484,False
8052380,"toast||territory account executive, retail - columbus north",4486,0.1886274516582489,False,4483,False
5462266004,"corcepttherapeutics||medical science liaison, endocrinology – mid-atlantic region",4487,0.18818262219429016,False,4487,False
8055258,"toast||territory account executive, retail",4488,0.18813340365886688,False,4488,False
8065333,"toast||territory account executive , retail",4489,0.18727664649486542,False,4489,False
4593618006,accenturefederalservices||oracle ebs procure to pay (p2p) functional analyst,4490,0.18613529205322266,False,4490,False
6009179004,vailclinicincdbavailhealthhospital||retail pharmacist - part time,4491,0.18488046526908875,False,4491,False
9314b850-7427-4ce0-b925-419308e44469,strala-ai||auto bodily injury claims adjuster,4492,0.18270736932754517,False,4492,False
1371a363-ff11-4123-a24a-255a3633668f,directive||paid social strategist (remote canada) - future opening,4493,0.18269634246826172,False,4493,False
5145249007,fairlife||maintenance mechanic,4494,0.1826440393924713,False,4494,False
5115609008,luminaryhospice||prn hospice aide,4495,0.1825154572725296,False,4495,False
5278638008,luminaryhospice||prn hospice aide,4496,0.18251541256904602,False,4505,False
5251467008,luminaryhospice||prn hospice aide,4497,0.18251541256904602,False,4504,False
5231445008,luminaryhospice||prn hospice aide,4498,0.18251541256904602,False,4503,False
5184150008,luminaryhospice||prn hospice aide,4499,0.18251541256904602,False,4502,False
5157390008,luminaryhospice||prn hospice aide,4500,0.18251541256904602,False,4501,False
5157389008,luminaryhospice||prn hospice aide,4501,0.18251541256904602,False,4500,False
5138579008,luminaryhospice||prn hospice aide,4502,0.18251541256904602,False,4499,False
5129534008,luminaryhospice||prn hospice aide,4503,0.18251541256904602,False,4498,False
5129533008,luminaryhospice||prn hospice aide,4504,0.18251541256904602,False,4497,False
4931509008,luminaryhospice||prn hospice aide,4505,0.18251541256904602,False,4496,False
8067483,"toast||territory account executive, retail - bentonville/ft. smith",4506,0.18172676861286163,False,4506,False
7473660,"toast||territory account executive, retail",4507,0.18164296448230743,False,4507,False
8049264,"toast||territory account executive, retail",4508,0.18157532811164856,False,4508,False
5362908008,croihealth||full time hospice chaplain,4509,0.1812230348587036,False,4509,False
8031529,onemedical||nurse practitioner or physician assistant (pacific heights) - sign-on bonus available,4510,0.18032795190811157,False,4510,False
8397638002,"spacex||gnc engineer, phased array devices",4511,0.17938080430030823,False,4511,False
8395371002,"spacex||gnc engineer, device navigation and beam pointing",4512,0.17873990535736084,False,4512,False
7810275003,otterbein||maintenance - part time - every 3rd weekend,4513,0.17672215402126312,False,4513,False
8065547,onemedical||family medicine physician - domain northside,4514,0.17654213309288025,False,4514,False
7842806,"toast||territory account executive, retail",4515,0.17627134919166565,False,4515,False
WD225459,flextronics|wd1|careers||analyst- accounts receivables,4516,0.1753481775522232,False,4516,False
ff4752ef-4866-4a3a-b40f-8f25f558edb8,strala-ai||subrogation claims adjuster,4517,0.17488908767700195,False,4517,False
7982317,"toast||territory account executive, retail",4518,0.1734335869550705,False,4518,False
8394899002,"spacex||gnc engineer, starlink controls",4519,0.17327980697155,False,4519,False
7858628,"toast||territory account executive, retail",4520,0.1730462610721588,False,4520,False
8055248,"toast||territory account executive, retail",4521,0.17091986536979675,False,4521,False
7895065,onemedical||early career - family medicine physician - sign - on bonus available,4522,0.17011941969394684,False,4523,False
7895064,onemedical||early career - family medicine physician - sign - on bonus available,4523,0.17011941969394684,False,4522,False
8031505,onemedical||nurse practitioner or physician assistant (duboce triangle) - sign-on bonus available,4524,0.16301694512367249,False,4524,False
8068521,stripe||head of self-serve paid media,4525,0.16223210096359253,False,4525,False
8026391,"toast||territory account executive, retail - nashville: east",4526,0.1599884331226349,False,4526,False
5287718008,luminaryhospice||hospice volunteer,4527,0.15812250971794128,False,4533,False
5238334008,luminaryhospice||hospice volunteer,4528,0.15812250971794128,False,4532,False
5152142008,luminaryhospice||hospice volunteer,4529,0.15812250971794128,False,4531,False
5115606008,luminaryhospice||hospice volunteer,4530,0.15812250971794128,False,4530,False
5103028008,luminaryhospice||hospice volunteer,4531,0.15812250971794128,False,4529,False
5062692008,luminaryhospice||hospice volunteer,4532,0.15812250971794128,False,4528,False
4819731008,luminaryhospice||hospice volunteer,4533,0.15812250971794128,False,4527,False
5362108008,luminaryhospice||hospice chaplain,4534,0.157363623380661,False,4536,False
5269911008,luminaryhospice||hospice chaplain,4535,0.157363623380661,False,4535,False
5211451008,luminaryhospice||hospice chaplain,4536,0.157363623380661,False,4534,False
5365553008,croihealth||hospice house chaplain,4537,0.15722444653511047,False,4537,False
8031534,onemedical||nurse practitioner or physician assistant (transbay center) - sign-on bonus available,4538,0.1570458710193634,False,4538,False
8059510,toast||bilingual strategic cuisines account executive,4539,0.15674977004528046,False,4539,False
8047274,"toast||territory account executive, retail - alaska",4540,0.1558820605278015,False,4540,False
8031527,onemedical||nurse practitioner or physician assistant (mission valencia) - sign-on bonus available,4541,0.15495747327804565,False,4541,False
8031504,onemedical||nurse practitioner or physician assistant (cow hollow) - sign-on bonus available,4542,0.15422992408275604,False,4542,False
7593636003,"intersystems||veterans affairs account executive, public sector",4543,0.15319779515266418,False,4543,False
8046419,toast||bilingual strategic cuisines account executive,4544,0.15262460708618164,False,4544,False
5182441008,luminaryhospice||prn night hospice aide,4545,0.15171828866004944,False,4545,False
8641229002,blinkhealth||pharmacy benefits /insurance claims specialist | onsite- pittsburgh,4546,0.1503622829914093,False,4546,False
8031517,onemedical||nurse practitioner or physician assistant (inner sunset) - sign-on bonus available,4547,0.15032745897769928,False,4547,False
4871750007,"andurilindustries||experimental test pilot, air dominance & strike",4548,0.15014594793319702,False,4548,False
8382583002,"spacex||gnc engineer, orbit determination/stargaze",4549,0.1500486135482788,False,4549,False
8641225002,blinkhealth||pharmacy benefits/insurance claims specialist | onsite- boise,4550,0.14605049788951874,False,4550,False
48fecc78-bc55-4b8f-bec0-da6e5daea607,strala-ai||auto property damage claims adjuster,4551,0.14484725892543793,False,4551,False
8055910,onemedical||family nurse practitioner or physician assistant (cow hollow) - sign-on bonus available,4552,0.14386937022209167,False,4552,False
6105392004,vailclinicincdbavailhealthhospital||par/pct - vail urgent care,4553,0.13778230547904968,False,4553,False
5262309008,"wppmedia||vice president, entertainment & sports",4554,0.13738536834716797,False,4557,False
5132316008,"wppmedia||vice president, entertainment & sports",4555,0.13738536834716797,False,4556,False
4978183008,"wppmedia||vice president, entertainment & sports",4556,0.13738536834716797,False,4555,False
4978094008,"wppmedia||vice president, entertainment & sports",4557,0.13738536834716797,False,4554,False
4321805009,kodiaksolutions||unclaimed property consulting associate,4558,0.13495764136314392,False,4558,False
8031507,onemedical||nurse practitioner or physician assistant (hayes valley) - sign-on bonus available,4559,0.134127676486969,False,4559,False
41ee636e-8786-4232-b916-ce032cafa4ee,scribe||head of gtm enablement,4560,0.13123920559883118,False,4560,False
4698427006,ennoblecare||certified home health aide,4561,0.13115254044532776,False,4561,False
8016524,onemedical||primary care physician (pacific heights) - sign-on bonus available,4562,0.1309918761253357,False,4562,False
8031514,"onemedical||nurse practitioner or physician assistant, hiv medicine (castro) - sign-on bonus available",4563,0.12767693400382996,False,4563,False
8016531,onemedical||primary care physician (mission valencia) - sign-on bonus available,4564,0.12583696842193604,False,4564,False
8001413,onemedical||nurse practitioner or physician assistant - sign-on bonus available,4565,0.1253432184457779,False,4570,False
8001412,onemedical||nurse practitioner or physician assistant - sign-on bonus available,4566,0.1253432184457779,False,4569,False
8001411,onemedical||nurse practitioner or physician assistant - sign-on bonus available,4567,0.1253432184457779,False,4568,False
8001409,onemedical||nurse practitioner or physician assistant - sign-on bonus available,4568,0.1253432184457779,False,4567,False
7974223,onemedical||nurse practitioner or physician assistant - sign-on bonus available,4569,0.1253432184457779,False,4566,False
7974220,onemedical||nurse practitioner or physician assistant - sign-on bonus available,4570,0.1253432184457779,False,4565,False
8031503,onemedical||nurse practitioner or physician assistant (clay st) - sign-on bonus available,4571,0.12021912634372711,False,4571,False
8071510,onemedical||nurse practitioner or physician assistant- sign on bonus available,4572,0.12020036578178406,False,4572,False
8070273,onemedical||family nurse practitioner or physician assistant - sign-on bonus available,4573,0.11579089611768723,False,4579,False
8070266,onemedical||family nurse practitioner or physician assistant - sign-on bonus available,4574,0.11579089611768723,False,4578,False
8038366,onemedical||family nurse practitioner or physician assistant - sign-on bonus available,4575,0.11579089611768723,False,4577,False
7974245,onemedical||family nurse practitioner or physician assistant - sign-on bonus available,4576,0.11579089611768723,False,4576,False
7974241,onemedical||family nurse practitioner or physician assistant - sign-on bonus available,4577,0.11579089611768723,False,4575,False
7974237,onemedical||family nurse practitioner or physician assistant - sign-on bonus available,4578,0.11579089611768723,False,4574,False
7974231,onemedical||family nurse practitioner or physician assistant - sign-on bonus available,4579,0.11579089611768723,False,4573,False
8031493,onemedical||primary care physician (clay) - sign-on bonus available,4580,0.11558423191308975,False,4580,False
R87743,spartannash|wd1|spartannash_careers||cookie/sweet packaging,4581,0.11427126824855804,False,4581,False
8071528,onemedical||family nurse practitioner or physician assistant- sign on bonus available,4582,0.10999897122383118,False,4582,False
8016529,onemedical||primary care physician (duboce triangle) - sign-on bonus available,4583,0.10784724354743958,False,4583,False
8031486,onemedical||primary care physician (spear street) - sign-on bonus available,4584,0.1056932657957077,False,4584,False
8077409,onemedical||primary care physician - downtown seattle - sign on bonuses available!,4585,0.10426344722509384,False,4585,False
4698702006,ennoblecare||community liaison,4586,0.10358116775751114,False,4586,False
8031501,onemedical||nurse practitioner or physician assistant (castro) - sign-on bonus available,4587,0.10212569683790207,False,4587,False
JR26-0983,publicpartnerships|wd1|ppl||medicaid billing clerk,4588,0.09981785714626312,False,4588,False
8031487,onemedical||primary care physician (transbay center) - sign-on bonus available,4589,0.09766355901956558,False,4589,False
8016525,onemedical||primary care physician (cow hollow) - sign-on bonus available,4590,0.09646347165107727,False,4590,False
8031488,onemedical||primary care physician (two embarcadero center) - sign-on bonus available,4591,0.09603841602802277,False,4591,False
8016517,onemedical||primary care physician (burlingame) - sign-on bonus available,4592,0.09303012490272522,False,4592,False
8077391,onemedical||primary care physician - capitol hill - sign on bonuses available!,4593,0.09296271204948425,False,4593,False
8031482,onemedical||primary care physician (financial district sutter) - sign-on bonus available,4594,0.09078686684370041,False,4594,False
8044281,onemedical||physician - family medicine - sign-on bonus available,4595,0.08683519065380096,False,4595,False
8016528,onemedical||primary care physician (noe valley) - sign-on bonus available,4596,0.08466046303510666,False,4596,False
8070255,onemedical||family medicine physician - sign-on bonus available,4597,0.07913237810134888,False,4597,False
8077550,onemedical||family medicine physician - sign-on bonus available,4598,0.07913236320018768,False,4602,False
8070279,onemedical||family medicine physician - sign-on bonus available,4599,0.07913236320018768,False,4601,False
8070253,onemedical||family medicine physician - sign-on bonus available,4600,0.07913236320018768,False,4600,False
8038348,onemedical||family medicine physician - sign-on bonus available,4601,0.07913236320018768,False,4599,False
8034801,onemedical||family medicine physician - sign-on bonus available,4602,0.07913236320018768,False,4598,False
8077403,onemedical||primary care physician - south lake union - sign on bonuses available!,4603,0.07708341628313065,False,4603,False
8071536,onemedical||family medicine physician- sign on bonus available,4604,0.07295015454292297,False,4604,False
5677543004,"khealthcareers||weekdays | primary care physician (fm/im) | imlc or fl, ma, nj, ny, or, tx, wi, mn, ia | remote",4605,0.06797077506780624,False,4605,False
6115465004,"khealthcareers||overnight | primary care physician (fm/im) | imlc or nj, ct, ma | remote",4606,0.06546967476606369,False,4606,False
8016516,onemedical||primary care physician (castro) - sign-on bonus available,4607,0.06291750073432922,False,4607,False
8034798,onemedical||primary care physician - sign-on bonus available,4608,0.062266863882541656,False,4610,False
8034797,onemedical||primary care physician - sign-on bonus available,4609,0.062266863882541656,False,4609,False
8016506,onemedical||primary care physician - sign-on bonus available,4610,0.062266863882541656,False,4608,False
7767671,onemedical||family physician - sign-on bonus available,4611,0.06185714527964592,False,4611,False
5677552004,"khealthcareers||weekends | primary care physician (fm/im) | imlc or fl, ma, nj, ny, or, tx, wi, mn, ia | remote",4612,0.05918212607502937,False,4612,False
8071534,onemedical||primary care physician - sign on bonus available,4613,0.058606117963790894,False,4613,False
