job_id,cluster_key,cluster_rank,rank_score,is_refined,wide_rank,selected
R1127015,dentsuaegis|wd3|dan_global||data & ai engineer,1,9.234375,True,4,True
R184217,maersk|wd3|maersk_careers||software engineer - dot net,2,8.8359375,True,2,True
8075011,babelstreet||software engineer,3,8.65625,True,5,True
4715753005,globalhealthcareexchangeinc||software engineer iii,4,8.5234375,True,8,True
RQ112661,bpinternational|wd3|bpcareers||software engineer,5,8.265625,True,3,True
5309141008,procaresolutions||software engineer,6,8.2265625,True,1,True
8068087,storyblocks||platforms engineer,7,7.828125,True,6,True
7235322,"mongodb||software engineer 3, search systems replication & routing",8,7.73046875,True,13,True
7775271003,oddball||back end engineer,9,7.6796875,True,20,True
5430088004,"vercel||software engineer, backend",10,7.59765625,True,7,True
7803020003,verisign||java software engineer,11,7.48828125,True,18,True
5caff613-773d-466d-9876-cd803811d30b,skyflow||software engineer,12,7.46484375,True,211,True
7523834,"mongodb||software engineer, data migration",13,7.4140625,True,29,True
7843774,redventures||software engineer | growth & transformation,14,7.37890625,True,151,True
6115695004,turing||software engineer,15,7.2421875,True,42,True
7810449003,oddball||devops engineer,16,7.078125,True,43,True
8558761002,spacex||automation & controls engineer,17,7.0390625,True,48,True
5063929007,xai||software engineer– x core product,18,7.0,True,78,True
4674621006,accenturefederalservices||ai/ml engineer,19,6.9765625,True,83,True
5633880004,"vercel||software engineer, deployment infrastructure",20,6.9375,True,12,True
8632433002,moon||full-stack engineer - generalist,21,6.9296875,True,94,True
4643328006,accenturefederalservices||big data analytic developer - full stack,22,6.87109375,True,34,True
4609681006,accenturefederalservices||software engineer,23,6.87109375,True,16,True
0ca9484b-5eb3-45c2-9ea6-64c3f8144a3a,spreetail||software engineer ii,24,6.859375,True,50,True
8050714,rubrik||software engineer - hypervisor,25,6.85546875,True,46,True
4628511006,accenturefederalservices||full stack engineer,26,6.8515625,True,30,True
1208934,hpe|wd5|jobsathpe||ai/ml engineer,27,6.81640625,True,62,True
8398679002,"spacex||backend software engineer, gnc",28,6.78515625,True,77,True
4481921005,"scaleai||forward deployed software engineer, public sector",29,6.77734375,True,10,True
R26_820,arcticwolf|wd1|external||python backend developer,30,6.76953125,True,201,True
5551619004,"vercel||software engineer, compute",31,6.76953125,True,9,True
4960949,pfizer|wd1|pfizercareers||ds & ai full stack engineer,32,6.7421875,True,45,True
4681183006,astranis||software engineer- backend intern,33,6.73828125,True,67,True
7957794,"mongodb||technical services engineer, partners",34,6.70703125,True,44,True
8553080002,"spacex||full stack software engineer, data",35,6.703125,True,128,True
8421359002,spacex||full stack software engineer,36,6.703125,True,32,True
R-54185-2026,harman|wd3|harman||software engineer - java backend,37,6.68359375,True,72,True
8637712002,"spacex||software engineer, applied ai",38,6.68359375,True,52,True
8037730,thoughtworks||associate-graduate:developer,39,6.68359375,True,59,True
4906944101,cognite||software engineer - ai/ml systems,40,6.68359375,True,118,True
4608166006,accenturefederalservices||cleared ai/ml engineer,41,6.6640625,True,55,True
8639200002,"lyft||ml software engineer, eta",42,6.640625,True,156,True
5252722008,divergent||real-time systems engineer,43,6.60546875,True,233,True
4698536006,orioninnovation||backend java developer,44,6.578125,True,19,True
6115863004,"googlefiber||backend engineer, ai systems",45,6.57421875,True,379,True
7650609003,tulip||applied ai engineer,46,6.5703125,True,61,True
5365365008,getwellnetwork||ai engineer,47,6.5703125,True,169,True
4686185006,accenturefederalservices||sap devops engineer,48,6.5234375,True,40,True
4689805006,accenturefederalservices||cloud / devops engineer,49,6.5,True,66,True
8054991,"mongodb||software engineer 3, documentation platform",50,6.48828125,True,86,True
5041977007,xai||exceptional designer,51,6.47265625,True,110,True
8633661002,fieldwire||mid-level backend engineer,52,6.46484375,True,82,True
7908785,mongodb||software engineer 3,53,6.453125,True,197,True
R005736,adtran|wd3|adtran||software engineer,54,6.4453125,True,193,True
8420526002,"spacex||application software engineer, data",55,6.44140625,True,186,True
5159092007,andurilindustries||2026 early career engineering finance associate,56,6.42578125,True,14,True
4673485006,accenturefederalservices||custom software engineer,57,6.421875,True,56,True
42296,guidehouse|wd1|external||software developer,58,6.40234375,True,11,True
4692256006,accenturefederalservices||forward deployed data engineer - databricks,59,6.38671875,True,58,True
7800617003,axontalentcommunity||2027 us software engineering internship,60,6.375,True,87,True
8493473002,spacex||automation & controls specialist,61,6.37109375,True,129,True
4669270006,accenturefederalservices||generative ai applications engineer,62,6.35546875,True,26,True
1209483,hpe|wd5|jobsathpe||software engineer,63,6.34765625,True,76,True
8560018002,"spacex||chemical process specialist, pcb",64,6.33984375,True,448,True
8558858002,spacex||software engineer,65,6.33984375,True,190,True
4022384009,arcanaanalytics||devops engineer,66,6.3359375,True,17,True
7523920,"mongodb||software engineer 3, atlas search systems",67,6.33203125,True,212,True
8566918002,axs||software engineer,68,6.3203125,True,15,True
8404440002,axogen||ai/ml engineer,69,6.3203125,True,137,True
7810360003,freeformfuturecorp||it system administrator,70,6.31640625,True,108,True
8450986002,"spacex||automation & controls specialist, silicon process manufacturing",71,6.30859375,True,244,True
7938794,wehrtyou||site reliability engineer - enterprise technology,72,6.30859375,True,177,True
8016515,fanduel||software engineer,73,6.3046875,True,33,True
5191603007,clerkie||backend engineer,74,6.30078125,True,74,True
8031341,fanduel||security engineer,75,6.28515625,True,91,True
8584468002,"spacex||production supervisor, injection molding",76,6.2734375,True,419,True
8584271002,"spacex||software engineer, pcba",77,6.26953125,True,90,True
5428982004,"vercel||software engineer, observability",78,6.26953125,True,57,True
4644242006,accenturefederalservices||ai / ml engineer,79,6.25390625,True,114,True
8551502002,spacex||production supervisor - assembly & smt,80,6.24609375,True,324,True
4845016101,nebius||developer advocate - token factory,81,6.2421875,True,203,True
4689887006,accenturefederalservices||software developer/engineer,82,6.2421875,True,39,True
5152408007,"xai||software engineer, ads product",83,6.23046875,True,73,True
5167865007,andurilindustries||early career firmware engineer,84,6.2265625,True,37,True
65148649-2d74-4af6-a0b0-cad793083d78,tradeify||full stack engineer,85,6.22265625,True,22,True
5165240008,trueclassicteesllc||ai engineer,86,6.22265625,True,63,True
7985390,purestorage||production engineer,87,6.21484375,True,68,True
5252716008,divergent||robotics systems software engineer,88,6.2109375,True,424,True
5613601004,"vercel||software engineer, growth",89,6.20703125,True,38,True
8582141002,"spacex||test engineer, avionics",90,6.19140625,True,125,True
5798406004,"vercel||software engineer, ai gateway",91,6.19140625,True,31,True
5191142007,xai||software engineer - platform infrastructure,92,6.1796875,True,206,True
4855435101,nice||specialist software architect,93,6.1796875,True,394,True
6098390004,"vercel||software engineer, eve",94,6.14453125,True,49,True
8562284002,"spacex||software engineer, flight software",95,6.140625,True,105,True
8632103002,"spacex||application software engineer, employee experience",96,6.1328125,True,121,True
5285921008,gruve||network security engineer,97,6.11328125,True,360,True
5191113007,"redcellpartners||forward deployed engineer, federal/national security",98,6.09375,True,283,True
8041664,"mongodb||software engineer 3, voyage control plane",99,6.07421875,True,276,True
5704320004,"vercel||software engineer, agent",100,6.07421875,True,84,True
4655607006,accenturefederalservices||software development engineer,101,6.04296875,True,41,False
8638457002,"spacex||full stack software engineer, observability",102,6.0390625,True,116,False
8621621002,"spacex||software engineer, product development",103,6.01953125,True,120,False
8414648002,"spacex||software engineer, tracking",104,6.01171875,True,165,False
R436537,comcast|wd5|comcast_careers||engineer 3 - machine learning,105,5.99609375,True,296,False
6113913004,nymbusinc||product operations,106,5.9921875,True,101,False
4324424009,itd||data engineer iv,107,5.98046875,True,303,False
4243668009,redwoodsoftware||software engineer,108,5.98046875,True,185,False
6120133004,"kargo||software engineer, edge",109,5.9765625,True,147,False
5829711004,diligentcorporation||forward deployed engineer,110,5.9765625,True,471,False
4618777006,accenturefederalservices||cloud platform engineer,111,5.9765625,True,268,False
8604664002,"spacex||application software engineer (c#/ python), data",112,5.95703125,True,252,False
R-108690,mrisoftware|wd501|external_careersite||software engineer iii,113,5.94921875,True,263,False
7807087003,phonepe||software engineer-backend,114,5.94921875,True,438,False
7800446003,"affirm||software engineer ii, backend",115,5.9453125,True,467,False
8590099002,aegworldwide||software engineer- ch- axs,116,5.94140625,True,23,False
8053843,latitude||embedded software engineer ii - (c++) realtime platform,117,5.93359375,True,465,False
8397683002,"spacex||software engineer, collision avoidance",118,5.92578125,True,220,False
1210565,hpe|wd5|jobsathpe||sw engineering,119,5.92578125,True,222,False
5788954004,"vercel||software engineer, trust & safety",120,5.91015625,True,160,False
8600019002,"spacex||application software engineer, manufacturing systems",121,5.89453125,True,157,False
5798416004,"vercel||software engineer, workflows",122,5.88671875,True,35,False
5052038007,xai||software engineer - internal tools,123,5.88671875,True,378,False
5189877007,andurilindustries||production software engineer,124,5.8828125,True,100,False
6119171004,twosixtechnologies||software engineer,125,5.87890625,True,267,False
8393557002,spacex||starlink production associate,126,5.87109375,True,229,False
5133682007,andurilindustries||software engineer,127,5.8671875,True,104,False
5364783008,gigaenergy||warehouse technician,128,5.86328125,True,346,False
5254965008,mesh||full stack software engineer - web3,129,5.859375,True,290,False
4685018006,accenturefederalservices||aws cloud engineer,130,5.859375,True,168,False
4657188006,accenturefederalservices||infra tech support practitioner,131,5.8515625,True,402,False
3ccd9185-0138-4211-a757-428092170dfe,sift||full-stack engineer,132,5.84765625,True,326,False
8402132002,spacex||chemical process engineer,133,5.84375,True,304,False
7939631,nextdoor||gtm engineer,134,5.84375,True,318,False
4691998006,accenturefederalservices||forward data engineer,135,5.84375,True,328,False
4683032006,accenturefederalservices||full stack software engineer,136,5.84375,True,132,False
8398604002,"spacex||full stack software engineer, constellation tools",137,5.83984375,True,447,False
4609467006,accenturefederalservices||data engineer,138,5.8359375,True,109,False
4612894006,accenturefederalservices||cloud engineer,139,5.83203125,True,235,False
R000064918,chevron|wd5|jobs||cloud engineer – hpc compute.,140,5.828125,True,150,False
6105394004,"vercel||software engineer, cdn content",141,5.82421875,True,54,False
8612903002,spacex||factory build engineer,142,5.81640625,True,158,False
8633227002,databricks||solutions architect,143,5.8125,True,454,False
5179639004,"vercel||software engineer, cdn",144,5.8125,True,25,False
5166602007,andurilindustries||software engineer - maritime integrated systems,145,5.8125,True,297,False
8603667002,"spacex||application software engineer, manufacturing",146,5.7890625,True,226,False
8436708002,"spacex||software engineer, embedded software",147,5.7890625,True,209,False
5156713007,"andurilindustries||mission software engineer, intelligence systems",148,5.76953125,True,316,False
8578923002,"spacex||software engineer, low latency computing",149,5.76171875,True,200,False
5112335007,"andurilindustries||software engineer, agentic modeling & simulation",150,5.76171875,True,293,False
8563304002,spacex||fluids engineer,151,5.75390625,True,239,False
8449846002,"spacex||software engineer, data - top secret clearance",152,5.75390625,True,279,False
26WD99923,autodesk|wd1|ext||software engineer,153,5.75,True,386,False
8420823002,spacex||production engineer,154,5.73828125,True,340,False
8637755002,"spacex||software engineer, starlink ux",155,5.72265625,True,208,False
4688445006,accenturefederalservices||devops engineer,156,5.72265625,True,333,False
8587084002,spacex||operations engineer,157,5.71484375,True,260,False
8443290002,"spacex||software engineer, simulation",158,5.71484375,True,204,False
4243666009,redwoodsoftware||associate software engineer,159,5.71484375,True,373,False
8612094002,spacex||factory engineer,160,5.7109375,True,392,False
8533859002,"spacex||software engineer, continuous integration",161,5.703125,True,170,False
4693021006,accenturefederalservices||cloud engineer - terraform + gitlab,162,5.703125,True,162,False
8391268002,spacex||automation & controls specialist (starship) - level 4/5,163,5.69921875,True,399,False
4609468006,accenturefederalservices||cleared data engineer,164,5.6953125,True,141,False
7310607,zuora||dev. ops engineer,165,5.67578125,True,387,False
4956028007,xai||exceptional software engineer,166,5.66796875,True,407,False
8112909002,workato||software engineer - ai agent platforms,167,5.66015625,True,421,False
8533686002,"spacex||software engineer, telemetry - top secret clearance",168,5.65625,True,349,False
4991618007,"andurilindustries||software engineer, data engineering",169,5.65625,True,115,False
8593183002,"spacex||software engineer, flight software c++",170,5.65234375,True,358,False
8042468,urbancompass||software engineer ii,171,5.640625,True,96,False
4687505006,pitchbookdata||machine learning engineer,172,5.640625,True,249,False
8624761002,spacex||rf software engineer,173,5.6328125,True,265,False
4005123009,"kodiak||software engineer, embedded",174,5.62890625,True,80,False
5058466007,"andurilindustries||tactical network & mission systems engineer, maritime",175,5.62109375,True,367,False
8075469,"stripe||software engineer, optimized checkout & link",176,5.61328125,True,194,False
8052726,"waymo||machine learning engineer, gpu kernel and runtime",177,5.61328125,True,417,False
6115993004,nymbusinc||ai product builder - payments,178,5.61328125,True,130,False
4695183006,accenturefederalservices||google cloud platform (gcp) data engineer,179,5.61328125,True,314,False
8577262002,"spacex||software engineer, network observability",180,5.59765625,True,247,False
8470330002,"spacex||launch engineer, stage 0 propellant generation",181,5.59375,True,261,False
7810232003,rocketlab||gnc engineer ii,182,5.59375,True,225,False
5064165007,"andurilindustries||software engineer, intelligence systems",183,5.58203125,True,474,False
4685954006,accenturefederalservices||cleared devops engineer,184,5.58203125,True,146,False
5179367007,xai||software engineer - network,185,5.578125,True,363,False
7523911,"mongodb||software engineer 3, atlas vector search",186,5.5703125,True,295,False
8627507002,"spacex||december 2026 new graduate engineer, mechanical",187,5.55859375,True,382,False
4608156006,accenturefederalservices||data architect,188,5.5546875,True,215,False
5191452007,"andurilindustries||production associate, sentry",189,5.55078125,True,213,False
5116367007,"andurilindustries||npi engineer, actuators",190,5.55078125,True,251,False
8458001002,"spacex||software engineer, starlink network",191,5.546875,True,264,False
8494238002,spacex||application software engineer,192,5.5390625,True,173,False
8476427002,"spacex||software engineer, data",193,5.5390625,True,364,False
4681652006,accenturefederalservices||cno developer,194,5.5390625,True,266,False
7697783003,rocketlab||manufacturing engineer ii,195,5.53515625,True,237,False
8578931002,"spacex||software engineer, high performance computing",196,5.53125,True,269,False
5124616007,xai||software engineer - data,197,5.53125,True,414,False
8317901002,spacex||build coordinator,198,5.52734375,True,148,False
5052040007,xai||software engineer - kernels/cuda,199,5.52734375,True,390,False
8497499002,"spacex||new graduate engineer, mechanical",200,5.5234375,True,353,False
8624953002,"spacex||software engineer, cdn",201,5.51953125,True,337,False
8593365002,"spacex||application software engineer, safety & training",202,5.51171875,True,184,False
5191430007,"andurilindustries||production associate, missiles",203,5.50390625,True,232,False
4309675009,vianttechnology||cloud reliability engineer,204,5.50390625,True,117,False
8052759,newsela||contractor: php website developer,205,5.5,True,481,False
4662623006,accenturefederalservices||cloud devops engineer,206,5.5,True,112,False
5973065004,stage||software engineer - data distribution / data intelligence,207,5.49609375,True,428,False
5159251007,xai||operations engineer,208,5.4921875,True,285,False
7535796,alphasights||mid-level frontend engineer (remote) - uk,209,5.48828125,True,275,False
5474915004,"vercel||software engineer, ai sdk",210,5.48828125,True,69,False
4655610006,accenturefederalservices||ai architect,211,5.48828125,True,487,False
8376990002,"spacex||new graduate engineer, software",212,5.484375,True,380,False
8637713002,"spacex||software engineer, design engineering",213,5.47265625,True,384,False
4674322006,accenturefederalservices||python / aws developer,214,5.47265625,True,81,False
8632389002,spacex||propulsion engineer,215,5.46875,True,470,False
8395307002,"spacex||software engineer, power systems controls",216,5.46484375,True,422,False
8466905002,"spacex||software engineer, design software",217,5.4609375,True,196,False
4768862007,"andurilindustries||head of production, space",218,5.45703125,True,451,False
4668793006,accenturefederalservices||cloud services engineer,219,5.44140625,True,478,False
8395341002,spacex||satellite systems software engineer,220,5.4375,True,410,False
5131150007,"andurilindustries||software engineer, tooling",221,5.43359375,True,231,False
8493500002,"spacex||structures engineer, build",222,5.4296875,True,131,False
7762930,phdata||forward deployed ai product engineer,223,5.41796875,True,327,False
8576029002,spacex||integration engineer,224,5.41015625,True,280,False
4671061006,accenturefederalservices||devops / platform engineer,225,5.41015625,True,342,False
8527462002,spacex||integration engineer (starship) - night shift,226,5.40625,True,271,False
8451998002,"spacex||software engineer, telemetry",227,5.40625,True,348,False
7565921003,rocketlab||composite technician - all levels,228,5.40234375,True,339,False
8578929002,"spacex||software engineer, beam planning",229,5.39453125,True,413,False
5808568004,"vercel||software engineer, dashboard",230,5.3828125,True,155,False
8568970002,spacex||software engineer (special projects) - top secret clearance,231,5.37109375,True,486,False
8530798002,"spacex||embedded software engineer, os/platform",232,5.37109375,True,351,False
8578936002,"spacex||embedded software engineer, laser mesh routing",233,5.359375,True,403,False
4689025006,accenturefederalservices||jr. software engineer,234,5.359375,True,159,False
5182903007,nerostechnologies||manufacturing systems engineer,235,5.35546875,True,427,False
R13716,creditacceptance|wd5|credit_acceptance||software engineer ii,236,5.3515625,True,332,False
5752684004,vercel||forward-deployed engineer,237,5.33984375,True,79,False
5181289007,octus||software engineer,238,5.3359375,True,174,False
5151287007,"andurilindustries||perception engineer, machine learning",239,5.33203125,True,345,False
8553658002,spacex||integration & test engineer,240,5.328125,True,310,False
5624231004,"vercel||account executive- startups, greenfield",241,5.328125,True,385,False
8573204002,"spacex||software engineer, devops",242,5.3203125,True,149,False
b8bc9bef-2dd4-452f-bf07-769dddd1a6c0,"hims-and-hers||software engineer ii, patient platform",243,5.3125,True,144,False
8607223002,spacex||production coordinator - multiple shifts,244,5.30859375,True,444,False
8397596002,"spacex||software engineer, hitl - top secret clearance",245,5.30859375,True,286,False
7738475003,rocketlab||spacecraft operations engineer ii,246,5.30859375,True,228,False
R260021171,bmo|wd3|external||mainframe z/os systems programmer,247,5.30078125,True,459,False
8397609002,spacex||full stack software engineer - top secret clearance,248,5.30078125,True,270,False
5160667007,"andurilindustries||infrastructure software engineer, active clearance",249,5.296875,True,302,False
5135863007,andurilindustries||production scheduler,250,5.29296875,True,320,False
8575795002,spacex||gateway manufacturing specialist,251,5.2890625,True,457,False
6011651004,vercel||product strategy & operations,252,5.2890625,True,300,False
8633051002,"spacex||build engineer, copvs",253,5.24609375,True,205,False
7786443003,rocketlab||spacecraft operations engineer i/ii,254,5.2421875,True,221,False
8477124002,"spacex||software engineer, c++",255,5.23828125,True,391,False
4660560006,accenturefederalservices||devops architect,256,5.23828125,True,64,False
8592882002,"spacex||scada & controls engineer, infrastructure & utility",257,5.234375,True,420,False
7807138003,rocketlab||test and launch operations engineer i,258,5.234375,True,164,False
5732855004,vercel||site engineer,259,5.22265625,True,93,False
8562456002,"spacex||build engineer, structures",260,5.21875,True,182,False
82c4c13c-0a9e-4afe-a0cb-d925cf7a15b8,helpscout||brand designer,261,5.21875,True,472,False
4698580006,eulerity||forward deployed engineer,262,5.2109375,True,292,False
5158899007,"andurilindustries||finance associate, engineering",263,5.20703125,True,243,False
8626500002,spacex||data engineer,264,5.1953125,True,362,False
5175828007,"codepath||account executive, higher education",265,5.1953125,True,317,False
8553662002,spacex||build specialist,266,5.18359375,True,272,False
Req-48429,"edwards|wd5|edwardscareers||associate salesforce developer, it",267,5.1796875,True,241,False
7783549,appian||junior software engineer - java,268,5.1796875,True,395,False
7805049003,phoenixcontact||software development engineer ii,269,5.1640625,True,106,False
5979111004,vercel||head of field engineering operations,270,5.1640625,True,166,False
4695324006,accenturefederalservices||full stack developer,271,5.1640625,True,163,False
5061295007,andurilindustries||2nd shift production coordinator,272,5.1484375,True,464,False
5086631007,"andurilindustries||flight software platform engineer, embedded c/c++, air dominance & strike",273,5.14453125,True,153,False
5042166004,"vercel||commercial account executive, greenfield",274,5.14453125,True,119,False
5102393007,"andurilindustries||software engineer, robotics",275,5.140625,True,192,False
4620112006,accenturefederalservices||infrastructure engineer,276,5.1328125,True,335,False
5167428007,"andurilindustries||quality engineer, maritime",277,5.12890625,True,415,False
8437707002,workato||forward deployed engineer,278,5.125,True,497,False
8585072002,"spacex||software engineer, test infrastructure",279,5.11328125,True,458,False
5806749004,vercel||solutions architect,280,5.11328125,True,136,False
4601135006,"astranis||embedded software developer, network/payload software intern",281,5.11328125,True,124,False
4324888004,warp||software engineer,282,5.11328125,True,494,False
5152591007,"andurilindustries||software engineer, sensor simulation",283,5.10546875,True,435,False
8626648002,spacex||mechanical engineer,284,5.1015625,True,313,False
8534711002,spacex||development technician (pcba) - 2nd shift,285,5.09765625,True,111,False
8042511,dominodatalab||solution architect,286,5.09765625,True,446,False
8377056002,"spacex||software engineer, c++ - top secret clearance",287,5.08984375,True,381,False
5191611007,clerkie||full-stack engineer,288,5.08984375,True,227,False
R00027904,erm|wd3|erm_earlycareers||data scientist/automation,289,5.0859375,True,282,False
4955431007,andurilindustries||chief engineer,290,5.0859375,True,250,False
4643762006,"accenturefederalservices||azure data engineer in st. louis, mo",291,5.0859375,True,202,False
4363202006,astranis||embedded software engineer - network software,292,5.078125,True,291,False
8559200002,"spacex||mechanical engineer, machine design",293,5.07421875,True,412,False
6009442004,ionq||production support engineer,294,5.07421875,True,491,False
5177896007,"andurilindustries||software engineer, 3rd-party integrations",295,5.0703125,True,490,False
8631298002,spacex||wi-fi software engineer,296,5.06640625,True,230,False
R-102323,riministreet|wd1|riministreet||associate support engineer,297,5.05859375,True,493,False
4644875006,accenturefederalservices||cleared java developer,298,5.05859375,True,21,False
4931246101,roboyo||rpa support engineer - uipath,299,5.0546875,True,343,False
8368715002,spacex||embedded software engineer,300,5.046875,True,298,False
4669508006,accenturefederalservices||azure infrastructure engineer,301,5.0390625,True,456,False
8592321002,spacex||production project engineer,302,5.03515625,True,240,False
8565726002,"spacex||new graduate engineer, electrical",303,5.03515625,True,423,False
5174717007,"andurilindustries||software engineer, agent platform",304,5.03515625,True,312,False
5087125007,andurilindustries||warhead design engineer - modeling & simulation,305,5.02734375,True,489,False
5993753004,"vercel||software engineer, next.js",306,5.0234375,True,95,False
a27c05d4-d8a0-4193-8999-6814d8d447c6,element84||software engineer - federal geospatial,307,5.01953125,True,253,False
8477422002,spacex||test stand design & build engineer,308,5.0078125,True,473,False
4689020006,accenturefederalservices||jr. devops engineer,309,5.0,True,135,False
7576969003,axon||software engineer i,310,4.99609375,True,273,False
8553649002,spacex||build engineer,311,4.9921875,True,299,False
5158245007,"andurilindustries||mission software infrastructure engineer, active clearance",312,4.9921875,True,443,False
7938955,piaggiofastforward||dev ops engineer,313,4.98828125,True,207,False
5175168007,"andurilindustries||software engineer, training platform",314,4.97265625,True,426,False
4711767005,careerteam||devops engineer,315,4.9609375,True,139,False
5129324007,"andurilindustries||software engineer, rapid integration and test",316,4.953125,True,350,False
8532395002,"spacex||software engineer, development test",317,4.94140625,True,301,False
6117204004,"vercel||security software engineer, open source frameworks",318,4.91015625,True,88,False
8552882002,spacex||os/platform software engineer,319,4.8984375,True,400,False
8563891002,spacex||build engineer (starship) - nights,320,4.87890625,True,401,False
8563892002,spacex||welding build engineer,321,4.859375,True,305,False
6102335004,"vercel||security engineer, cloud",322,4.859375,True,315,False
4667196006,accenturefederalservices||pl/sql developer,323,4.859375,True,466,False
1193164,hpe|wd5|jobsathpe||golang developer,324,4.859375,True,393,False
5190195007,"andurilindustries||embedded software engineer, c++",325,4.85546875,True,437,False
7681467003,rocketlab||spacecraft mechanical engineer ii - ts/sci,326,4.83984375,True,321,False
5042174004,vercel||enterprise account executive,327,4.83203125,True,258,False
4619283006,astranis||flight software intern,328,4.81640625,True,480,False
7786028003,prizepicks||software engineer ii,329,4.8125,True,365,False
6026762004,insider||life partnerships fellow,330,4.8125,True,361,False
6093255004,"vercel||security software engineer, iam",331,4.79296875,True,167,False
4666233006,accenturefederalservices||lc/nc administrator/developer,332,4.78515625,True,284,False
8578087002,"spacex||new graduate engineer, launch & test",333,4.78125,True,492,False
4610676006,accenturefederalservices||data engineer specialist,334,4.78125,True,376,False
8365425002,spacex||tooling design & automation engineer,335,4.7734375,True,440,False
4863272101,davinciderivatives||low latency engineer,336,4.75390625,True,330,False
5815357004,"vercel||vercel development representative, startups",337,4.74609375,True,216,False
4692035006,accenturefederalservices||front end developer,338,4.734375,True,445,False
8622390002,spacex||thermal hardware engineer,339,4.73046875,True,179,False
4651087006,accenturefederalservices||java developer,340,4.72265625,True,477,False
5039945004,"vercel||business development representative, majors",341,4.71484375,True,334,False
8634955002,"spacex||operations engineer, facilities",342,4.70703125,True,475,False
4697446006,accenturefederalservices||design technologist,343,4.703125,True,172,False
4647429006,astranis||production master scheduler,344,4.69140625,True,431,False
4673138006,accenturefederalservices||software developer,345,4.6875,True,355,False
4648419006,accenturefederalservices||secdevops engineer,346,4.671875,True,359,False
4015622006,astranis||flight software engineer,347,4.671875,True,183,False
8f96b791-a170-4959-a772-74e1872f5841,jump-app||application product security engineer,348,4.66015625,True,476,False
6112143004,"vercel||enterprise account executive, retail",349,4.65234375,True,374,False
8389500002,spacex||structural engineer,350,4.6484375,True,277,False
5136434007,andurilindustries||developer experience engineer,351,4.640625,True,187,False
4799423007,andurilindustries||cnc programmer,352,4.62109375,True,463,False
4657329006,accenturefederalservices||devsecops engineer,353,4.6171875,True,126,False
5989803004,vercel||developer success engineer,354,4.609375,True,140,False
4681756006,accenturefederalservices||ux designer,355,4.58984375,True,450,False
4668821006,accenturefederalservices||systems engineer,356,4.58203125,True,377,False
7918310,relaypro||solutions engineer,357,4.56640625,True,416,False
8582829002,spacex||build supervisor,358,4.5234375,True,499,False
6121289004,sonyinteractiveentertainmentglobal||platform engineer ii,359,4.51953125,True,375,False
6102343004,vercel||product security engineer,360,4.51953125,True,234,False
8492384002,spacex||propulsion technician,361,4.49609375,True,469,False
8506512002,"spacex||material handler, heatshield",362,4.46484375,True,255,False
c6d119df-b5e3-4d94-8a4f-22d5040a0924,thought-machine||forward deployed engineer,363,4.453125,True,242,False
8335423002,spacex||fluids systems technician,364,4.4375,True,439,False
4690287006,accenturefederalservices||jr. systems engineer,365,4.43359375,True,432,False
8170233002,cannondesign||mechanical ii,366,4.4296875,True,434,False
8377628002,spacex||avionics systems engineer,367,4.421875,True,347,False
4298100006,astranis||propulsion manufacturing engineer,368,4.36328125,True,405,False
8641217002,blinkhealth||early career pharmacy operations associate,369,4.34375,True,485,False
6115991004,"vercel||visual designer, web",370,4.34375,True,176,False
8527620002,cannondesign||technical designer iii,371,4.3125,True,388,False
5832366004,vercel||head of developer community,372,4.27734375,True,306,False
4572174006,astranis||production quality engineer,373,4.23828125,True,248,False
4679250006,accenturefederalservices||fiori developer,374,4.21875,True,311,False
5161421007,andurilindustries||2026 early career finance coordinator,375,4.21484375,True,65,False
8356404002,spacex||design development technician,376,4.14453125,True,418,False
4688994006,accenturefederalservices||sap fiori developer,377,4.1015625,True,442,False
8575407002,spacex||sheet metal technician,378,3.966796875,True,482,False
8517393002,deliveryassociates||full stack software developer – lac (brazil) - 12 months contractor,379,3.93359375,True,498,False
4716720005,hillel||engagement associate at towson university hillel,380,3.93359375,True,189,False
4675636006,accenturefederalservices||network engineer,381,3.822265625,True,500,False
7895064,onemedical||early career - family medicine physician - sign - on bonus available,382,3.5234375,True,452,False
4108546009,woolpert||bridge engineer in training,383,3.4765625,True,308,False
5192037007,altentechnologyusa||cae durability engineer,384,3.111328125,True,357,False
6991264,phdata||machine learning solutions architect,385,5.77734375,False,501,False
8635006002,spacex||facilities operations engineer,386,5.7734375,False,509,False
8559015002,spacex||ai software engineer,387,5.7734375,False,508,False
5980197004,"vercel||media engineer, social",388,5.7734375,False,505,False
e50376f9-befe-42db-88d4-b74173757daa,andromeda||founding product designer,389,5.76953125,False,512,False
6099577004,redwoodmaterials||software engineer - ml/computer vision,390,5.76953125,False,511,False
4670863006,accenturefederalservices||cleared software engineer,391,5.76953125,False,510,False
4690994006,accenturefederalservices||junior devops engineer,392,5.765625,False,513,False
8599644002,janestreet||software engineer,393,5.7578125,False,517,False
8297135002,gotion||process engineer - cell line,394,5.7578125,False,516,False
7803261003,flyzipline||software engineer - hardware test,395,5.7578125,False,515,False
6004536004,twosixtechnologies||ui developer,396,5.7578125,False,514,False
8601643002,"spacex||process technician, injection molding (starlink) - 2nd shift",397,5.75390625,False,520,False
8584481002,"spacex||production supervisor, injection molding - night shift",398,5.75390625,False,519,False
8514969002,spacex||support technician (starship) - temporary,399,5.75390625,False,518,False
8627986002,cannondesign||project mechanical v,400,5.75,False,523,False
4694715006,accenturefederalservices||sap abap developer,401,5.75,False,522,False
6102654004,vercel||grc analyst,402,5.74609375,False,527,False
5144455007,"andurilindustries||mechanical engineer, production - connected warfare",403,5.74609375,False,526,False
5063490007,xai||ai tutor - software engineering specialist,404,5.74609375,False,525,False
7599452003,"rocketlab||mechanical engineer ii, neutron avionics",405,5.7421875,False,533,False
5185576008,backblaze||software engineer iii,406,5.7421875,False,532,False
5152463007,andurilindustries||it systems engineer,407,5.7421875,False,531,False
4688013006,accenturefederalservices||site reliability engineer,408,5.7421875,False,529,False
8636180002,"spacex||supplier development engineer, hardware & fasteners",409,5.73828125,False,535,False
0eecd153-c7e7-4098-987c-7d34e9d2850b,hirehangar||frontend-focused full stack developer,410,5.73828125,False,534,False
8394899002,"spacex||gnc engineer, starlink controls",411,5.734375,False,538,False
8352158002,spacex||entry level production technician - pcba,412,5.734375,False,537,False
4688819006,accenturefederalservices||cloud cost/finance ops engineer,413,5.734375,False,536,False
R-282822,mastercard|wd1|corporatecareers||software engineer ii,414,5.73046875,False,541,False
5081020007,"andurilindustries||chief engineer, fury development",415,5.73046875,False,539,False
8582792002,spacex||build supervisor (starship) - 2nd shift,416,5.7265625,False,548,False
4975955007,"andurilindustries||software engineer, game development",417,5.7265625,False,545,False
4663057006,accenturefederalservices||palantir data engineer,418,5.7265625,False,544,False
4661466006,accenturefederalservices||cno software developer,419,5.7265625,False,543,False
4597559006,astranis||harness design engineer intern,420,5.7265625,False,542,False
8565741002,spacex||fleet maintenance technician,421,5.72265625,False,552,False
8563034002,"spacex||civil engineer, land development",422,5.72265625,False,551,False
8395276002,"spacex||automation & controls engineer, infrastructure & utility",423,5.72265625,False,550,False
4017276006,"astranis||guidance, navigation & control (gnc) simulation software engineer",424,5.72265625,False,549,False
8559054002,"spacex||software engineer, engineering simulation & automation",425,5.71875,False,556,False
8551478002,spacex||production supervisor,426,5.71875,False,555,False
4679102006,astranis||propulsion manufacturing intern,427,5.71875,False,554,False
8450056002,spacex||power systems engineer,428,5.71484375,False,560,False
5147041007,"andurilindustries||structures design engineer, omen",429,5.71484375,False,559,False
4596812006,astranis||machinist/programmer,430,5.71484375,False,558,False
4325685006,astranis||fpga engineer,431,5.71484375,False,557,False
8596339002,"spacex||mechanical engineer, tower & launch mount",432,5.7109375,False,564,False
8578082002,"spacex||mechanical engineer, fluid systems",433,5.7109375,False,563,False
7751601003,cookunity||ai native engineer,434,5.7109375,False,562,False
5060066007,"andurilindustries||chief engineer, fury science & tech",435,5.7109375,False,561,False
8506759002,spacex||manufacturing specialist (starlink) - 2nd shift,436,5.70703125,False,569,False
8402121002,spacex||propulsion build engineer,437,5.70703125,False,568,False
5167525007,"andurilindustries||metrology engineer, maritime",438,5.70703125,False,567,False
5149286007,"andurilindustries||quality specialist, roadrunner",439,5.70703125,False,566,False
4697735006,accenturefederalservices||snowflake developer,440,5.70703125,False,565,False
8560022002,spacex||fpga/asic design engineer,441,5.703125,False,571,False
8506443002,"spacex||automation & controls engineer, assembly manufacturing",442,5.703125,False,570,False
8489582002,optiverus||trading automation and operations intern,443,5.69921875,False,575,False
8439627002,spacex||rf silicon software engineer,444,5.69921875,False,574,False
4615154006,accenturefederalservices||innovation and automation specialist,445,5.69921875,False,572,False
8621649002,spacex||software engineer (starshield) - top secret clearance,446,5.6953125,False,578,False
8611123002,spacex||production reliability engineer,447,5.6953125,False,577,False
5160664007,"andurilindustries||head of production, missiles",448,5.6953125,False,576,False
7948530,"mongodb||salesforce engineer iii, fedramp",449,5.69140625,False,579,False
4742120007,"andurilindustries||chief engineer, advanced effects",450,5.6875,False,581,False
4533894007,xai||software engineer - training/inference,451,5.6875,False,580,False
8597472002,"spacex||site reliability engineer, kubernetes platform",452,5.68359375,False,589,False
8434111002,spacex||shipping specialist,453,5.68359375,False,588,False
8395371002,"spacex||gnc engineer, device navigation and beam pointing",454,5.68359375,False,587,False
7810444003,flyzipline||new products mechanical design engineer,455,5.68359375,False,586,False
5178115007,"andurilindustries||software engineer, robotics tracking and fusion",456,5.68359375,False,583,False
4961005007,"andurilindustries||software engineer (active clearance), intelligence systems",457,5.68359375,False,582,False
8545793002,"spacex||automation & controls engineer, solar cell factory",458,5.6796875,False,592,False
5364760008,gigaenergy||assembly technician,459,5.6796875,False,591,False
5022011007,"andurilindustries||business operations, international",460,5.6796875,False,590,False
WD30274995,jci|wd5|jci||product engineer,461,5.67578125,False,601,False
7491153,samsara||ai engineer,462,5.67578125,False,597,False
5147775007,andurilindustries||frontend software engineer,463,5.67578125,False,596,False
4609464006,accenturefederalservices||data scientist,464,5.67578125,False,595,False
4326546009,beaconbiosignals||front-end software engineer,465,5.67578125,False,594,False
8632982002,spacex||eda engineer,466,5.671875,False,605,False
8157812002,cannondesign||mechanical ib,467,5.671875,False,604,False
8052083,wehrtyou||software engineering internship (c++ or python) – summer 2027,468,5.671875,False,603,False
8565743002,spacex||fleet maintenance technician (starship) - level 4/5,469,5.6640625,False,613,False
8054878,"thealleninstitute||predoctoral young investigator, open ecosystem",470,5.6640625,False,612,False
7810502003,flyzipline||new products ground systems mechanical design engineer,471,5.6640625,False,611,False
5152403007,andurilindustries||product line chief engineer,472,5.6640625,False,610,False
4609465006,accenturefederalservices||cleared data scientist,473,5.6640625,False,609,False
dad058bc-c45a-4723-9e22-405b65c07a3a,vanta||people automation & ai partner,474,5.66015625,False,620,False
6112682004,five9||wem aqm prompt engineer,475,5.66015625,False,617,False
4696901006,accenturefederalservices||technical writer,476,5.66015625,False,616,False
4597413006,astranis||avionics engineer intern,477,5.66015625,False,615,False
8601223002,spacex||site reliability engineer,478,5.65625,False,623,False
47920ccd-db54-4ed4-a865-70857e865fff,confluent||distributed systems software engineer - warpsteam,479,5.65625,False,621,False
8566900002,axs||product developer,480,5.65234375,False,631,False
6111332004,"vercel||security engineer, detection response",481,5.65234375,False,629,False
5182183007,xai||software engineer - x data,482,5.65234375,False,628,False
8543668002,spacex||security software engineer,483,5.6484375,False,635,False
8340749002,"spacex||hardware development engineer, pcba manufacturing",484,5.6484375,False,634,False
7839416,"thealleninstitute||predoctoral young investigator, robotics",485,5.6484375,False,633,False
5090852007,andurilindustries||flight test engineer,486,5.6484375,False,632,False
8420304002,"spacex||silicon packaging process engineer, silicon technology",487,5.64453125,False,636,False
J-81501,travelhrportal|wd1|jobs||etl developer,488,5.640625,False,638,False
8022942,"reddit||machine learning systems engineer, ads ml platform",489,5.640625,False,637,False
8555804002,spacex||process development engineer,490,5.63671875,False,643,False
5189900007,andurilindustries||technical operations engineer,491,5.63671875,False,642,False
4697647006,accenturefederalservices||cleared full stack developer,492,5.63671875,False,640,False
4627901006,accenturefederalservices||junior systems engineer,493,5.63671875,False,639,False
8546215002,spacex||industrial controls technician,494,5.6328125,False,649,False
7723260003,verisign||software engineer - automation,495,5.6328125,False,647,False
5126776007,andurilindustries||fpga dsp engineer,496,5.6328125,False,646,False
5091048007,andurilindustries||training simulation engineer,497,5.6328125,False,645,False
4599640006,accenturefederalservices||software engineering analyst,498,5.6328125,False,644,False
5171942007,"andurilindustries||ai solutions engineer, talent acquisition",499,5.62890625,False,652,False
5147847007,"andurilindustries||financial analyst, production",500,5.62890625,False,651,False
8113847002,cannondesign||mechanical iii,501,5.625,False,657,False
7991641,"roku||software engineer, embedded agentic ai",502,5.625,False,656,False
8574053002,spacex||factory software engineer,503,5.62109375,False,660,False
8508417002,gotion||qms engineer,504,5.62109375,False,659,False
8637814002,spacex||wireless software engineer,505,5.6171875,False,664,False
8545873002,spacex||product development engineer,506,5.6171875,False,663,False
5155018007,"andurilindustries||chief architect, ew",507,5.6171875,False,662,False
8609228002,"spacex||software engineer, vehicle operations",508,5.61328125,False,670,False
7810252003,flyzipline||simulation engineer - avionics,509,5.61328125,False,669,False
5132442007,andurilindustries||air-vehicle multidisciplinary design analysis and optimization (mdao) engineer,510,5.61328125,False,668,False
4681773006,accenturefederalservices||enterprise data engineer,511,5.61328125,False,667,False
4209667009,"redwoodsoftware||solutions engineer, new business",512,5.61328125,False,666,False
008e7a74-06c5-4020-b165-103921002e17,element84||ai systems engineer,513,5.61328125,False,665,False
8628430002,cannondesign||project mechanical iv,514,5.609375,False,674,False
8282400002,gotion||machine learning engineer,515,5.609375,False,672,False
4693259006,accenturefederalservices||pega application developer,516,5.609375,False,671,False
8639275002,spacex||build reliability engineer,517,5.60546875,False,678,False
8560746002,spacex||gnc software engineer - top secret clearance,518,5.60546875,False,676,False
8069662,sonicwall||distinguished engineer – ai/ml,519,5.60546875,False,675,False
"Unit 2A & 2B (Octave Block), 6th floor, Parcel - 4, Salarpuria Sattva - Knowledge City, Madhapur, Hyderabad, Telangana, India, Zip/Postal Code: 500081",otis|wd5|rec_ext_gateway||associate engineer,520,5.6015625,False,679,False
8634609002,spacex||manufacturing engineer,521,5.59765625,False,682,False
4695845006,accenturefederalservices||jr. pega developer,522,5.59765625,False,680,False
7979540,ardentmc||full stack software developer,523,5.59375,False,683,False
R264053,analogdevices|wd1|external||cloud software engineer,524,5.58984375,False,686,False
R10267462,"veralto|wd1|videojetjobs||production engineering, supervisor",525,5.58984375,False,685,False
4649261007,"andurilindustries||mechanical engineer, edge compute and communications",526,5.58984375,False,684,False
8603628002,"spacex||embedded software engineer, satellite antenna",527,5.5859375,False,691,False
8556861002,"unchainedlabs||software engineer, custom automation",528,5.5859375,False,690,False
8420343002,"spacex||advanced packaging process engineer, silicon technology",529,5.5859375,False,689,False
5146974007,"andurilindustries||flight test engineer, ghost",530,5.5859375,False,688,False
5146677007,"andurilindustries||production test specialist, ew",531,5.5859375,False,687,False
4575089006,accenturefederalservices||embedded developer ii,532,5.58203125,False,693,False
8504788002,"spacex||mechanical engineer, tower/launch and test",533,5.578125,False,696,False
8426059002,"spacex||mechanical engineer, cabin structures",534,5.578125,False,695,False
4696942006,accenturefederalservices||aws solution architect,535,5.578125,False,694,False
8590038002,aegworldwide||product developer- ch- axs,536,5.57421875,False,702,False
8484568002,spacex||product compliance engineer,537,5.57421875,False,701,False
5108653007,andurilindustries||game development engineer,538,5.57421875,False,699,False
4619289006,astranis||flight software associate,539,5.57421875,False,698,False
8592867002,spacex||power generation engineer,540,5.5703125,False,707,False
8563638002,cannondesign||architect - entry level,541,5.5703125,False,706,False
5737879004,"redwoodmaterials||infrastructure software engineer, energy storage",542,5.5703125,False,705,False
8571876002,"spacex||kiln technician, thermal hardware",543,5.56640625,False,714,False
8010102,"mongodb||software engineer 3, query integration",544,5.56640625,False,712,False
5189898007,andurilindustries||technical field operations engineer,545,5.56640625,False,711,False
5148199007,andurilindustries||enterprise applications engineer,546,5.56640625,False,710,False
4686124006,accenturefederalservices||solution architect,547,5.56640625,False,709,False
4667335006,astranis||product security engineer,548,5.56640625,False,708,False
8586076002,spacex||water treatment engineer,549,5.5625,False,722,False
8568855002,"spacex||production coordinator, heatshield (starship) - night shift",550,5.5625,False,721,False
8522992002,"spacex||supervisor, production scheduling",551,5.5625,False,720,False
7895040,onemedical||early career-primary care physician - adult medicine,552,5.5625,False,716,False
4625923006,astranis||power electronics intern,553,5.5625,False,715,False
8362795002,spacex||site reliability engineer - top secret clearance,554,5.55859375,False,726,False
8359659002,spacex||thermal protection engineer,555,5.55859375,False,725,False
8153173002,cannondesign||architect iii,556,5.55859375,False,724,False
8621508002,"spacex||software engineer, satellite systems",557,5.5546875,False,733,False
8589257002,spacex||starlink production technician - entry level,558,5.5546875,False,732,False
8573279002,spacex||software infrastructure engineer,559,5.5546875,False,731,False
7570898,workatbackbase||ai applied software engineer,560,5.5546875,False,730,False
7368213,mongodb||technical services engineer- weekends,561,5.5546875,False,729,False
4697415006,onxmaps||site reliability engineer iii,562,5.5546875,False,728,False
4644934006,"accenturefederalservices||data engineer in st. louis, mo",563,5.5546875,False,727,False
8633831002,gotion||software development engineer – full stack,564,5.55078125,False,737,False
8585915002,spacex||test technician (starlink) - temporary,565,5.55078125,False,736,False
6100885004,extrahopnetworks||software engineer iii | ai/ml,566,5.55078125,False,735,False
8508640002,"spacex||water treatment specialist, upw & wastewater",567,5.546875,False,741,False
8484564002,spacex||rf & wireless compliance engineer,568,5.546875,False,740,False
8395296002,"spacex||automation & controls technician, infrastructure & utility",569,5.546875,False,739,False
4614659006,accenturefederalservices||sap production planning and controlling consultant,570,5.546875,False,738,False
8483062002,"spacex||production supervisor, starlink silicon assembly",571,5.54296875,False,746,False
8359713002,spacex||machine maintenance supervisor (starlink) - multiple shifts,572,5.54296875,False,744,False
7722011,d2l||solutions engineer,573,5.54296875,False,743,False
5364355008,watchmakergenomics||it systems engineer,574,5.54296875,False,742,False
8540057002,"spacex||gnc engineer, orbit control",575,5.5390625,False,750,False
8490691002,"spacex||hardware engineer, gateways & customer hardware",576,5.5390625,False,749,False
5145334007,andurilindustries||project engineer - mission autonomy,577,5.5390625,False,748,False
5032221007,"andurilindustries||chief engineer, intel systems",578,5.5390625,False,747,False
8558285002,"spacex||operations engineer, starlink satellites",579,5.53515625,False,757,False
8047815,"roblox||software engineer, ads platform",580,5.53515625,False,756,False
8045688,mongodb||cloud operations engineer,581,5.53515625,False,755,False
5184789007,andurilindustries||firmware engineer,582,5.53515625,False,754,False
4677338006,astranis||fpga intern,583,5.53515625,False,753,False
4672263006,accenturefederalservices||pega developer,584,5.53515625,False,752,False
1191584,hpe|wd5|acjobsite||experienced .net systems engineer,585,5.53515625,False,751,False
5120404007,andurilindustries||production optical assembly technician,586,5.53125,False,758,False
8588040002,spacex||starlink production technician - 2nd shift,587,5.52734375,False,760,False
4666348006,coreweave||talent programs specialist,588,5.52734375,False,759,False
8573281002,spacex||kubernetes platform infrastructure engineer,589,5.5234375,False,765,False
7993006002,"gotion||production supervisor, cell line",590,5.5234375,False,764,False
7738964,"mongodb||contract sourcer, talent discovery",591,5.5234375,False,763,False
5188283007,"andurilindustries||test and evaluation engineer, air defense",592,5.5234375,False,762,False
5184586007,xai||reliability engineer,593,5.5234375,False,761,False
8625617002,"spacex||software engineer, components",594,5.51953125,False,771,False
8568127002,"spacex||equipment maintenance & reliability engineer, pcb",595,5.51953125,False,770,False
7719651003,affirm||machine learning engineer ii,596,5.51953125,False,769,False
4695967006,accenturefederalservices||custom applications developer,597,5.51953125,False,768,False
4623400006,accenturefederalservices||sap process integration (pi) developer,598,5.51953125,False,767,False
8382088002,"spacex||software engineer, satellite operations",599,5.515625,False,775,False
8051390,"waymo||machine learning engineer, sensor pipelines",600,5.515625,False,774,False
8623357002,"spacex||manufacturing engineer, machine shop",601,5.51171875,False,778,False
8381785002,spacex||facilities infrastructure engineer,602,5.51171875,False,777,False
5192072007,andurilindustries||production coordinator,603,5.51171875,False,776,False
8623602002,"spacex||propulsion engineer, avionics manufacturing",604,5.5078125,False,779,False
8632059002,spacex||entry level - laser production technician,605,5.50390625,False,786,False
8574243002,"spacex||software engineer, hardware test & automation",606,5.50390625,False,785,False
8004104,"okta||cloud infrastructure architect, okta federal",607,5.50390625,False,784,False
7807556003,doitintl||cloud architect - productivity,608,5.50390625,False,783,False
7766899003,verisign||junior software engineer,609,5.50390625,False,782,False
5192455007,andurilindustries||test automation engineer,610,5.50390625,False,781,False
4676282006,accenturefederalservices||integration engineer,611,5.50390625,False,780,False
8633901002,spacex||production coordinator,612,5.5,False,791,False
8614963002,spacex||site reliability engineer — hpc & automation,613,5.5,False,790,False
8484560002,spacex||environmental & materials compliance engineer,614,5.5,False,789,False
4622182006,accenturefederalservices||servicenow developer,615,5.5,False,788,False
4338015006,astranis||pcba manufacturing engineer,616,5.5,False,787,False
R0135071,hitachi|wd1|hitachi||application developer,617,5.49609375,False,796,False
8548102002,spacex||it systems engineer - top secret clearance,618,5.49609375,False,795,False
8425276002,cannondesign||commissioning ii,619,5.49609375,False,794,False
8421017002,"spacex||loads and dynamics engineer, satellites",620,5.49609375,False,793,False
5166743007,"andurilindustries||integration and test engineer (iron bird), omen",621,5.49609375,False,792,False
8327721002,"spacex||software engineer, additive manufacturing",622,5.4921875,False,801,False
8025021,"roblox||software engineer, data engineering",623,5.4921875,False,800,False
5171863007,andurilindustries||product sourcing engineer,624,5.4921875,False,799,False
5043104007,"andurilindustries||deputy chief engineer, pes",625,5.4921875,False,798,False
4696348006,"figureai||project coordinator, data creators",626,5.4921875,False,797,False
R439301,comcast|wd5|comcast_careers||development engineer 3,627,5.48828125,False,809,False
7460019,"mongodb||technical services engineer, infrastructure - weekend",628,5.48828125,False,808,False
4697289006,accenturefederalservices||cloud migration engineer,629,5.48828125,False,806,False
4691240006,accenturefederalservices||servicenow nuvolo integration engineer,630,5.48828125,False,805,False
4350927006,astranis||cad engineer,631,5.48828125,False,804,False
5031240007,andurilindustries||manufacturing test engineer,632,5.484375,False,811,False
5025358007,"andurilindustries||head of production, rocket motor systems",633,5.484375,False,810,False
J-83571,travelhrportal|wd1|jobs||middleware platform engineer,634,5.48046875,False,820,False
8596733002,spacex||starlink production technician,635,5.48046875,False,819,False
8397245002,spacex||test technician,636,5.48046875,False,818,False
6092680004,boomilp||ai full stack engineer,637,5.48046875,False,817,False
59f3c28d-c365-4343-a11e-001cef58ce90,wayflyer||full stack software engineer,638,5.48046875,False,816,False
4697865005,"astspacemobile||technician 1 plm / micron (production, assembly, manufacturing) 4 different shifts available",639,5.48046875,False,815,False
4693017006,accenturefederalservices||performance & reliability engineer,640,5.48046875,False,814,False
4620959006,accenturefederalservices||sap application developer,641,5.48046875,False,813,False
8562076002,"spacex||chemical engineer, pcb",642,5.4765625,False,823,False
5145310007,andurilindustries||production technician,643,5.4765625,False,821,False
8593713002,databricks||ai engineer - fde,644,5.47265625,False,827,False
8563043002,spacex||construction superintendent,645,5.47265625,False,825,False
8466346002,spacex||rtl design engineer,646,5.46875,False,831,False
5182046007,xai||mechanical engineer,647,5.46875,False,830,False
4871633007,xai||it systems engineer,648,5.46875,False,829,False
8612778002,"spacex||harness design engineer, satellites",649,5.46484375,False,837,False
8561097002,spacex||process engineer,650,5.46484375,False,836,False
8461337002,spacex||material flow engineer,651,5.46484375,False,835,False
8377312002,"spacex||manufacturing engineer, avionics",652,5.46484375,False,834,False
7821316,mongodb||site reliability engineer 3,653,5.46484375,False,833,False
4696681006,astranis||facilities engineer,654,5.46484375,False,832,False
8565008002,relativity||shipping & receiving specialist i,655,5.4609375,False,840,False
5047469007,"andurilindustries||robotics software engineer, maneuver dominance",656,5.4609375,False,839,False
8584156002,spacex||manufacturing integration engineer,657,5.45703125,False,844,False
5238831008,trueclassicteesllc||data & analytics engineer,658,5.45703125,False,843,False
5178127007,"andurilindustries||systems engineer, battlespace",659,5.45703125,False,842,False
4682911006,accenturefederalservices||salesforce developer,660,5.45703125,False,841,False
R440549,comcast|wd5|comcast_careers||data engineer 3,661,5.453125,False,848,False
8551485002,spacex||wastewater treatment supervisor,662,5.453125,False,847,False
6635595,monzo||backend engineer iii,663,5.453125,False,846,False
5187843007,"andurilindustries||materials and process engineer, air dominance and strike",664,5.453125,False,845,False
5180868007,"andurilindustries||manufacturing engineer, fury",665,5.44921875,False,852,False
4696958006,"astranis||manufacturing engineer, additive",666,5.44921875,False,851,False
4691609006,accenturefederalservices||cleared c# / .net developer,667,5.44921875,False,850,False
4593587006,accenturefederalservices||ebs soa developer,668,5.44921875,False,849,False
R10267476,veralto|wd1|eskojobs||software support engineer i - solutions,669,5.4453125,False,857,False
8397354002,"spacex||test specialist, factory automation",670,5.4453125,False,856,False
7810369003,flyzipline||network operations field support engineer,671,5.4453125,False,855,False
8540363002,"spacex||propulsion engineer, chamber and nozzle manufacturing",672,5.44140625,False,859,False
8573793002,"spacex||structural engineer, launch pad",673,5.4375,False,863,False
8542709002,"spacex||mechanical design engineer, consumer hardware",674,5.4375,False,862,False
5832853004,ionq||systems engineer,675,5.4375,False,861,False
5166928007,"andurilindustries||commercial hvac/r & mechanical systems technician, maritime",676,5.4375,False,860,False
8568976002,gotion||production supervisor - pack line,677,5.43359375,False,870,False
8541336002,"spacex||new graduate engineer, electrical - satellites",678,5.43359375,False,869,False
7604600002,gotion||production quality engineer,679,5.43359375,False,868,False
5362404008,gruve||it service operations specialist,680,5.43359375,False,867,False
4656459006,accenturefederalservices||peoplesoft application developer,681,5.43359375,False,866,False
4616472006,"accenturefederalservices||forward deployed engineer, palantir foundry",682,5.43359375,False,865,False
4608068006,accenturefederalservices||cleared genai engineer,683,5.43359375,False,864,False
8612261002,gotion||junior controls engineer,684,5.4296875,False,877,False
8435938002,cannondesign||project mechanical engineer iv,685,5.4296875,False,876,False
8060722002,cannondesign||electrical ii,686,5.4296875,False,875,False
6983933,phdata||solutions architect,687,5.4296875,False,874,False
5082537007,andurilindustries||explosives system safety engineer,688,5.4296875,False,873,False
4619716006,astranis||communications/dsp associate engineer,689,5.4296875,False,872,False
5154234007,"andurilindustries||hpc systems engineer, modeling & simulation",690,5.42578125,False,878,False
8583074002,"spacex||software engineer, hardware-in-the-loop",691,5.421875,False,885,False
8076844,"accordion||cloud devops engineer, data & analytics",692,5.421875,False,883,False
5134342007,"andurilindustries||quality specialist, maritime",693,5.421875,False,882,False
7665958,"mongodb||technical services engineer, 2nd shift",694,5.41796875,False,888,False
4696545006,accenturefederalservices||icam engineer,695,5.41796875,False,887,False
4017557006,astranis||spacecraft engineer - office of the cto,696,5.41796875,False,886,False
8601649002,spacex||injection molding technician - 2nd shift,697,5.4140625,False,894,False
5196173008,"block||software engineer, cash app - lending products",698,5.4140625,False,891,False
5169990007,"andurilindustries||financial analyst ii, corporate finance",699,5.4140625,False,890,False
R031368,ciena|wd5|careers||professional services inventory software developer,700,5.41015625,False,899,False
8477142002,"spacex||supply chain engineer, pcb",701,5.41015625,False,898,False
4919201007,andurilindustries||materials associate,702,5.41015625,False,896,False
4678518006,accenturefederalservices||database engineer,703,5.41015625,False,895,False
R-281017,mastercard|wd1|corporatecareers||software engineer ii - cs,704,5.40625,False,906,False
8356343002,spacex||baw filter design engineer,705,5.40625,False,904,False
7420443002,gotion||mes engineer,706,5.40625,False,903,False
7302931,cloudflare||software engineer: resiliency - deploy at scale,707,5.40625,False,902,False
5175601007,andurilindustries||product quality engineer,708,5.40625,False,901,False
5115371007,andurilindustries||programs chief engineer,709,5.40625,False,900,False
8603368002,"spacex||integration engineer, heatshield",710,5.3984375,False,915,False
8568130002,"spacex||equipment reliability engineer, pcb maintenance",711,5.3984375,False,914,False
8557073002,"spacex||ai engineer, special programs - top secret clearance",712,5.3984375,False,911,False
8459660002,"spacex||gnc engineer, satellite power systems",713,5.3984375,False,910,False
7806422003,doitintl||corporate fp&a analyst,714,5.3984375,False,909,False
4677337006,astranis||fpga associate,715,5.3984375,False,908,False
8440611002,"spacex||hardware development engineer, gateway failure analysis",716,5.39453125,False,917,False
5161426007,"andurilindustries||packaging engineer, sentry",717,5.39453125,False,916,False
R68492,medtronic|wd1|medtroniccareers||process engineer ii,718,5.390625,False,925,False
8628456002,spacex||laser production technician,719,5.390625,False,924,False
8612766002,"spacex||mechanical engineer, satellite harnessing",720,5.390625,False,923,False
8561432002,spacex||gnc engineer,721,5.390625,False,922,False
8532641002,"spacex||development test engineer, satellites",722,5.390625,False,921,False
4599603006,"astranis||guidance, navigation, and control engineer intern",723,5.390625,False,919,False
4019475009,eudia||ai engineer,724,5.390625,False,918,False
6693436,wolt||support associate,725,5.38671875,False,929,False
5182374007,xai||facilities infrastructure engineer,726,5.38671875,False,928,False
4318529009,thepacgroup||material packaging engineer,727,5.38671875,False,926,False
7810357003,flyzipline||test equipment design engineer,728,5.3828125,False,934,False
5062357007,andurilindustries||software engineer - modeling & simulation,729,5.3828125,False,933,False
4678796006,accenturefederalservices||ai/ml strategist,730,5.3828125,False,932,False
8628971002,"spacex||mechanical engineer, electro-mechanical",731,5.37890625,False,939,False
8495213002,"spacex||electrical test specialist, pcb",732,5.37890625,False,938,False
8384974002,spacex||maintenance engineer,733,5.37890625,False,937,False
4697244006,accenturefederalservices||product designer,734,5.37890625,False,936,False
8413684002,spacex||critical lift & transport engineer,735,5.375,False,942,False
6118673004,boomilp||systems development engineer 2,736,5.375,False,941,False
5113524007,andurilindustries||robotics software engineer,737,5.375,False,940,False
8561461002,"spacex||maintenance engineer, pcb",738,5.37109375,False,943,False
8633640002,spacex||quality systems engineer,739,5.3671875,False,948,False
8558875002,spacex||smt specialist - 2nd shift,740,5.3671875,False,946,False
4657323006,accenturefederalservices||cloud architect,741,5.3671875,False,944,False
8350432002,"spacex||build specialist, automation & controls",742,5.36328125,False,953,False
5117940007,"andurilindustries||metrology specialist, maritime",743,5.36328125,False,952,False
4679080006,"astranis||assembly, integration, and test intern fall 2026",744,5.36328125,False,951,False
4599609006,"astranis||guidance, navigation, and control engineer associate",745,5.36328125,False,949,False
8603598002,spacex||smt rework technician - pcba,746,5.359375,False,958,False
8603366002,"spacex||mechanical engineer, heatshield",747,5.359375,False,957,False
7765684003,verisign||software engineer ii,748,5.359375,False,956,False
5081059007,"andurilindustries||chief engineer, fury advanced concepts",749,5.359375,False,955,False
5043504007,"andurilindustries||master scheduler, air dominance & strike",750,5.359375,False,954,False
8394893002,cannondesign||project architect iv - healthcare,751,5.35546875,False,966,False
7810247003,flyzipline||electrical pcb layout engineer,752,5.35546875,False,965,False
5365014008,phizenix||asic physical design engineer,753,5.35546875,False,964,False
5267636008,divergent||am service specialist,754,5.35546875,False,963,False
5130014007,"andurilindustries||program financial analyst, autonomous airpower",755,5.35546875,False,962,False
4696629006,accenturefederalservices||data platform architect,756,5.35546875,False,961,False
4693263006,coreweave||learning partner- technical development,757,5.35546875,False,960,False
8584997002,workato||technical product instructor – curriculum & platform education,758,5.3515625,False,970,False
8490537002,"spacex||pvd process engineer, solar cells",759,5.3515625,False,969,False
8014448,stitchfix||ml platform engineer,760,5.3515625,False,968,False
5136287007,"xai||x developer platform – forward deployed engineer, x api",761,5.3515625,False,967,False
8559982002,"spacex||mechanical engineer, pcb",762,5.34765625,False,973,False
5318944008,block||data scientist,763,5.34765625,False,972,False
5149335007,banyansoftware||chief product & technology officer (cpto) - aequitas solutions,764,5.34765625,False,971,False
8599648002,spacex||network software integration engineer,765,5.34375,False,977,False
8555580002,spacex||pastry chef,766,5.34375,False,976,False
8542413002,"spacex||gnc engineer, adcs",767,5.34375,False,975,False
4697913006,accenturefederalservices||oracle scrum master,768,5.34375,False,974,False
8534765002,"spacex||hardware development engineer, power",769,5.33984375,False,985,False
8483936002,gotion||junior process engineer,770,5.33984375,False,984,False
7819100,purestorage||service solutions engineer,771,5.33984375,False,983,False
5189854007,andurilindustries||micro-electronics technician,772,5.33984375,False,982,False
5179714007,"andurilindustries||systems engineer, c2 networking - edge compute and communications",773,5.33984375,False,981,False
5159373007,andurilindustries||service desk analyst,774,5.33984375,False,980,False
5125849007,andurilindustries||flight test engineer - mission autonomy,775,5.33984375,False,979,False
4619726006,astranis||communications/dsp intern,776,5.33984375,False,978,False
REQ-1000050800,sbdinc|wd1|stanley_black_decker_career_site||production assembler,777,5.3359375,False,991,False
8609102002,spacex||construction project engineer,778,5.3359375,False,990,False
8562126002,gotion||junior lean engineer,779,5.3359375,False,989,False
8544694002,"spacex||manufacturing automation engineer, chamber and nozzle",780,5.3359375,False,988,False
5157657007,andurilindustries||logistics engineer,781,5.3359375,False,986,False
8635288002,"spacex||cnc machinist, deburr",782,5.33203125,False,997,False
8490223002,spacex||mechatronics maintenance engineer,783,5.33203125,False,996,False
7918638,intercom||it systems engineer,784,5.33203125,False,995,False
7505525002,gotion||production planning specialist,785,5.33203125,False,994,False
5164226007,"andurilindustries||mission operations engineer, ew",786,5.33203125,False,993,False
4695981006,accenturefederalservices||test engineer,787,5.33203125,False,992,False
5171787007,"andurilindustries||tooling engineer, sentry",788,5.328125,False,999,False
4689946006,"accenturefederalservices||palantir forward deployed engineer, washington dc",789,5.328125,False,998,False
8515065002,wpp||azure dev ops engineer,790,5.32421875,False,1005,False
8407781002,"spacex||mechanical engineer, mechanisms",791,5.32421875,False,1003,False
5167576007,"andurilindustries||ndt inspector level iii, maritime",792,5.32421875,False,1002,False
5148583007,andurilindustries||oracle fusion solution architect,793,5.32421875,False,1001,False
4715494005,shipbobinc||business development representative - wms,794,5.32421875,False,1000,False
8492935002,"workato||intern, ai engineering",795,5.3203125,False,1015,False
8440972002,"spacex||hardware test automation engineer, satellites",796,5.3203125,False,1014,False
8356627002,spacex||welder/fabricator,797,5.3203125,False,1013,False
5984207004,workstream||forward deployed engineer,798,5.3203125,False,1012,False
5183145007,andurilindustries||robotic software engineer,799,5.3203125,False,1011,False
5179553007,"shapercapital||founding engineer, beamrail",800,5.3203125,False,1010,False
4708376005,"koboldmetals||assistant general counsel, employment",801,5.3203125,False,1009,False
4678772006,accenturefederalservices||service-oriented architecture (soa) developer,802,5.3203125,False,1008,False
4651856006,astranis||network planning sales engineer intern,803,5.3203125,False,1007,False
4592027006,accenturefederalservices||forward deployed engineer - palantir foundry,804,5.3203125,False,1006,False
5180570007,"andurilindustries||electrical systems engineer, c2 integration",805,5.31640625,False,1017,False
5071538007,"andurilindustries||electrical engineer, surface maritime",806,5.31640625,False,1016,False
8628379002,spacex||maintenance technician (starlink) - level 4/5,807,5.3125,False,1026,False
8559317002,"spacex||thermal engineer, satellites",808,5.3125,False,1025,False
8506543002,"spacex||equipment maintenance technician, heatshield",809,5.3125,False,1024,False
8435949002,spacex||development technician,810,5.3125,False,1023,False
5191249007,andurilindustries||r&d engineering technician,811,5.3125,False,1022,False
4659911006,accenturefederalservices||cyber r&d engineer,812,5.3125,False,1020,False
8602985002,"spacex||mechanical design engineer, pcb",813,5.30859375,False,1033,False
8552269002,spacex||fire protection engineer,814,5.30859375,False,1032,False
8548907002,spacex||it windows systems engineer - top secret clearance,815,5.30859375,False,1031,False
8440246002,"spacex||manufacturing engineer, pcba",816,5.30859375,False,1030,False
5191467007,"andurilindustries||firmware engineer, space embedded systems",817,5.30859375,False,1029,False
5118745007,andurilindustries||supplier industrialization engineer,818,5.30859375,False,1028,False
4680287006,sharkninjaoperatingllc||applied ai & analytics associate opportunities,819,5.30859375,False,1027,False
4691258006,accenturefederalservices||iam engineer,820,5.3046875,False,1036,False
1209711,hpe|wd5|jobsathpe||qa automation engineer - networking,821,5.3046875,False,1034,False
R-10398965,"fiserv|wd5|ext||specialist, software development engineering",822,5.30078125,False,1041,False
4851158101,nice||forward deployed engineer,823,5.30078125,False,1038,False
8597953002,spacex||commissioning engineer,824,5.296875,False,1042,False
8607193002,"spacex||mechanical engineer, printer design & manufacturing",825,5.29296875,False,1049,False
8384965002,spacex||equipment reliability engineer,826,5.29296875,False,1048,False
7771359003,flyzipline||battery modeling engineer,827,5.29296875,False,1047,False
5176746007,andurilindustries||systems engineer,828,5.29296875,False,1046,False
5169941007,"andurilindustries||metal plate former/fabricator, maritime",829,5.29296875,False,1045,False
5166903007,"andurilindustries||electrician, electrical assembly, maritime",830,5.29296875,False,1044,False
4954307007,"andurilindustries||fuel systems engineer, air vehicles",831,5.29296875,False,1043,False
8632395002,spacex||design verification engineer,832,5.2890625,False,1053,False
7781906003,fossainc||sales engineer,833,5.2890625,False,1051,False
7451008002,gotion||application engineer,834,5.2890625,False,1050,False
8625615002,"spacex||software engineer, components test",835,5.28515625,False,1065,False
8570369002,spacex||industrial designer,836,5.28515625,False,1064,False
8378489002,spacex||hardware reliability engineer,837,5.28515625,False,1063,False
7938792,"wehrtyou||site reliability engineer, storage - enterprise technology",838,5.28515625,False,1062,False
7665264002,gotion||battery cell r&d engineer,839,5.28515625,False,1061,False
5166825007,"andurilindustries||hydraulic assembly technician, maritime",840,5.28515625,False,1060,False
5147005007,"andurilindustries||structures analyst, omen",841,5.28515625,False,1059,False
5055532007,veracyte||software development engineer,842,5.28515625,False,1057,False
4694853006,astranis||radiation effects engineer intern,843,5.28515625,False,1056,False
4621283006,astranis||avionics engineer associate,844,5.28515625,False,1055,False
8642064002,spacex||silicon photonics design engineer,845,5.28125,False,1068,False
8075962,trace3||integration/cds engineer,846,5.28125,False,1067,False
4680072101,tamara||product engineer ii - web,847,5.28125,False,1066,False
8613971002,spacex||hardware development engineer- microelectronics,848,5.27734375,False,1073,False
8533749002,spacex||physical design engineer ii,849,5.27734375,False,1072,False
5165057007,andurilindustries||tool and gse specialist,850,5.27734375,False,1071,False
4689655006,accenturefederalservices||power platform developer,851,5.27734375,False,1070,False
JR112359,ptc|wd1|ptc||software technical consultant,852,5.2734375,False,1076,False
8069620,sonicwall||distinguished engineer - data architect,853,5.2734375,False,1075,False
5350445008,divergent||am service specialist - interview day 7/24,854,5.2734375,False,1074,False
8570123002,workato||customer centric engineer,855,5.26953125,False,1084,False
8562385002,"spacex||propulsion engineer, thermal & fluid analysis",856,5.26953125,False,1083,False
8463192002,"spacex||operations analyst, reliability",857,5.26953125,False,1082,False
5178254007,"andurilindustries||mechanical engineer, maritime",858,5.26953125,False,1081,False
4954300007,"andurilindustries||mass properties engineer, air vehicles",859,5.26953125,False,1080,False
4697592006,accenturefederalservices||mid-level servicenow developer,860,5.26953125,False,1079,False
4677697005,rebuildmanufacturing||process quality engineer,861,5.26953125,False,1078,False
4650351006,accenturefederalservices||sap hana developer,862,5.26953125,False,1077,False
8470414002,spacex||inventory specialist,863,5.265625,False,1088,False
7947800,"ripple||site reliability engineer, observability",864,5.265625,False,1087,False
7064418,yipitdata||data engineer - global team,865,5.265625,False,1086,False
5167869007,andurilindustries||test site technican specialist,866,5.265625,False,1085,False
8557504002,spacex||smt process specialist,867,5.26171875,False,1092,False
8543670002,spacex||embedded security engineer,868,5.26171875,False,1091,False
5186018007,"andurilindustries||engineering technical fellow, solid rocket motors",869,5.26171875,False,1089,False
8357111002,spacex||baw device engineer,870,5.2578125,False,1094,False
5131154007,andurilindustries||phased array engineer,871,5.2578125,False,1093,False
8614098002,"spacex||manufacturing automation engineer, solar",872,5.25390625,False,1096,False
5176707007,andurilindustries||rapid integration & test engineer,873,5.25390625,False,1095,False
8572305002,cannondesign||project architect iv,874,5.25,False,1102,False
8550675002,"spacex||software engineer, high assurance test",875,5.25,False,1101,False
8420864002,"spacex||automation build engineer, development",876,5.25,False,1100,False
5166701007,andurilindustries||developmental operations technician,877,5.25,False,1099,False
5165555007,"andurilindustries||technical operations engineer, air defense usaf",878,5.25,False,1098,False
4668591006,accenturefederalservices||cloud security architect,879,5.25,False,1097,False
8627675002,"spacex||propulsion engineer, chamber and nozzle",880,5.24609375,False,1107,False
8616347002,spacex||architectural designer,881,5.24609375,False,1106,False
8484535002,spacex||production coordinator (fleet maintenance) - nights,882,5.24609375,False,1105,False
4928202007,"andurilindustries||software test engineer, intelligence systems",883,5.24609375,False,1104,False
8450042002,"spacex||operations engineer, spaceport facilities",884,5.2421875,False,1115,False
8420866002,spacex||machine maintenance associate,885,5.2421875,False,1114,False
7546762,rubrik||corporate it architect,886,5.2421875,False,1113,False
5190515007,andurilindustries||test & evaluation engineer,887,5.2421875,False,1112,False
5139897007,andurilindustries||maritime technical operations engineer,888,5.2421875,False,1109,False
7921350002,"gotion||equipment engineer, module &pack line",889,5.23828125,False,1117,False
5075216007,andurilindustries||drone engineering specialist,890,5.23828125,False,1116,False
8623954002,udacity||claude ai engineer technical mentor - independent contractor,891,5.234375,False,1124,False
8550844002,"spacex||production technician, gateways",892,5.234375,False,1123,False
8536717002,"spacex||automation & controls engineer, launch pad",893,5.234375,False,1122,False
5148170007,"andurilindustries||manufacturing specialist, propulsion",894,5.234375,False,1120,False
8634575002,spacex||electrical engineer,895,5.23046875,False,1129,False
8506211002,gotion||process engineer intern,896,5.23046875,False,1128,False
8357124002,"spacex||electrical design engineer, gateways & customer hardware",897,5.23046875,False,1127,False
8038977,"boxinc||software engineer iii , caching",898,5.23046875,False,1126,False
8595129002,spacex||rf engineer,899,5.2265625,False,1134,False
8383931002,gotion||production planner specialist,900,5.2265625,False,1132,False
8369820002,spacex||pcb process technician,901,5.2265625,False,1131,False
5036204007,andurilindustries||inventory analyst,902,5.2265625,False,1130,False
8631636002,"spacex||hardware engineer - electrical, satellites",903,5.22265625,False,1141,False
8421673002,spacex||thermal control and life support hardware engineer,904,5.22265625,False,1140,False
4698559006,orioninnovation||devsecops engineer,905,5.22265625,False,1139,False
4694820006,accenturefederalservices||sap solution architect – onsite in st. louis,906,5.22265625,False,1138,False
4691163006,"astranis||hardware design intern, software defined radio team",907,5.22265625,False,1137,False
4643648006,accenturefederalservices||servicenow architect,908,5.22265625,False,1135,False
8624122002,spacex||production technician,909,5.21875,False,1145,False
5189857007,andurilindustries||wire bonding technician,910,5.21875,False,1144,False
4715171005,shipbobinc||business development representative,911,5.21875,False,1143,False
8377329002,"spacex||casting specialist, heat shield manufacturing",912,5.21484375,False,1149,False
5166741007,"andurilindustries||integration and test engineer (structures), omen",913,5.21484375,False,1148,False
4693087006,accenturefederalservices||technology strategy & roadmap architect,914,5.21484375,False,1147,False
4681416006,astranis||reliability design associate,915,5.21484375,False,1146,False
8642045002,spacex||rfic design engineer,916,5.2109375,False,1161,False
8477140002,"spacex||supplier industrialization engineer, pcb",917,5.2109375,False,1160,False
5959293002,"gotion||solution engineer, ess",918,5.2109375,False,1159,False
5362442008,gruve||ot soc analyst l2,919,5.2109375,False,1158,False
5150089007,andurilindustries||product data engineer,920,5.2109375,False,1157,False
4934341007,"andurilindustries||systems reliability engineer, sentry tower",921,5.2109375,False,1153,False
4628847006,astranis||mission engineering intern,922,5.2109375,False,1152,False
8517733002,"spacex||supervisor, machining",923,5.20703125,False,1166,False
8398439002,spacex||warehouse associate,924,5.20703125,False,1165,False
8355250002,spacex||journeyman electrician,925,5.20703125,False,1164,False
4679696006,accenturefederalservices||ms dynamics developer,926,5.20703125,False,1163,False
8562759002,cannondesign||electrical - entry level,927,5.203125,False,1171,False
5192290007,"andurilindustries||precision metal fabricator/plate rolling operator, maritime",928,5.203125,False,1169,False
5166809007,"andurilindustries||oxy-fuel/plasma cutting technician, maritime",929,5.203125,False,1168,False
R264724,"blackrock|wd1|blackrock_professional||software engineer (python,sql) , portfolio management group, analyst",930,5.1953125,False,1180,False
R-1185745,unilever|wd3|tmicc||sales developer - pontevedra,931,5.1953125,False,1179,False
8612995002,workato||field chief technology officer,932,5.1953125,False,1178,False
8456300002,spacex||avionics build associate,933,5.1953125,False,1177,False
5169966007,andurilindustries||buyer/planner,934,5.1953125,False,1176,False
5166301007,"andurilindustries||integration and test engineer (support system), omen",935,5.1953125,False,1175,False
5158247007,"andurilindustries||data scientist, air dominance & strike",936,5.1953125,False,1174,False
5130906007,"andurilindustries||ndt inspector level ii, maritime",937,5.1953125,False,1173,False
8542789002,"spacex||mechanical design engineer, gateways",938,5.19140625,False,1183,False
8435953002,spacex||r&d machinist/fabricator,939,5.19140625,False,1182,False
7992938002,"gotion||production specialist, cell line",940,5.19140625,False,1181,False
8603670002,spacex||recovery engineer,941,5.1875,False,1189,False
8532471002,"spacex||electrical test engineer, pcb",942,5.1875,False,1188,False
8521636002,"spacex||supplier development engineer, mechanical",943,5.1875,False,1187,False
6021978004,clickhouse||solutions architect,944,5.1875,False,1186,False
5156779007,"andurilindustries||modeling, simulation & analysis (msa) engineer - hitl focus",945,5.1875,False,1185,False
8641563002,spacex||transport logistics specialist,946,5.18359375,False,1200,False
8636627002,workato||technical instructor,947,5.18359375,False,1199,False
8564730002,"spacex||electrical engineer, launch pad",948,5.18359375,False,1198,False
8377326002,"spacex||leaching specialist, heat shield manufacturing",949,5.18359375,False,1197,False
7898756,mongodb||associate tse ii,950,5.18359375,False,1196,False
5170039007,"andurilindustries||data analyst, air dominance & strike",951,5.18359375,False,1195,False
5163958007,andurilindustries||mission operations engineer,952,5.18359375,False,1194,False
5153667007,andurilindustries||mechanical engineer,953,5.18359375,False,1193,False
5120884007,xai||data engineer,954,5.18359375,False,1192,False
5081383007,"andurilindustries||product operations associate, tier 1",955,5.18359375,False,1191,False
4614379006,astranis||propulsion engineer intern,956,5.18359375,False,1190,False
R-143415,nttlimited|wd3|ntt_careers||ms engineer - vc,957,5.1796875,False,1208,False
8627635002,spacex||production operations engineer,958,5.1796875,False,1207,False
8527038002,spacex||manufacturing specialist - 2nd shift,959,5.1796875,False,1206,False
5179593007,"andurilindustries||pcb designer, air dominance and strike",960,5.1796875,False,1204,False
4715220005,shipbobinc||business development representative - mid market,961,5.1796875,False,1203,False
4681472006,astranis||reliability design intern,962,5.1796875,False,1202,False
4625132006,accenturefederalservices||servicenow business analyst,963,5.1796875,False,1201,False
8627642002,spacex||test engineer,964,5.17578125,False,1212,False
8045205,latitude||gis production analyst,965,5.17578125,False,1210,False
4639447006,accenturefederalservices||sap analytics cloud front end developer,966,5.17578125,False,1209,False
8569184002,"spacex||mission integration engineer, ai (starshield) - top secret clearance",967,5.171875,False,1217,False
8477451002,spacex||flight software infrastructure engineer,968,5.171875,False,1216,False
6894478002,gotion||manufacturing process engineer,969,5.171875,False,1215,False
5051350007,"andurilindustries||systems reliability engineer, surveillance tower",970,5.171875,False,1214,False
4676915006,astranis||mission engineering associate,971,5.171875,False,1213,False
8565654002,spacex||equipment maintenance technician (starship) - level 4/5,972,5.16796875,False,1225,False
8477099002,"spacex||supplier development engineer, pcb",973,5.16796875,False,1224,False
5285230008,icarus||operations & logistics associate,974,5.16796875,False,1223,False
5183582007,andurilindustries||automation & torque tooling technician,975,5.16796875,False,1222,False
4644819006,accenturefederalservices||cloud platform architect,976,5.16796875,False,1219,False
8498606002,zoominfo||forward deployed data engineer,977,5.1640625,False,1233,False
8364599002,cannondesign||project architect v - healthcare,978,5.1640625,False,1231,False
8342924002,spacex||electro-mechanical build & test technician,979,5.1640625,False,1230,False
5363037008,liveviewtechnologiesinc||machine operator,980,5.1640625,False,1229,False
4716870005,astspacemobile||ate associate software engineer,981,5.1640625,False,1228,False
4691172006,"astranis||hardware design associate, software defined radio team",982,5.1640625,False,1227,False
4628919006,accenturefederalservices||data science practitioner,983,5.1640625,False,1226,False
8583930002,spacex||manufacturing supervisor - night shift,984,5.15625,False,1242,False
8375300002,"spacex||yield engineer, rf final test integration",985,5.15625,False,1241,False
8355208002,"spacex||facilities technician, mechanical",986,5.15625,False,1240,False
5134986007,andurilindustries||security software engineer,987,5.15625,False,1239,False
4299740006,astranis||mechanical engineer,988,5.15625,False,1237,False
4052862009,redwoodsoftware||full stack java engineer,989,5.15625,False,1236,False
8633820002,gotion||systems engineer,990,5.15234375,False,1248,False
8526673002,"spacex||electrical on-orbit hardware reliability engineer, satellites",991,5.15234375,False,1247,False
8497592002,spacex||hardware test engineer,992,5.15234375,False,1246,False
8497122002,"spacex||mechanical engineer, satellite bus",993,5.15234375,False,1245,False
5189555007,atwellgroup||technology specialist ii,994,5.15234375,False,1244,False
4677541006,astranis||mechanical engineer intern,995,5.15234375,False,1243,False
8355063002,spacex||machine maintenance technician,996,5.1484375,False,1253,False
5178850007,"andurilindustries||head of production, imaging",997,5.1484375,False,1252,False
4676888006,astranis||environmental test engineer intern,998,5.1484375,False,1251,False
4674910006,accenturefederalservices||platform architect,999,5.1484375,False,1250,False
4658254006,accenturefederalservices||sap data services developer,1000,5.1484375,False,1249,False
8624152002,spacex||rf test engineer,1001,5.14453125,False,1259,False
8437240002,cannondesign||project mechanical engineer v,1002,5.14453125,False,1258,False
7624926,intercom||solutions engineer - latam,1003,5.14453125,False,1257,False
5285585008,thenuclearcompany||ai engineer 1 - platform integration & ai/data,1004,5.14453125,False,1256,False
8584260002,spacex||facilities specialist (janitorial) - 2nd shift,1005,5.140625,False,1270,False
8583754002,"spacex||civil engineer, starbase infrastructure",1006,5.140625,False,1269,False
8504994002,"spacex||launch engineer, fluid systems",1007,5.140625,False,1268,False
8374879002,"spacex||launch engineer, ground support equipment",1008,5.140625,False,1266,False
5171204007,andurilindustries||environmental test technician,1009,5.140625,False,1263,False
5165026007,andurilindustries||ewis engineer,1010,5.140625,False,1262,False
4679074006,"astranis||assembly, integration, and test associate engineer",1011,5.140625,False,1261,False
8551784002,spacex||facilities specialist,1012,5.13671875,False,1275,False
8534757002,"spacex||power electronics engineer, satellites",1013,5.13671875,False,1274,False
5032033007,"andurilindustries||development test engineer, space vehicle",1014,5.13671875,False,1272,False
4695627006,"sharkninjaoperatingllc||fall 2026: codeshark, dtc digital experience web development",1015,5.13671875,False,1271,False
8631618002,"spacex||electrical hardware engineer, satellites",1016,5.1328125,False,1283,False
8622779002,"spacex||launch engineer, spacecraft integration",1017,5.1328125,False,1282,False
8565816002,spacex||cnc machinist (starship components) - level 4/5,1018,5.1328125,False,1281,False
8417814002,"spacex||mechanical development test engineer, satellites",1019,5.1328125,False,1280,False
5106773007,"andurilindustries||ui engineer, lattice c2",1020,5.1328125,False,1279,False
4683623006,accenturefederalservices||software system tester/business analyst,1021,5.1328125,False,1278,False
4622241006,accenturefederalservices||servicenow ui/ux designer,1022,5.1328125,False,1277,False
32059,csgi|wd5|csgcareers||test engineer ii,1023,5.1328125,False,1276,False
8608546002,gitlab||business development representative - mena,1024,5.12890625,False,1288,False
8601146002,"spacex||supervisor, fluids fabrication technicians",1025,5.12890625,False,1287,False
8476268002,"spacex||electrical test and reliability engineer, satellites",1026,5.12890625,False,1285,False
7947082,"toast||gtm engineer - sales workflow automation, revenue intelligence",1027,5.12890625,False,1284,False
8617175002,"spacex||mechanical engineer (structures), starship infrastructure",1028,5.125,False,1292,False
5163328007,andurilindustries||electrical engineer,1029,5.125,False,1290,False
5100784007,andurilindustries||embedded linux engineer,1030,5.125,False,1289,False
8477675002,spacex||entry level production technician - twta,1031,5.12109375,False,1299,False
8346155002,"spacex||fluids systems engineer, solar cell factory",1032,5.12109375,False,1298,False
7826363,roblox||design engineer,1033,5.12109375,False,1296,False
5830883004,ionq||mechanical engineer,1034,5.12109375,False,1295,False
5195924008,block||legal systems engineer,1035,5.12109375,False,1294,False
4695151006,accenturefederalservices||google cloud platform (gcp) cloud engineer,1036,5.12109375,False,1293,False
8642579002,pathrobotics||field service technician,1037,5.1171875,False,1311,False
8560034002,"spacex||mechanical specialist, pcb",1038,5.1171875,False,1307,False
8447293002,spacex||launch operations engineer,1039,5.1171875,False,1306,False
8030936,"mongodb||technical services engineer, 1st shift, est hours",1040,5.1171875,False,1305,False
7902817,"airbnb||software engineer, biztech",1041,5.1171875,False,1304,False
7777284003,prizepicks||data engineer,1042,5.1171875,False,1303,False
7647797003,"launchdarkly||sdk software engineer, ai",1043,5.1171875,False,1302,False
5121816007,"andurilindustries||robotics software engineer, behaviors",1044,5.1171875,False,1301,False
8614601002,spacex||plp/sip maintenance technician,1045,5.11328125,False,1316,False
8473726002,spacex||engineering technician,1046,5.11328125,False,1315,False
8245794002,cannondesign||designer ii,1047,5.11328125,False,1314,False
6018269004,boomilp||product support engineer,1048,5.11328125,False,1313,False
5155582007,"scoutmotors||system engineer, infotainment systems",1049,5.11328125,False,1312,False
8642055002,spacex||rfic layout designer,1050,5.109375,False,1326,False
8506522002,"spacex||manufacturing specialist, pcba",1051,5.109375,False,1323,False
8484033002,spacex||starlink production technician - twta,1052,5.109375,False,1322,False
7810504003,flyzipline||head of flight test engineering,1053,5.109375,False,1321,False
5248857008,"scoutai||software engineer, agent harnessing",1054,5.109375,False,1320,False
4692382006,accenturefederalservices||information system security engineer,1055,5.109375,False,1319,False
4600175006,sharkninjaoperatingllc||machine learning and ai opportunities,1056,5.109375,False,1318,False
7810211003,flyzipline||austin field ops supervisor,1057,5.10546875,False,1327,False
5252728008,divergent||industrial robotics engineer,1058,5.1015625,False,1330,False
8641196002,"relativity||quality engineer ii, test & launch",1059,5.09765625,False,1335,False
8634039002,spacex||propulsion technician (raptor production machining) - 2nd shift,1060,5.09765625,False,1334,False
8445519002,"spacex||electrical test and reliability engineer, gateways",1061,5.09765625,False,1333,False
7968124,"relaypro||associate software engineer, embedded development",1062,5.09765625,False,1332,False
4681742006,accenturefederalservices||sap btp developer,1063,5.09765625,False,1331,False
R-50744,bcbst|wd1|external||procurement consultant,1064,5.09375,False,1344,False
8592612002,gotion||production associate 2nd shift,1065,5.09375,False,1343,False
8546761002,spacex||pcb reliability engineer,1066,5.09375,False,1341,False
8061176002,gotion||production associate,1067,5.09375,False,1339,False
7807409003,fivetran||sales engineer enterprise,1068,5.09375,False,1338,False
7580025,"boxinc||software engineer iii, kubernetes",1069,5.09375,False,1337,False
4695330006,accenturefederalservices||sap pp (production planning) and qm (quality management) functional consultant,1070,5.09375,False,1336,False
8639544002,"spacex||starlink specialist, tool and die machining - level 4/5",1071,5.08984375,False,1349,False
8624547002,spacex||trajectory analysis engineer,1072,5.08984375,False,1348,False
8571649002,spacex||financial systems analyst,1073,5.08984375,False,1347,False
8565657002,spacex||equipment maintenance technician,1074,5.08984375,False,1346,False
4946696007,xai||software engineer - networking software and services,1075,5.08984375,False,1345,False
8641352002,optiverus||fpga engineer intern,1076,5.0859375,False,1355,False
8580380002,spacex||integration technician (starlink) - 1st shift,1077,5.0859375,False,1354,False
8579766002,spacex||edm programmer,1078,5.0859375,False,1353,False
8044218,mongodb||associate technical services engineer ii,1079,5.0859375,False,1352,False
7810418003,metrostarsystems||chief enterprise solutions architect,1080,5.0859375,False,1351,False
8509293002,"spacex||electrical engineer, pcb",1081,5.08203125,False,1360,False
8478286002,"spacex||platform engineer, flight software",1082,5.08203125,False,1359,False
5181564007,"andurilindustries||technical operations engineer, usmc",1083,5.08203125,False,1358,False
5123360007,xai||material flow engineer - data center operations,1084,5.08203125,False,1357,False
5084276007,andurilindustries||explosive operations engineer,1085,5.08203125,False,1356,False
8575996002,spacex||facilities engineer,1086,5.078125,False,1369,False
8551579002,"spacex||manufacturing supervisor, starlink silicon assembly",1087,5.078125,False,1368,False
8480418002,"spacex||rf/microwave engineer, satellites",1088,5.078125,False,1367,False
8465286002,spacex||data center specialist,1089,5.078125,False,1366,False
5161190007,"andurilindustries||it technician, classified programs",1090,5.078125,False,1364,False
4608189006,accenturefederalservices||cleared computer vision scientist,1091,5.078125,False,1363,False
4027677009,arcanaanalytics||sdet,1092,5.078125,False,1362,False
8639139002,"spacex||mechanical designer, automation & controls",1093,5.07421875,False,1375,False
8632439002,workato||learning management system administrator,1094,5.07421875,False,1374,False
8586647002,"spacex||rf engineer, hardware reliability",1095,5.07421875,False,1373,False
8546587002,"relativity||propulsion manufacturing engineer ii, combustion devices",1096,5.07421875,False,1372,False
8525739002,spacex||antenna engineer - parabolic & waveguide,1097,5.07421875,False,1371,False
WD30273794,jci|wd5|jci||application engineer,1098,5.0703125,False,1388,False
8624835002,spacex||product security engineer,1099,5.0703125,False,1387,False
8612924002,"spacex||automation & controls engineer, insource manufacturing",1100,5.0703125,False,1386,False
8581299002,"spacex||software engineer, propulsion simulation & data analysis",1101,5.0703125,False,1385,False
8488324002,"spacex||battery test engineer, satellites",1102,5.0703125,False,1384,False
5158936007,zscaler||production engineer,1103,5.0703125,False,1383,False
5131257007,andurilindustries||product sourcing engineer raw materials,1104,5.0703125,False,1382,False
5114702007,"andurilindustries||electrical integration engineer, air vehicle",1105,5.0703125,False,1381,False
4693133006,accenturefederalservices||enterprise atlassian engineer,1106,5.0703125,False,1380,False
4560681006,accenturefederalservices||computer scientist l2,1107,5.0703125,False,1377,False
31151716,abbott|wd5|abbottcareers2||extrusion manufacturing engineer ii,1108,5.0703125,False,1376,False
8555179002,spacex||launch operations technician,1109,5.06640625,False,1392,False
5191604007,"verkada||backend engineer, alarms",1110,5.06640625,False,1391,False
5080956007,atwellgroup||survey crew chief,1111,5.06640625,False,1389,False
4663441006,accenturefederalservices||tech assessor,1112,5.0625,False,1394,False
4626712006,accenturefederalservices||sailpoint developer,1113,5.0625,False,1393,False
8614571002,"spacex||machine maintenance technician, pcb",1114,5.05859375,False,1402,False
8570121002,spacex||rcdd / ict design engineer,1115,5.05859375,False,1400,False
8558715002,spacex||aerodynamics engineer,1116,5.05859375,False,1399,False
8395326002,"spacex||software engineer, simulations",1117,5.05859375,False,1398,False
5141668007,"scoutmotors||specialist, software update and validation engineer",1118,5.05859375,False,1397,False
8615802002,spacex||pcb technician,1119,5.0546875,False,1415,False
8557503002,"spacex||manufacturing engineering specialist, pcba",1120,5.0546875,False,1414,False
8402254002,spacex||satellite on-orbit operations engineer,1121,5.0546875,False,1413,False
7808686003,flyzipline||uas maintenance technician - houston,1122,5.0546875,False,1412,False
5217166008,pointwild||backend architect - golang,1123,5.0546875,False,1410,False
5179327007,atwellgroup||project engineer - oil & gas - facilities and pipelines,1124,5.0546875,False,1409,False
5167159007,"andurilindustries||optical engineer, design & architecture",1125,5.0546875,False,1408,False
5166715007,andurilindustries||chemical processing technician,1126,5.0546875,False,1407,False
4716716005,rebuildmanufacturing||production associate,1127,5.0546875,False,1406,False
4683539006,accenturefederalservices||enterprise architect,1128,5.0546875,False,1405,False
4017391006,"astranis||assembly, integration, and test technician",1129,5.0546875,False,1404,False
202607-118717,roche|wd3|roche-ext||production technician,1130,5.0546875,False,1403,False
JR112456,ptc|wd1|ptc||forward deployment engineer - automation (python) & airflow,1131,5.05078125,False,1426,False
8573588002,spacex||production development technician,1132,5.05078125,False,1425,False
8544608002,"spacex||welding automation engineer, chamber and nozzle",1133,5.05078125,False,1424,False
8521383002,"spacex||mechanical engineer, hardware reliability",1134,5.05078125,False,1423,False
8502939002,"spacex||automation engineer, blades and vanes foundry",1135,5.05078125,False,1422,False
8436759002,cannondesign||electrical iii,1136,5.05078125,False,1421,False
7947732002,gotion||field service engineer,1137,5.05078125,False,1419,False
5365130008,emporiarevolutionizinghomeenergy||hardware quality engineer,1138,5.05078125,False,1418,False
5166320007,"andurilindustries||integration and test engineer (environmental), omen",1139,5.05078125,False,1417,False
5065541007,atwellgroup||field engineer ii,1140,5.05078125,False,1416,False
WD223051,flextronics|wd1|anord_mardix_careers||engineering systems it support,1141,5.046875,False,1440,False
8562148002,gotion||lean engineer,1142,5.046875,False,1439,False
7ec9eaf4-8cfc-4977-9041-86f73e7ab10b,"cohere||research scientist, cohere labs",1143,5.046875,False,1438,False
7810363003,flyzipline||planning & development specialist,1144,5.046875,False,1437,False
5995130004,boomilp||cloud security engineer,1145,5.046875,False,1436,False
5982491004,boomilp||boomi support engineer,1146,5.046875,False,1435,False
5009743007,"andurilindustries||manufacturing engineer, digital tools",1147,5.046875,False,1434,False
4711506007,"tenstorrent||software engineer, tt-distributed",1148,5.046875,False,1433,False
4697575006,accenturefederalservices||oracle hcm reporting/cloud developer,1149,5.046875,False,1432,False
4693156006,accenturefederalservices||release train engineer,1150,5.046875,False,1431,False
4681855006,astranis||security operations engineer,1151,5.046875,False,1430,False
4677931005,shipbobinc||account executive - smb,1152,5.046875,False,1429,False
4676201006,accenturefederalservices||powerapps developer,1153,5.046875,False,1428,False
4651121006,vast||power electronics engineer i,1154,5.046875,False,1427,False
8624388002,cannondesign||structural engineer ii,1155,5.04296875,False,1443,False
5364693008,convenientmd||advanced practitioner (family nurse practitioner or physician assistant) - urgent care,1156,5.04296875,False,1441,False
8551470002,spacex||manufacturing supervisor,1157,5.0390625,False,1448,False
8486119002,"spacex||propulsion analyst, chamber and nozzle",1158,5.0390625,False,1447,False
7650739003,verisign||research engineer,1159,5.0390625,False,1446,False
7603832003,abarca||software automation engineer,1160,5.0390625,False,1445,False
4957889008,buzzsolutions||solutions engineer,1161,5.0390625,False,1444,False
7926448,"boxinc||machine learning engineer iii, search relevance",1162,5.03515625,False,1452,False
5080957007,atwellgroup||project engineer - civil land development,1163,5.03515625,False,1451,False
4594694006,accenturefederalservices||sap solution architect,1164,5.03515625,False,1449,False
8497447002,"spacex||new graduate engineer, propulsion",1165,5.03125,False,1459,False
8478283002,"spacex||software infrastructure engineer, flight software",1166,5.03125,False,1458,False
7680250,"roku||software engineer, embedded systems",1167,5.03125,False,1457,False
4690993006,accenturefederalservices||enterprise solutions architect,1168,5.03125,False,1456,False
4622150006,accenturefederalservices||servicenow technical architect,1169,5.03125,False,1455,False
8526975002,spacex||launch reliability engineer,1170,5.02734375,False,1461,False
7810260003,flyzipline||maintenance operations engineering technician,1171,5.02734375,False,1460,False
8588049002,spacex||integration technician,1172,5.0234375,False,1467,False
8500749002,aegworldwide||dynamics 365 developer,1173,5.0234375,False,1466,False
8406833002,"spacex||manufacturing engineer, solar",1174,5.0234375,False,1465,False
4623308006,accenturefederalservices||sap basis administrator,1175,5.0234375,False,1464,False
4559147007,xai||application security engineer,1176,5.0234375,False,1463,False
R-52785-2026,"harman|wd3|harman||junior engineer ii, maintenance",1177,5.01953125,False,1478,False
8589648002,spacex||spmt critical lift technician,1178,5.01953125,False,1476,False
5189147007,xai||power systems engineer,1179,5.01953125,False,1472,False
4695444006,accenturefederalservices||data product & quality specialist,1180,5.01953125,False,1471,False
4679031006,accenturefederalservices||cybersecurity engineer-ii,1181,5.01953125,False,1470,False
7593841003,archer56||design data integrity engineer,1182,5.015625,False,1482,False
5156570007,andurilindustries||facilities electrical engineer,1183,5.015625,False,1481,False
4690980006,"sharkninjaoperatingllc||vice president, systems engineering",1184,5.015625,False,1480,False
4603493006,astranis||mechanical engineer - associate program,1185,5.015625,False,1479,False
8579720002,"spacex||starlink specialist, tool and die machining",1186,5.01171875,False,1486,False
8075900,trace3||global integration engineer,1187,5.01171875,False,1485,False
5177658007,atwellgroup||survey field technician,1188,5.01171875,False,1484,False
4693083006,astranis||network planning sales engineer associate,1189,5.01171875,False,1483,False
8625508002,workato||embedded account executive,1190,5.0078125,False,1496,False
8621989002,spacex||antenna engineer,1191,5.0078125,False,1495,False
8512266002,axs||site reliability engineer ii,1192,5.0078125,False,1492,False
8187979002,gotion||service now developer,1193,5.0078125,False,1491,False
7811769003,flyzipline||video producer,1194,5.0078125,False,1490,False
7318036,mongodb||account development representative,1195,5.0078125,False,1489,False
5364761008,unlimitedtechnology||systems engineer iii,1196,5.0078125,False,1488,False
8604710002,"spacex||mechanical engineer, flight termination system",1197,5.00390625,False,1502,False
8575857002,"spacex||software engineer, site reliability engineering",1198,5.00390625,False,1501,False
8553652002,spacex||critical lift technician,1199,5.00390625,False,1500,False
7811753003,flyzipline||uas technician - houston,1200,5.00390625,False,1499,False
5995128004,boomilp||product support engineer - boomi - hyderabad,1201,5.00390625,False,1498,False
4932953101,moniepoint||c developer,1202,5.00390625,False,1497,False
8623199002,spacex||power plant engineer,1203,5.0,False,1508,False
8572162002,"spacex||materials engineer, metals",1204,5.0,False,1507,False
8397612002,spacex||gnc engineer - top secret clearance,1205,5.0,False,1506,False
5180865007,"andurilindustries||manufacturing engineer, rocket motor systems",1206,5.0,False,1505,False
5159366007,andurilindustries||security data engineer,1207,5.0,False,1504,False
4688864006,accenturefederalservices||ux researcher,1208,5.0,False,1503,False
8627510002,"spacex||december 2026 new graduate engineer, propulsion",1209,4.99609375,False,1515,False
8623675002,"spacex||launch pad engineer, fluid systems",1210,4.99609375,False,1514,False
8525726002,"spacex||antenna engineer, satellites",1211,4.99609375,False,1513,False
8453372002,gotion||production quality supervisor,1212,4.99609375,False,1512,False
8350884002,"spacex||supply chain engineer, pcb/pcba",1213,4.99609375,False,1511,False
5085890007,xai||data center operations technician,1214,4.99609375,False,1509,False
5130680007,atwellgroup||cad technician- construction,1215,4.9921875,False,1518,False
5113760007,"andurilindustries||quality specialist, 2nd shift",1216,4.9921875,False,1517,False
R0008335,availity|wd1|availity_careers_us||application support engineer,1217,4.98828125,False,1525,False
JR107861,centific|wd1|centific_global||quality analyst – medical scribing & transcription,1218,4.98828125,False,1524,False
JR103537,browserstack|wd3|external||sde - customer engineering | automation testing - selenium | pre-sales & post-sales,1219,4.98828125,False,1523,False
4715789005,rebuildmanufacturing||composite technician,1220,4.98828125,False,1522,False
4686965101,lotusworks||us: general interest submission,1221,4.98828125,False,1521,False
4403140006,astranis||environmental test engineer,1222,4.98828125,False,1520,False
8561572002,"spacex||thermal engineer, thermal & fluid analysis",1223,4.984375,False,1534,False
8552660002,spacex||data & control systems engineer,1224,4.984375,False,1533,False
8467204002,aegworldwide||engineer- facility,1225,4.984375,False,1532,False
6100127004,ionq||optical engineer,1226,4.984375,False,1531,False
5150780007,xai||cad designer,1227,4.984375,False,1530,False
5023715007,"andurilindustries||mechanical engineer, propulsion",1228,4.984375,False,1529,False
5012694007,xai||structural engineer - data centers,1229,4.984375,False,1528,False
4693849006,accenturefederalservices||test automation engineer,1230,4.984375,False,1527,False
4538639007,xai||facilities operations technician,1231,4.984375,False,1526,False
8624730002,"spacex||launch engineer, falcon engineering",1232,4.98046875,False,1543,False
8622650002,spacex||welding trainee (starship) – temporary,1233,4.98046875,False,1542,False
8406964002,spacex||operations development engineer,1234,4.98046875,False,1540,False
5995126004,boomilp||product support engineer - boomi hyderabad,1235,4.98046875,False,1539,False
5156575007,andurilindustries||facilities controls engineer,1236,4.98046875,False,1538,False
5147072007,andurilindustries||head of manufacturing test engineering,1237,4.98046875,False,1537,False
4207392009,redwoodsoftware||site reliability engineer,1238,4.98046875,False,1536,False
4028247009,woolpert||internships - expression of interest,1239,4.98046875,False,1535,False
8641281002,relativity||quality inspector technical specialist i,1240,4.9765625,False,1551,False
8559035002,"spacex||ml engineer, surrogate modeling",1241,4.9765625,False,1550,False
8558345002,spacex||smt process engineer,1242,4.9765625,False,1549,False
8525554002,"torcrobotics||ml engineer, ii - app engine",1243,4.9765625,False,1548,False
7809990003,"flyzipline||maintenance support technician, dallas",1244,4.9765625,False,1546,False
4091872009,"woolpert||engineer in training, aviation & airfield design",1245,4.9765625,False,1544,False
d3cb1c9b-ce3a-4da2-9ef6-6b512f514582,gohighlevel||affiliate payment ops specialist ii,1246,4.97265625,False,1559,False
R0007832,"welocalize|wd1|welocalize||head of technology and product, welo data",1247,4.97265625,False,1558,False
8561565002,workato||outbound sales development representative,1248,4.97265625,False,1557,False
8508315002,"spacex||manufacturing engineer, machining",1249,4.97265625,False,1556,False
8029831,toast||it helpdesk analyst,1250,4.97265625,False,1555,False
4693670006,astranis||technical project management intern,1251,4.97265625,False,1554,False
4679087006,accenturefederalservices||sap ai developer,1252,4.97265625,False,1553,False
4324825009,onenergy||agile coach,1253,4.97265625,False,1552,False
JR346860,salesforce|wd12|external_career_site||technical architect - mulesoft,1254,4.96875,False,1567,False
8642056002,spacex||rf/microwave engineer,1255,4.96875,False,1566,False
8613825002,"spacex||thermal mechanical test engineer, silicon packaging",1256,4.96875,False,1565,False
8530195002,spacex||integration technician (starlink) - 2nd shift,1257,4.96875,False,1564,False
8346078002,spacex||production scheduler,1258,4.96875,False,1563,False
4598778006,accenturefederalservices||extend developer,1259,4.96875,False,1561,False
41ee636e-8786-4232-b916-ce032cafa4ee,scribe||head of gtm enablement,1260,4.96875,False,1560,False
8402511002,"spacex||water treatment technician, upw & wastewater",1261,4.96484375,False,1571,False
5181916007,andurilindustries||facilities technician,1262,4.96484375,False,1570,False
4694883006,astranis||radiation effects associate engineer,1263,4.96484375,False,1569,False
4692664006,accenturefederalservices||data analyst in california,1264,4.96484375,False,1568,False
8641290002,"spacex||it systems administrator, it applications",1265,4.9609375,False,1579,False
8007613,mongodb||technical services engineer,1266,4.9609375,False,1577,False
5251604008,senrasystems||hardware recruiter,1267,4.9609375,False,1576,False
5166042007,"andurilindustries||facilities strategy & operations, space",1268,4.9609375,False,1575,False
5149055007,"andurilindustries||financial analyst ii, ad&s",1269,4.9609375,False,1574,False
5117778007,andurilindustries||manufacturing systems specialist,1270,4.9609375,False,1573,False
R0008319,availity|wd1|availity_careers_us||salesforce developer iii,1271,4.95703125,False,1587,False
8623022002,spacex||starlink production technician - machining,1272,4.95703125,False,1586,False
8601631002,"spacex||production scheduler, starship components",1273,4.95703125,False,1585,False
8463185002,"spacex||manufacturing engineer, raptor turbomachinery",1274,4.95703125,False,1584,False
5189505007,"andurilindustries||mission integration engineer, intelligence systems",1275,4.95703125,False,1583,False
4992581007,xai||operations & maintenance technician,1276,4.95703125,False,1582,False
4301333009,woolpert||architect / designer,1277,4.95703125,False,1580,False
8581808002,cannondesign||designer ib,1278,4.953125,False,1594,False
8568157002,"spacex||supplier development engineer, harnessing",1279,4.953125,False,1593,False
8397219002,"spacex||nde specialist, eddy current (starship) - level iii",1280,4.953125,False,1591,False
6003203004,"redwoodmaterials||embedded software engineer – power electronics, energy storage",1281,4.953125,False,1589,False
5177893007,"andurilindustries||site reliability engineer, intelligence systems",1282,4.953125,False,1588,False
R0195419,greystar|wd1|external||service technician,1283,4.94921875,False,1601,False
8418457002,"spacex||instrumentation & controls engineer, solar cell factory",1284,4.94921875,False,1599,False
5363371008,liveviewtechnologiesinc||cdl driver,1285,4.94921875,False,1596,False
5034688007,"andurilindustries||product quality engineer, intelligence systems",1286,4.94921875,False,1595,False
8627255002,spacex||porter,1287,4.9453125,False,1604,False
4689984006,astranis||propulsion engineer - test,1288,4.9453125,False,1602,False
8638724002,"relativity||technician i, lp-ded additive, second shift",1289,4.94140625,False,1612,False
8570805002,"workato||intern, customer experience",1290,4.94140625,False,1611,False
8355234002,spacex||hvac technician (starlink) - level 4/5,1291,4.94140625,False,1609,False
5155924007,andurilindustries||occupancy space planner,1292,4.94140625,False,1608,False
4677973006,astranis||reliability test intern,1293,4.94140625,False,1607,False
4601744006,accenturefederalservices||servicenow developer - hrsd,1294,4.94140625,False,1605,False
8632015002,"spacex||wi-fi engineer, hardware reliability",1295,4.9375,False,1621,False
8611079002,spacex||cnc machinist,1296,4.9375,False,1620,False
8597945002,spacex||facilities controls & automation engineer,1297,4.9375,False,1619,False
7947324,relaypro||production graphic designer,1298,4.9375,False,1617,False
7811700003,blackcanyonconsulting||full stack developer – wagtail cms,1299,4.9375,False,1616,False
7810045003,flyzipline||logistics specialist,1300,4.9375,False,1615,False
5270871008,samaraaerospace||spacecraft control systems engineer,1301,4.9375,False,1614,False
5074043007,andurilindustries||security specialist,1302,4.9375,False,1613,False
R-10398711,"fiserv|wd5|ext||advisor, software development engineering",1303,4.93359375,False,1628,False
7950142,"relaypro||associate software engineer, site reliability",1304,4.93359375,False,1626,False
5178040007,atwellgroup||survey crew chief - northern il/northwest in,1305,4.93359375,False,1625,False
4924593007,"andurilindustries||electro-mechanical engineer, r&d",1306,4.93359375,False,1624,False
4869805007,xai||power generation engineer,1307,4.93359375,False,1623,False
4017671006,astranis||radiation effects engineer,1308,4.93359375,False,1622,False
8577847002,spacex||it support technician,1309,4.9296875,False,1640,False
8532939002,aegworldwide||database engineer ii,1310,4.9296875,False,1639,False
8532930002,axs||database engineer ii,1311,4.9296875,False,1638,False
8350877002,"spacex||supplier development engineer, pcb/pcba",1312,4.9296875,False,1636,False
8344352002,spacex||welder (starship) – temporary,1313,4.9296875,False,1635,False
7943868,mongodb||engineer 3 - gtm tech,1314,4.9296875,False,1634,False
7572075,cloudflare||forward deployed engineer,1315,4.9296875,False,1633,False
6098897004,antora||heavy equipment & rigging specialist,1316,4.9296875,False,1632,False
5165586007,"andurilindustries||electrical engineer, pcb design",1317,4.9296875,False,1631,False
5153382007,andurilindustries||test site kitchen operations,1318,4.9296875,False,1630,False
8612860002,spacex||production coordinator (starlink) - 2nd shift,1319,4.92578125,False,1644,False
7914965002,"gotion||controls engineer, cell line",1320,4.92578125,False,1642,False
4608723006,accenturefederalservices||data insights & visualization practitioner,1321,4.92578125,False,1641,False
badc9bc0-7da5-45f2-9807-a400cebacfee,nylas||software engineer,1322,4.921875,False,1651,False
8619339002,workato||inbound sales development representative,1323,4.921875,False,1650,False
8402935002,spacex||space lasers engineer,1324,4.921875,False,1648,False
7619114003,nearform||forward deployed engineer,1325,4.921875,False,1647,False
5181872007,"andurilindustries||trainer, undersea reconnaissance and strike",1326,4.921875,False,1646,False
cdaaed4d-638d-4348-b2ca-f539a5f0fef5,gohighlevel||accounts payable specialist ii,1327,4.91796875,False,1659,False
8626194002,relativity||launch pad technician i,1328,4.91796875,False,1658,False
8618487002,cannondesign||project architect v,1329,4.91796875,False,1657,False
8399747002,spacex||mep/construction engineer,1330,4.91796875,False,1656,False
5179798007,andurilindustries||integration and test engineer,1331,4.91796875,False,1654,False
5127590007,"andurilindustries||head of classified infrastructure, frontier systems",1332,4.91796875,False,1653,False
5121877007,"andurilindustries||development test engineer, maritime",1333,4.91796875,False,1652,False
8614546002,"spacex||materials engineer, test",1334,4.9140625,False,1667,False
8583051002,spacex||manufacturing specialist (optical production) - 2nd shift,1335,4.9140625,False,1666,False
8223278002,"spacex||supervisor, welding",1336,4.9140625,False,1665,False
5160632007,andurilindustries||flight test engineer - advanced effects,1337,4.9140625,False,1664,False
5047093007,"andurilindustries||electrical test engineer, air dominance and strike",1338,4.9140625,False,1663,False
4681370006,specialty1||it server engineer,1339,4.9140625,False,1662,False
4288054009,acilearning||adjunct career services instructor,1340,4.9140625,False,1661,False
4240279009,redwoodsoftware||people operations specialist,1341,4.9140625,False,1660,False
R0123378,hitachi|wd1|hitachi||data analyst,1342,4.91015625,False,1672,False
8417078002,spacex||avionics wire harness technician,1343,4.91015625,False,1671,False
8402079002,optiverus||graduate fpga engineer,1344,4.91015625,False,1670,False
5048073007,"andurilindustries||technical writer, warfighter systems",1345,4.91015625,False,1669,False
4688824006,accenturefederalservices||cyberark pam engineer,1346,4.91015625,False,1668,False
R264722,"blackrock|wd1|blackrock_professional||full stack developer (ui/ux), portfolio management group, analyst",1347,4.90625,False,1678,False
8580838002,"spacex||facilities engineer, mep",1348,4.90625,False,1677,False
8474952002,"spacex||reliability engineer, facilities",1349,4.90625,False,1676,False
4234525009,eudia||forward deployed lawyer,1350,4.90625,False,1673,False
JR102868,infios|wd502|infios||technical architect,1351,4.90234375,False,1687,False
8530898002,workato||commercial account executive,1352,4.90234375,False,1685,False
8398396002,"spacex||supervisor, welding (starship) - nights",1353,4.90234375,False,1683,False
7805425003,flyzipline||autonomy droid perception swe - offboard systems,1354,4.90234375,False,1682,False
5101280007,"andurilindustries||program operations, maritime",1355,4.90234375,False,1681,False
5083521007,"andurilindustries||robotics software engineer, verification & validation",1356,4.90234375,False,1680,False
5048074007,"andurilindustries||technical writer, advanced effects missiles",1357,4.90234375,False,1679,False
8629252002,spacex||production machinist (starlink) - 2nd shift,1358,4.8984375,False,1689,False
7122157,intercom||technical support engineer,1359,4.8984375,False,1688,False
8624452002,spacex||chemical engineer,1360,4.89453125,False,1700,False
8620216002,cannondesign||project technology iv,1361,4.89453125,False,1699,False
8532190002,cannondesign||architect ii,1362,4.89453125,False,1698,False
6110705004,operationscareers||e-scooter delivery driver,1363,4.89453125,False,1696,False
5171315007,"andurilindustries||portfolio operations, intelligence systems",1364,4.89453125,False,1695,False
5112663008,apexcompanies||engineer 2,1365,4.89453125,False,1694,False
5050657007,xai||security engineer - azure government,1366,4.89453125,False,1693,False
5048076007,"andurilindustries||technical writer, ghost",1367,4.89453125,False,1692,False
4247910009,brph||structural engineer,1368,4.89453125,False,1690,False
f88fd6f9-c0e7-4a2e-bf17-dd2dceb630cf,nabla||operational data analyst,1369,4.890625,False,1715,False
R265233,"blackrock|wd1|blackrock_professional||artificial intelligence engineer, portfolio management group, vice president",1370,4.890625,False,1714,False
8642697002,"spacex||supervisor, build & integration",1371,4.890625,False,1713,False
8585048002,"spacex||starlink specialist, tool and die machining - 2nd shift",1372,4.890625,False,1712,False
8389697002,"spacex||rf systems analysis engineer, regulatory",1373,4.890625,False,1710,False
7811715003,flyzipline||field tech | hou,1374,4.890625,False,1709,False
7049541002,gotion||battery simulation engineer,1375,4.890625,False,1708,False
5776286004,boomilp||servicenow crm developer/administrator,1376,4.890625,False,1707,False
5303186008,thenuclearcompany||mechanical sales engineer,1377,4.890625,False,1706,False
5171883007,"andurilindustries||data analyst, talent acquisition",1378,4.890625,False,1703,False
5059872007,"andurilindustries||electrical engineer, avionics design",1379,4.890625,False,1702,False
4386294006,accenturefederalservices||ics/ot architect,1380,4.890625,False,1701,False
8569011002,spacex||mechanisms engineer,1381,4.88671875,False,1721,False
8552671002,"spacex||mechanical engineer, insource manufacturing",1382,4.88671875,False,1720,False
7811710003,flyzipline||field tech | phx,1383,4.88671875,False,1719,False
6009174004,ionq||satellite operations engineer,1384,4.88671875,False,1718,False
5010419007,"xai||supervisor, site operations",1385,4.88671875,False,1717,False
4599650006,accenturefederalservices||data and ai analyst,1386,4.88671875,False,1716,False
8635886002,spacex||harness design engineer,1387,4.8828125,False,1731,False
8629250002,spacex||production machinist (starlink) - 1st shift,1388,4.8828125,False,1730,False
8620218002,cannondesign||project technology v,1389,4.8828125,False,1729,False
8550390002,"spacex||water treatment engineer, solar cell factory",1390,4.8828125,False,1728,False
7977483,ardentmc||devsecops engineer,1391,4.8828125,False,1726,False
7561739,roblox||systems software engineer - game engine network,1392,4.8828125,False,1725,False
5177177007,atwellgroup||electrical and instrumentation engineer - oil and gas,1393,4.8828125,False,1724,False
5124105007,"atwellgroup||project engineer, civil engineering - land development",1394,4.8828125,False,1723,False
4709899005,rebuildmanufacturing||customer service representative,1395,4.8828125,False,1722,False
8623608002,spacex||facilities technician,1396,4.87890625,False,1737,False
8512813002,"spacex||propulsion engineer, components manufacturing",1397,4.87890625,False,1736,False
8505212002,spacex||pcb materials lab technician,1398,4.87890625,False,1735,False
7866534,silananotechnologies||process engineer,1399,4.87890625,False,1734,False
4304524009,redwoodsoftware||video producer,1400,4.87890625,False,1732,False
8633741002,databricks||solutions architect - public sector,1401,4.875,False,1747,False
8612742002,spacex||mechanical engineer - satellite payload,1402,4.875,False,1746,False
8612522002,spacex||commercial plumber - 2nd shift,1403,4.875,False,1745,False
8565824002,"spacex||deburr technician, machining",1404,4.875,False,1744,False
5162156007,atwellgroup||crew chief,1405,4.875,False,1742,False
4925835007,xai||data science tutor,1406,4.875,False,1739,False
4240730006,astranis||technical recruiter,1407,4.875,False,1738,False
8517384002,deliveryassociates||ai solution engineer – lac (brazil) - 12 months contractor,1408,4.87109375,False,1755,False
8436747002,cannondesign||electrical engineer iii,1409,4.87109375,False,1753,False
7930725,mongodb||ai natives enterprise account executive,1410,4.87109375,False,1752,False
6097367004,"redwoodmaterials||software engineer - site controller, energy storage",1411,4.87109375,False,1751,False
5153217007,atwellgroup||assistant crew chief,1412,4.87109375,False,1749,False
8603113002,spacex||it systems engineer,1413,4.8671875,False,1763,False
5832831004,ionq||ait mechanical integration technician,1414,4.8671875,False,1762,False
5183054008,olsson||project civil engineer - data center,1415,4.8671875,False,1761,False
5035331007,atwellgroup||project engineer - land development,1416,4.8671875,False,1760,False
4671842006,accenturefederalservices||pega business architect support,1417,4.8671875,False,1758,False
4266770009,valaratomics||continuous improvement/operational excellence engineer,1418,4.8671875,False,1757,False
8597371002,"relativity||integration technician ii, subassemblies, first shift",1419,4.86328125,False,1777,False
8536510002,spacex||loads & dynamics engineer,1420,4.86328125,False,1776,False
8530785002,"spacex||production technician, solar cells (starlink) - day shift",1421,4.86328125,False,1775,False
5182818007,"andurilindustries||trainer, undersea dominance",1422,4.86328125,False,1773,False
5178802007,andurilindustries||aviation maintenance engineer,1423,4.86328125,False,1770,False
5142131007,atwellgroup||cad designer - land development,1424,4.86328125,False,1769,False
5141576007,xometry||dfm project engineer,1425,4.86328125,False,1768,False
5123845007,xai||construction superintendent – mechanical,1426,4.86328125,False,1765,False
9774a0ea-48f5-4c81-9a77-e18c13d366ae,realitydefender||ux engineer,1427,4.859375,False,1785,False
8626679002,"spacex||mission integration engineer, mission systems",1428,4.859375,False,1784,False
8524877002,"spacex||silicon packaging process engineer, production",1429,4.859375,False,1783,False
8511177002,"spacex||propulsion engineer, combustion devices manufacturing",1430,4.859375,False,1781,False
8383450002,"spacex||process controls engineer, solar cell factory",1431,4.859375,False,1780,False
5043570007,xai||network engineer - ml infrastructure,1432,4.859375,False,1778,False
93e0949a-bf76-467e-a8e1-b771c32ad7fe,snowflake||account engineer - public sector/sled,1433,4.85546875,False,1792,False
8581417002,spacex||hardware reliability specialist,1434,4.85546875,False,1791,False
5190190007,andurilindustries||mechanical designer,1435,4.85546875,False,1790,False
5179408007,atwellgroup||civil designer – land development,1436,4.85546875,False,1789,False
4822298101,tamara||product engineer ii - qa,1437,4.85546875,False,1787,False
4692873005,astspacemobile||technician i,1438,4.85546875,False,1786,False
R0137152,hitachi|wd1|hitachi||oss support specialist,1439,4.8515625,False,1809,False
8621890002,spacex||video & voice administrator,1440,4.8515625,False,1808,False
8614735002,spacex||hvac supervisor,1441,4.8515625,False,1807,False
8577167002,spacex||gateway site development engineer,1442,4.8515625,False,1806,False
7810795003,flyzipline||field support technician | austin,1443,4.8515625,False,1802,False
5179403007,atwellgroup||civil designer - land development,1444,4.8515625,False,1800,False
5039865007,"andurilindustries||technical writer, defense hardware & systems",1445,4.8515625,False,1796,False
4696106006,accenturefederalservices||drupal engineer,1446,4.8515625,False,1795,False
4657698007,andurilindustries||planning analyst,1447,4.8515625,False,1794,False
4226972009,woolpert||survey crew chief,1448,4.8515625,False,1793,False
b76d4d5a-68cc-4193-a4b4-cfabecfb3c89,pyyne||qa automation engineer,1449,4.84765625,False,1820,False
8533342002,spacex||integration technician (falcon operations) - night shift,1450,4.84765625,False,1819,False
8524791002,"spacex||facilities engineer, solar cell factory",1451,4.84765625,False,1818,False
8407507002,spacex||process safety engineer,1452,4.84765625,False,1817,False
8045166,latitude||mission analyst,1453,4.84765625,False,1816,False
7918768,"samsara||sales engineer, mid-market western canada",1454,4.84765625,False,1815,False
5177879007,"andurilindustries||infrastructure engineer, kubernetes",1455,4.84765625,False,1814,False
5127609007,"andurilindustries||facilities strategy & operations, frontier systems",1456,4.84765625,False,1813,False
5124340007,"andurilindustries||chief engineer, radar",1457,4.84765625,False,1812,False
4015611006,astranis||environmental test technician,1458,4.84765625,False,1810,False
J000695801,aptiv|wd5|aptiv_careers||cad tool developer,1459,4.84375,False,1828,False
8581415002,spacex||cnc programmer (starship components) - level 4/5,1460,4.84375,False,1827,False
8454694002,workato||chief strategic architect,1461,4.84375,False,1826,False
8402832002,spacex||nde engineer,1462,4.84375,False,1825,False
5160766007,scoutmotors||function integration and software planning,1463,4.84375,False,1824,False
4697063006,accenturefederalservices||business analyst,1464,4.84375,False,1823,False
4676910006,astranis||environmental test engineer associate,1465,4.84375,False,1822,False
4593956006,accenturefederalservices||soa architect,1466,4.84375,False,1821,False
8485525002,"spacex||spaceport designer, architect",1467,4.83984375,False,1838,False
8350883002,"spacex||supplier industrialization engineer, pcb/pcba",1468,4.83984375,False,1837,False
5168434007,xai||associate data center operations technician,1469,4.83984375,False,1836,False
5150932007,xai||controls technician,1470,4.83984375,False,1835,False
5122503007,"andurilindustries||technical operations engineer, intelligence systems",1471,4.83984375,False,1834,False
5048075007,"andurilindustries||technical writer, maritime",1472,4.83984375,False,1831,False
4855858007,xai||medicine tutor,1473,4.83984375,False,1830,False
4683650006,"accenturefederalservices||product, ip, and ai counsel",1474,4.83984375,False,1829,False
8552304002,spacex||production machinist (starlink) - 2nd shift - level 4/5,1475,4.8359375,False,1848,False
8060207,latitude||mission operator,1476,4.8359375,False,1845,False
7811676003,flyzipline||autonomy droid perception swe - onboard systems,1477,4.8359375,False,1844,False
5355963008,habitathealth||forward-deployed product engineer,1478,4.8359375,False,1843,False
5179794007,"andurilindustries||integration and test engineer, maritime",1479,4.8359375,False,1842,False
5167419007,chaosindustries||mission operations specialist,1480,4.8359375,False,1841,False
5047564007,xai||video tutor,1481,4.8359375,False,1840,False
8488034002,spacex||simulation software engineer,1482,4.83203125,False,1854,False
7377416,samsara||contract recruiter - gtm,1483,4.83203125,False,1853,False
5160373007,andurilindustries||it hardware technician i,1484,4.83203125,False,1852,False
5101666007,"verkada||full stack engineer, go-to-market systems",1485,4.83203125,False,1851,False
5096506007,"andurilindustries||robotics software engineer, sensor integration",1486,4.83203125,False,1850,False
8553654002,spacex||ropes access technician,1487,4.828125,False,1867,False
8540341002,"spacex||facilities engineer, mechanical",1488,4.828125,False,1866,False
8483954002,gotion||junior equipment engineer,1489,4.828125,False,1865,False
8379098002,"spacex||work place technician, facilities",1490,4.828125,False,1864,False
5426468004,"figma||account executive, enterprise",1491,4.828125,False,1862,False
5063930007,xai||web engineer - x,1492,4.828125,False,1857,False
4285129009,redwoodsoftware||transformation analyst,1493,4.828125,False,1856,False
8585929002,atlassand||network engineer,1494,4.82421875,False,1877,False
8497591002,spacex||facilities mechanical specialist,1495,4.82421875,False,1876,False
8392605002,spacex||tig welder,1496,4.82421875,False,1875,False
8335230002,"spacex||thermal hardware specialist, casting & leaching",1497,4.82421875,False,1874,False
8065548,onemedical||family medicine physician - south austin,1498,4.82421875,False,1873,False
7332473,"roblox||distinguished engineer, machine learning systems – economy",1499,4.82421875,False,1872,False
4623123006,accenturefederalservices||sap analytics cloud developer,1500,4.82421875,False,1868,False
8069681,carvana||post production associate,1501,4.8203125,False,1881,False
7762538003,archer56||aerodynamics engineer,1502,4.8203125,False,1880,False
5142936007,xai||civil engineer,1503,4.8203125,False,1879,False
4683356006,accenturefederalservices||project officer,1504,4.8203125,False,1878,False
8613004002,spacex||quality inspector,1505,4.81640625,False,1891,False
8612730002,"spacex||mechanical engineer, satellites",1506,4.81640625,False,1890,False
8605055002,spacex||optical test engineer,1507,4.81640625,False,1889,False
8586083002,"spacex||process engineer, industrial water treatment",1508,4.81640625,False,1888,False
8502375002,"spacex||mission integration engineer, user products",1509,4.81640625,False,1887,False
7561736,roblox||core engine developer - systems,1510,4.81640625,False,1886,False
5356588008,block||oracle fusion techno-functional developer,1511,4.81640625,False,1885,False
5007789007,andurilindustries||technical documentation illustrator,1512,4.81640625,False,1884,False
4630325101,davinciderivatives||trading systems engineer,1513,4.81640625,False,1882,False
8771d8f5-eb2b-49d7-a419-79dba5561b94,fluidstack||project executive,1514,4.8125,False,1896,False
8635683002,spacex||integration technician (starshield) - level 4/5,1515,4.8125,False,1895,False
8571958002,"spacex||operations engineer, supply chain",1516,4.8125,False,1894,False
4552924006,sharkninjaoperatingllc||advanced development opportunities at sharkninja,1517,4.8125,False,1893,False
8597377002,"relativity||integration technician ii, subassemblies, second shift",1518,4.80859375,False,1906,False
8594698002,"spacex||launch and test engineer, fluids",1519,4.80859375,False,1905,False
8564126002,"spacex||gnc engineer, fleet management",1520,4.80859375,False,1904,False
8546238002,"spacex||electrical engineer, facilities",1521,4.80859375,False,1902,False
8525179002,"relativity||supervisor, structures technician - second shift",1522,4.80859375,False,1901,False
7962270,"boxinc||machine learning engineer iii, core agents",1523,4.80859375,False,1900,False
7527300,"roku||software engineer, embedded ui",1524,4.80859375,False,1899,False
5293278008,"block||territory account executive, denver",1525,4.80859375,False,1898,False
5282973008,block||smb account executive,1526,4.80859375,False,1897,False
8343870002,spacex||cmm programmer (valves) - 2nd shift,1527,4.8046875,False,1913,False
6102277004,epicgames||engine programmer,1528,4.8046875,False,1912,False
5163325007,"scoutmotors||systems engineer, body electronics",1529,4.8046875,False,1911,False
5158565007,"scoutmotors||adas system engineer / fo, vehicle parking",1530,4.8046875,False,1910,False
5091503007,"andurilindustries||technical writer, autonomous airpower",1531,4.8046875,False,1909,False
4694011006,pitchbookdata||ai enablement specialist,1532,4.8046875,False,1907,False
8587103002,"spacex||cnc machinist, deburr (starship components) - 2nd shift",1533,4.80078125,False,1923,False
8519655002,spacex||business operations analyst,1534,4.80078125,False,1922,False
6115038004,operationscareers||bicycle & scooter repair technician - bronx,1535,4.80078125,False,1921,False
5188312007,xai||ai tutor - sinhala,1536,4.80078125,False,1920,False
5161447007,xai||warehouse supervisor,1537,4.80078125,False,1918,False
5136064007,xai||gas pipeline engineer,1538,4.80078125,False,1916,False
5034610007,andurilindustries||quality inspector,1539,4.80078125,False,1915,False
4695837006,accenturefederalservices||sap bw/4hana implementation consultant,1540,4.80078125,False,1914,False
8397638002,"spacex||gnc engineer, phased array devices",1541,4.796875,False,1928,False
5120398007,andurilindustries||inventory specialist,1542,4.796875,False,1927,False
4760806007,xai||finance expert,1543,4.796875,False,1926,False
4675065006,accenturefederalservices||oracle epm analyst,1544,4.796875,False,1925,False
a0440273-238f-4774-aa9b-0c0adc5f4d30,pointclickcare||solutions analyst,1545,4.79296875,False,1934,False
8588738002,"relativity||integration technician ii, stage integration, second shift",1546,4.79296875,False,1933,False
8587092002,"spacex||deburr technician, machining (starship) - 2nd shift",1547,4.79296875,False,1932,False
5123852007,xai||construction superintendent - structural,1548,4.79296875,False,1931,False
4681164006,astranis||radiation test engineer,1549,4.79296875,False,1930,False
8544711002,"spacex||manufacturing engineer, chamber and nozzle",1550,4.7890625,False,1942,False
8436568002,"spacex||electrical engineer, power systems",1551,4.7890625,False,1941,False
6018566004,boomilp||field engineer - data integration & ai,1552,4.7890625,False,1940,False
55dbe93d-c886-43ec-93d4-d6786a0f474c,zeely||education partner,1553,4.7890625,False,1939,False
5124669007,xai||construction superintendent (night shift) – mechanical,1554,4.7890625,False,1938,False
5090265007,xai||ai tutor - swedish,1555,4.7890625,False,1937,False
4292256009,woolpert||software trainer,1556,4.7890625,False,1935,False
5098797007,andurilindustries||legal operations associate,1557,4.78515625,False,1943,False
5182247007,"andurilindustries||manufacturing engineer, high vacuum systems",1558,4.78125,False,1947,False
5172979007,atwellgroup||civil project engineer,1559,4.78125,False,1946,False
8633177002,cannondesign||electrical iii - cyber security,1560,4.77734375,False,1956,False
8530696002,"spacex||facilities technician, solar cells (starlink) - day shift",1561,4.77734375,False,1955,False
8521981002,"spacex||propulsion engineer, valves",1562,4.77734375,False,1954,False
8383510002,"spacex||mechanical engineer, solar cell factory",1563,4.77734375,False,1952,False
5173016007,"scoutmotors||specialist, ladder frame engineer",1564,4.77734375,False,1951,False
5090197007,xai||ai tutor - dutch,1565,4.77734375,False,1950,False
4661716006,accenturefederalservices||palantir data scientist,1566,4.77734375,False,1949,False
8282912002,gotion||data analyst,1567,4.7734375,False,1962,False
8044274,onemedical||primary care physician - adult medicine,1568,4.7734375,False,1961,False
5175158007,xai||fiber foreman,1569,4.7734375,False,1960,False
5157846007,"andurilindustries||warfighting systems analyst, maritime",1570,4.7734375,False,1958,False
5124681007,xai||construction superintendent (night shift) – structural,1571,4.7734375,False,1957,False
8552292002,spacex||production machinist (starlink) - 1st shift - level 4/5,1572,4.76953125,False,1973,False
8045211,latitude||nomadic mission operator,1573,4.76953125,False,1971,False
7583033,boxinc||developer relations engineer,1574,4.76953125,False,1970,False
5609732004,turing||forward deployed ai engineer,1575,4.76953125,False,1969,False
5192428007,altentechnologyusa||data architect,1576,4.76953125,False,1968,False
5188280007,xai||ai tutor - kyrgyz,1577,4.76953125,False,1966,False
5173069007,"andurilindustries||technical writer, fury data module",1578,4.76953125,False,1965,False
4925783007,xai||biology tutor,1579,4.76953125,False,1964,False
4601610006,sharkninjaoperatingllc||fall 2026: industrial design intern,1580,4.76953125,False,1963,False
R438460,"comcast|wd5|comcast_careers||engineer 3,quality and automation",1581,4.765625,False,1979,False
8536110002,spacex||construction technician,1582,4.765625,False,1977,False
8499098002,spacex||thermal development technician,1583,4.765625,False,1976,False
8407221002,spacex||civil/structural engineer,1584,4.765625,False,1975,False
4676305006,accenturefederalservices||it service management representative,1585,4.765625,False,1974,False
8641843002,brex||systems analyst ii,1586,4.76171875,False,1986,False
5258480008,block||head of strategic product sales,1587,4.76171875,False,1984,False
5191081007,atwellgroup||project surveyor,1588,4.76171875,False,1983,False
5188309007,xai||ai tutor - tajik,1589,4.76171875,False,1982,False
5093473007,andurilindustries||instructional designer,1590,4.76171875,False,1981,False
4681807006,accenturefederalservices||industrial engineering & facilities consultant,1591,4.76171875,False,1980,False
R-10399050,fiserv|wd5|ext||data engineer,1592,4.7578125,False,2000,False
8642855002,captiveaire||technical sales and field service engineer,1593,4.7578125,False,1999,False
8597403002,"relativity||integration technician ii, thrust structure, second shift",1594,4.7578125,False,1998,False
8535169002,"spacex||mechanical engineer, propellant generation",1595,4.7578125,False,1997,False
8064402,liquibase||enterprise account executive,1596,4.7578125,False,1996,False
8031488,onemedical||primary care physician (two embarcadero center) - sign-on bonus available,1597,4.7578125,False,1995,False
8010527,"mongodb||associate recruiter, early talent",1598,4.7578125,False,1994,False
6119783004,stokespacetechnologies||avionics - stage integration & test engineer,1599,4.7578125,False,1993,False
5186602007,andurilindustries||motor controls engineer,1600,4.7578125,False,1992,False
5164952007,andurilindustries||functional safety engineer,1601,4.7578125,False,1991,False
5025986007,"andurilindustries||operations analyst, quality control",1602,4.7578125,False,1990,False
4675089006,accenturefederalservices||oracle epm consultant,1603,4.7578125,False,1989,False
4675053006,accenturefederalservices||epm solution architect,1604,4.7578125,False,1988,False
4671978006,accenturefederalservices||sap production planning (pp) and quality management (qm) consultant,1605,4.7578125,False,1987,False
8076927,boxinc||solutions engineer i,1606,4.75390625,False,2002,False
5090189007,xai||ai tutor - danish,1607,4.75390625,False,2001,False
8498815002,spacex||materials r&d technician - level 4/5,1608,4.75,False,2010,False
8464867002,spacex||spaceport engineer,1609,4.75,False,2009,False
8245161002,gotion||industrial design engineer,1610,4.75,False,2008,False
5128245007,"xai||safety trainer, monetization",1611,4.75,False,2007,False
4688186006,accenturefederalservices||cybersecurity engineer,1612,4.75,False,2006,False
4232403009,voyagertechnologiesinc||test engineer,1613,4.75,False,2005,False
8559058002,spacex||structures technician (starship) - 2nd shift,1614,4.74609375,False,2018,False
8530463002,spacex||thermal engineer,1615,4.74609375,False,2017,False
5155860007,"andurilindustries||legal counsel, supply chain",1616,4.74609375,False,2015,False
5147719007,"andurilindustries||test & evaluation engineer, imaging",1617,4.74609375,False,2014,False
5090998007,xai||infrastructure security engineer,1618,4.74609375,False,2013,False
4696951006,accenturefederalservices||security engineer,1619,4.74609375,False,2012,False
8642065002,spacex||high-speed electro-optical ic engineer,1620,4.7421875,False,2035,False
8631837002,"lyft||software engineer, async platform",1621,4.7421875,False,2034,False
8525199002,"relativity||supervisor, tank fabrication, second shift",1622,4.7421875,False,2033,False
8490714002,spacex||production control specialist,1623,4.7421875,False,2032,False
8077409,onemedical||primary care physician - downtown seattle - sign on bonuses available!,1624,4.7421875,False,2031,False
8008599,tanium||it infrastructure engineer,1625,4.7421875,False,2030,False
7645194003,sezzle||ai engineer ii,1626,4.7421875,False,2029,False
5189148007,xai||electrical reliability engineer,1627,4.7421875,False,2023,False
5156952008,olsson||licensed civil engineer - data center,1628,4.7421875,False,2022,False
4871750007,"andurilindustries||experimental test pilot, air dominance & strike",1629,4.7421875,False,2021,False
4697421006,"vast||manufacturing engineer, mechanical subassemblies",1630,4.7421875,False,2020,False
4677171006,mettel||software development engineer in test,1631,4.7421875,False,2019,False
8555812002,spacex||structures technician,1632,4.73828125,False,2040,False
5090246007,xai||ai tutor - punjabi,1633,4.73828125,False,2038,False
4689975006,accenturefederalservices||rhel systems administrator,1634,4.73828125,False,2037,False
4178272009,redwoodsoftware||ux design team - researcher,1635,4.73828125,False,2036,False
8561494002,"spacex||manufacturing engineer, optical fiber",1636,4.734375,False,2055,False
8532544002,spacex||chemical lab technician,1637,4.734375,False,2054,False
6114235004,turing||technical business analyst,1638,4.734375,False,2053,False
5182356007,atwellgroup||test technician,1639,4.734375,False,2052,False
5181850007,andurilindustries||flight test operator,1640,4.734375,False,2051,False
5096211007,"scoutmotors||specialist, vehicle diagnostic technologies engineer",1641,4.734375,False,2049,False
5090120007,xai||ai tutor - german,1642,4.734375,False,2048,False
5033372007,atwellgroup||survey office technician,1643,4.734375,False,2046,False
4682250006,sharkninjaoperatingllc||motion designer,1644,4.734375,False,2045,False
4292132009,woolpert||project coordinator,1645,4.734375,False,2044,False
8615264002,cannondesign||mechanical engineer iii,1646,4.73046875,False,2061,False
5349707008,fiveringsllc||summer intern 2027 - software developer,1647,4.73046875,False,2060,False
5179521007,"andurilindustries||electrical engineer, maritime",1648,4.73046875,False,2059,False
5102949007,atwellgroup||project engineer - civil renewables,1649,4.73046875,False,2058,False
5090215007,xai||ai tutor - norwegian,1650,4.73046875,False,2057,False
4681930006,accenturefederalservices||ms power apps developer,1651,4.73046875,False,2056,False
8560125002,spacex||hvac design engineer,1652,4.7265625,False,2067,False
8077391,onemedical||primary care physician - capitol hill - sign on bonuses available!,1653,4.7265625,False,2064,False
5090268007,xai||ai tutor - tagalog,1654,4.7265625,False,2063,False
8581359002,spacex||propulsion technician (starship) - 2nd shift,1655,4.72265625,False,2073,False
8578872002,spacex||network engineer,1656,4.72265625,False,2072,False
5192467007,altentechnologyusa||infrastructure architect,1657,4.72265625,False,2071,False
4678524006,accenturefederalservices||incident response engineer,1658,4.72265625,False,2069,False
99cc333f-10e7-46b4-bd03-e116d327fa6f,campus||ai instructor,1659,4.71875,False,2080,False
8485462002,"spacex||nde radiography specialist, dr/cr",1660,4.71875,False,2078,False
5178492007,andurilindustries||executive assistant,1661,4.71875,False,2077,False
5090270007,xai||ai tutor - telugu,1662,4.71875,False,2076,False
4079119009,woolpert||roadway engineer,1663,4.71875,False,2075,False
8642037002,recordedfuture||application support devops engineer,1664,4.71484375,False,2101,False
8623247002,"spacex||mechanical engineer, mep",1665,4.71484375,False,2099,False
8599299002,spacex||facilities mechanical hvac engineer,1666,4.71484375,False,2097,False
8504224002,"spacex||equipment maintenance technician, silicon assembly",1667,4.71484375,False,2096,False
8382583002,"spacex||gnc engineer, orbit determination/stargaze",1668,4.71484375,False,2095,False
7811772003,flyzipline||head of infosec,1669,4.71484375,False,2094,False
5188307007,xai||ai tutor - mongolian,1670,4.71484375,False,2093,False
5180962007,atwellgroup||civil cad designer - land development,1671,4.71484375,False,2091,False
5103111007,andurilindustries||gsoc jr operator,1672,4.71484375,False,2089,False
5090273007,xai||ai tutor - urdu,1673,4.71484375,False,2088,False
5064478007,"andurilindustries||mechanical engineer, maneuver dominance",1674,4.71484375,False,2087,False
5057060007,"andurilindustries||technical documentation illustrator, s1000d",1675,4.71484375,False,2086,False
4716913005,indigenouspactpbcinc||data platform & analytics engineer,1676,4.71484375,False,2085,False
4698745005,connectwise||software test engineer ii,1677,4.71484375,False,2084,False
4688427006,pitchbookdata||revenue operations analyst,1678,4.71484375,False,2083,False
R-250367,amgen|wd1|careers||software development engineer-test ii,1679,4.7109375,False,2110,False
8581270002,"spacex||production scheduler, starship",1680,4.7109375,False,2109,False
8499349002,spacex||design criteria engineer,1681,4.7109375,False,2108,False
5090206007,xai||ai tutor - hebrew,1682,4.7109375,False,2106,False
5090199007,xai||ai tutor - finnish,1683,4.7109375,False,2105,False
4695489006,sharkninjaoperatingllc||associate product developer- ninja motorized,1684,4.7109375,False,2104,False
4680123101,davinciderivatives||trading operations engineer,1685,4.7109375,False,2103,False
8460962002,"spacex||electric propulsion engineer, mechanical",1686,4.70703125,False,2114,False
5173849008,skhynixamerica||hr generalist,1687,4.70703125,False,2113,False
5123518007,xai||ai tutor - hungarian,1688,4.70703125,False,2112,False
8605067002,spacex||microelectronics process engineer,1689,4.703125,False,2118,False
8041641,"mongodb||technical services engineer, named accounts",1690,4.703125,False,2117,False
5071316007,andurilindustries||flight test instrumentation engineer,1691,4.703125,False,2116,False
4697435006,"vast||manufacturing planner, fluid systems manufacturing",1692,4.703125,False,2115,False
8581449002,"spacex||electrical engineer, hardware reliability",1693,4.69921875,False,2124,False
7798649003,"engine||solutions engineer, integrations",1694,4.69921875,False,2123,False
4835611007,xai||software engineer - platform security,1695,4.69921875,False,2122,False
4147236009,woolpert||project architect - healthcare specialized,1696,4.69921875,False,2119,False
8569294002,spacex||maintenance supervisor (starlink) - night shift,1697,4.6953125,False,2132,False
7795845003,intersystems||junior sales executive,1698,4.6953125,False,2131,False
7719735003,archer56||liaison engineering focal,1699,4.6953125,False,2130,False
5090269007,xai||ai tutor - tamil,1700,4.6953125,False,2129,False
5090210007,xai||ai tutor - korean,1701,4.6953125,False,2128,False
5090202007,xai||ai tutor - french,1702,4.6953125,False,2127,False
5085233007,atwellgroup||survey office technician - michigan,1703,4.6953125,False,2126,False
4695937006,accenturefederalservices||infrastructure systems administrator,1704,4.6953125,False,2125,False
8629044002,"relativity||manufacturing engineer ii, integrated components",1705,4.69140625,False,2141,False
8622997002,spacex||machining technician,1706,4.69140625,False,2140,False
8579221002,"spacex||manufacturing engineer, tool & die machining",1707,4.69140625,False,2139,False
8578079002,"spacex||supervisor, nde operations",1708,4.69140625,False,2138,False
8409342002,spacex||pcb designer,1709,4.69140625,False,2137,False
5180711007,andurilindustries||stock plan administrator,1710,4.69140625,False,2136,False
5090213007,xai||ai tutor - marathi,1711,4.69140625,False,2135,False
4594819006,astranis||avionics test specialist,1712,4.69140625,False,2134,False
4321364009,brph||mechanical engineer,1713,4.69140625,False,2133,False
8458745002,"spacex||it network infrastructure engineer, launch",1714,4.6875,False,2147,False
8414256002,"spacex||materials r&d technician, silicon crystal growth",1715,4.6875,False,2146,False
8377562002,"spacex||propulsion analyst, structures",1716,4.6875,False,2145,False
8197463002,gotion||construction project engineer,1717,4.6875,False,2144,False
5045817007,zscaler||site reliability engineer-skillbridge intern,1718,4.6875,False,2143,False
4679852006,accenturefederalservices||automation test engineer,1719,4.6875,False,2142,False
91870487-4047-4579-83bc-fd25625c9a90,bjakcareer||ui designer - ai neobank app,1720,4.68359375,False,2155,False
8594811002,spacex||nde level ii inspector,1721,4.68359375,False,2154,False
8565363002,spacex||nde inspector,1722,4.68359375,False,2153,False
8519574002,"spacex||mission integration engineer, network and infrastructure",1723,4.68359375,False,2152,False
8398621002,"spacex||maintenance engineer, high pressure die casting",1724,4.68359375,False,2151,False
4693623006,accenturefederalservices||quality assurance tester,1725,4.68359375,False,2150,False
4092721009,woolpert||civil engineer in training,1726,4.68359375,False,2149,False
8016529,onemedical||primary care physician (duboce triangle) - sign-on bonus available,1727,4.6796875,False,2163,False
8011287,"ripple||professional services consultant, risk",1728,4.6796875,False,2161,False
5182245007,andurilindustries||manufacturing engineer - 2nd shift,1729,4.6796875,False,2160,False
5123837007,xai||construction superintendent - electrical,1730,4.6796875,False,2159,False
5118731007,atwellgroup||neta field service technician,1731,4.6796875,False,2158,False
5090264007,xai||ai tutor - spanish,1732,4.6796875,False,2157,False
4626276006,sharkninjaoperatingllc||product development management opportunities at sharkninja,1733,4.6796875,False,2156,False
7800628003,axontalentcommunity||2027 us firmware engineering internship,1734,4.67578125,False,2169,False
6140280,relaypro||associate qa engineer,1735,4.67578125,False,2168,False
5155592007,"scoutmotors||system engineer, vehicle controls",1736,4.67578125,False,2167,False
5090218007,xai||ai tutor - polish,1737,4.67578125,False,2166,False
4658637006,sharkninjaoperatingllc||mechanical engineer ii - corded/cordless products,1738,4.67578125,False,2165,False
8639268002,"spacex||power electronics engineer, ai satellites",1739,4.671875,False,2176,False
7856141002,"gotion||equipment engineer, cell line",1740,4.671875,False,2175,False
6103322004,"boomilp||solution domain expert, ipaas",1741,4.671875,False,2174,False
5046050007,zscaler||site reliability engineer federal- skillbridge intern,1742,4.671875,False,2173,False
4232738009,valaratomics||fuel plant process technician,1743,4.671875,False,2172,False
JR108414,sabre|wd1|confidential||it operations analyst i,1744,4.66796875,False,2189,False
8594706002,spacex||gateway fleet specialist,1745,4.66796875,False,2187,False
8027105,zuora||customer solution engineer - ai native/consumption quote to cash,1746,4.66796875,False,2186,False
5176673007,andurilindustries||test pilot,1747,4.66796875,False,2185,False
5164917007,andurilindustries||contracts analyst,1748,4.66796875,False,2182,False
5090221007,xai||ai tutor - portuguese,1749,4.66796875,False,2181,False
4716840005,careerteam||career advisor,1750,4.66796875,False,2180,False
4696640006,sharkninjaoperatingllc||associate product developer - shark haircare,1751,4.66796875,False,2179,False
4521317007,xai||front desk ambassador,1752,4.66796875,False,2178,False
8610994002,aegworldwide||non-certified engineer,1753,4.6640625,False,2198,False
8603098002,"relativity||manufacturing engineer ii, integration & test, second shift",1754,4.6640625,False,2197,False
8205991002,"relativity||manufacturing engineer ii, integration & test",1755,4.6640625,False,2196,False
8077146,nisc||software developer ii - meter data management software,1756,4.6640625,False,2195,False
5135054007,"scoutmotors||analyst, logistics material flow engineer",1757,4.6640625,False,2194,False
4925878007,xai||applied math tutor,1758,4.6640625,False,2193,False
4111110009,woolpert||architect,1759,4.6640625,False,2190,False
8637631002,relativity||weld engineer ii,1760,4.66015625,False,2208,False
8533951002,"spacex||supplier development engineer, silicon",1761,4.66015625,False,2207,False
5189569007,atwellgroup||technology business operations specialist,1762,4.66015625,False,2204,False
5184719007,"scoutmotors||design release engineer, secondary controller and sw release",1763,4.66015625,False,2203,False
5156588007,andurilindustries||industrial space planner,1764,4.66015625,False,2202,False
5088628007,andurilindustries||data product enablement specialist,1765,4.66015625,False,2201,False
4696350006,"figureai||project coordinator, data quality",1766,4.66015625,False,2200,False
5188302007,xai||ai tutor - kazakh,1767,4.65625,False,2212,False
5171330007,"andurilindustries||division operations analyst, counter intrusion",1768,4.65625,False,2211,False
4697775006,"accenturefederalservices||oracle ebs scm projects billing, ar and costing functional",1769,4.65625,False,2210,False
4665845006,sharkninjaoperatingllc||platform administrator,1770,4.65625,False,2209,False
8569287002,spacex||maintenance supervisor,1771,4.65234375,False,2216,False
7629223003,northspyre||data journalist,1772,4.65234375,False,2215,False
4694721006,sharkninjaoperatingllc||test engineer,1773,4.65234375,False,2213,False
7786015003,cookunity||food production supervisor,1774,4.6484375,False,2219,False
4324432009,industrialelectricmanufacturing||logistics specialist,1775,4.6484375,False,2218,False
4254310009,woolpert||google project / change management specialist,1776,4.6484375,False,2217,False
R-089716,jj|wd5|displacedemployees||r&d engineer ii,1777,4.64453125,False,2229,False
8633150002,spacex||data & control systems technician (starship launch hardware) - level 4/5,1778,4.64453125,False,2228,False
8493647002,aegworldwide||infrastructure engineer,1779,4.64453125,False,2227,False
8045276,latitude||bench technician associate,1780,4.64453125,False,2226,False
5286244008,"quince||data scientist, storefront",1781,4.64453125,False,2225,False
5152185007,andurilindustries||system administrator,1782,4.64453125,False,2224,False
4695485006,sharkninjaoperatingllc||associate product developer - skincare,1783,4.64453125,False,2223,False
4694802006,sharkninjaoperatingllc||ai designer,1784,4.64453125,False,2222,False
4694162006,accenturefederalservices||technical support specialist,1785,4.64453125,False,2221,False
8545886002,spacex||manufacturing specialist,1786,4.640625,False,2235,False
7895913,latitude||integration & test engineer ii - system test strategy & execution,1787,4.640625,False,2234,False
6100945004,lucidsoftware||reseller operations analyst ii,1788,4.640625,False,2233,False
5364677008,sbusa||skilled carpenter- heavy civil construction,1789,4.640625,False,2231,False
8564989002,spacex||microelectronics production supervisor (starlink) - 2nd shift,1790,4.63671875,False,2244,False
8403060002,spacex||aviation certification engineer,1791,4.63671875,False,2243,False
7807509,"intercom||business development representative, emerging ai products",1792,4.63671875,False,2242,False
5190139007,xai||energy & infrastructure counsel,1793,4.63671875,False,2241,False
5031895007,atwellgroup||junior high voltage technician - data centers and substations for centurion - an atwell company,1794,4.63671875,False,2240,False
4925830007,xai||space science tutor,1795,4.63671875,False,2239,False
4265597009,redwoodsoftware||marketing analytics analyst,1796,4.63671875,False,2237,False
8581047002,"spacex||supervisor, fabrication",1797,4.6328125,False,2253,False
8550962002,spacex||integration & test specialist (bus & payload sub-assemblies) - 2nd shift,1798,4.6328125,False,2252,False
8533357002,spacex||integration technician (fairings) - night shift,1799,4.6328125,False,2251,False
8483510002,"spacex||cnc maintenance technician, level 4/5 (starship) - 2nd shift",1800,4.6328125,False,2250,False
5135086007,xai||technical recruiter,1801,4.6328125,False,2248,False
5090180007,xai||ai tutor - chinese,1802,4.6328125,False,2247,False
4301056009,woolpert||geobase training support junior analyst,1803,4.6328125,False,2246,False
4109447009,woolpert||engineering project coordinator,1804,4.6328125,False,2245,False
JR107689,sabre|wd1|sabrejobs||sales operations automation specialist,1805,4.62890625,False,2265,False
8617794002,cannondesign||project designer v,1806,4.62890625,False,2263,False
8031482,onemedical||primary care physician (financial district sutter) - sign-on bonus available,1807,4.62890625,False,2260,False
6777655002,gotion||recruiter,1808,4.62890625,False,2259,False
5969617004,"boomilp||atlassian platform administrator, product & technology operations",1809,4.62890625,False,2258,False
5191580007,lpc||chief building engineer,1810,4.62890625,False,2257,False
5124345008,hawthornemachineryco||machinery service tech/mechanic 2,1811,4.62890625,False,2256,False
4975849007,"andurilindustries||operations analyst (scenario design), discovery",1812,4.62890625,False,2255,False
4039003,agilent|wd5|agilent_careers||business analyst,1813,4.62890625,False,2254,False
6092982004,"epicgamesfrench||développeur sénior, outils de jouabilité, interface utilisateur (ui) et ia",1814,4.625,False,2270,False
5181645007,"scoutmotors||concept architect, platform",1815,4.625,False,2269,False
5164895007,"scoutmotors||specialist, kpi and continuous improvement",1816,4.625,False,2268,False
5104083007,atwellgroup||pcmm - biology field technician,1817,4.625,False,2267,False
4089902009,woolpert||architect - (mission critical) - usa,1818,4.625,False,2266,False
8612875002,spacex||avionics harness technician,1819,4.62109375,False,2277,False
8604794002,spacex||mechanical design engineer,1820,4.62109375,False,2276,False
7857818,roblox||facilities engineer,1821,4.62109375,False,2274,False
6005910004,ionq||chief architect - optical communication terminals,1822,4.62109375,False,2273,False
5180136007,atwellgroup||civil project engineer - land development,1823,4.62109375,False,2272,False
4095216009,woolpert||transportation roadway- engineer in training,1824,4.62109375,False,2271,False
R-147669,nttlimited|wd3|ntt_careers||cross technology managed services engineer,1825,4.6171875,False,2283,False
8617153002,spacex||prefabrication technician,1826,4.6171875,False,2282,False
8553118002,spacex||reliability technician,1827,4.6171875,False,2281,False
5165038007,"andurilindustries||electrical engineer, payload integration",1828,4.6171875,False,2279,False
4925805007,xai||chemistry tutor,1829,4.6171875,False,2278,False
899cdad9-5751-4ade-bc94-02eccaa36ca4,vultr||gpu solutions engineer,1830,4.61328125,False,2290,False
8632953002,spacex||telecommunications engineer,1831,4.61328125,False,2289,False
8621901002,"spacex||cnc machinist, tool & die",1832,4.61328125,False,2288,False
5123528007,xai||ai tutor - russian,1833,4.61328125,False,2287,False
5102920007,andurilindustries||computer vision engineer,1834,4.61328125,False,2286,False
5090171007,xai||ai tutor - arabic,1835,4.61328125,False,2285,False
4239373009,woolpert||architectural designer,1836,4.61328125,False,2284,False
8452742002,"spacex||sourcing specialist, mechanical",1837,4.609375,False,2294,False
7984730,toast||data scientist ii,1838,4.609375,False,2293,False
5182357007,xai||electrical engineer,1839,4.609375,False,2292,False
5095657007,xai||ai tutor - indonesian,1840,4.609375,False,2291,False
8582736002,spacex||welding supervisor,1841,4.60546875,False,2303,False
8540337002,"spacex||mechanical engineer, infrastructure",1842,4.60546875,False,2302,False
7650076003,tekion||implementation specialist,1843,4.60546875,False,2300,False
5992269004,coursera||learning designer - technical/ai,1844,4.60546875,False,2299,False
5142418007,"scoutmotors||specialist, process optimization & sap assembly line",1845,4.60546875,False,2298,False
4929188101,airship||information security architect,1846,4.60546875,False,2297,False
4821683007,"xai||supervisor, facility operations",1847,4.60546875,False,2296,False
4089035009,woolpert||hydrographic specialist,1848,4.60546875,False,2295,False
WD30274147,jci|wd5|jci||hvac controls pre-install application engineer,1849,4.6015625,False,2310,False
8642695002,"spacex||supervisor, development operations",1850,4.6015625,False,2309,False
7496588003,cookunity||fulfillment supervisor,1851,4.6015625,False,2307,False
6115416004,"babylist||supervisor, fulfillment operations, kitting - day shift",1852,4.6015625,False,2306,False
5363180008,hawthornemachineryco||machinery service technician/mechanic 1,1853,4.6015625,False,2305,False
5095662007,xai||ai tutor - turkish,1854,4.6015625,False,2304,False
8633450002,"relativity||tps technician ii, first shift",1855,4.59765625,False,2324,False
8605143002,spacex||propulsion fluids analyst,1856,4.59765625,False,2323,False
8574353002,"spacex||manufacturing engineer, tool & die machining - 2nd shift",1857,4.59765625,False,2322,False
8533949002,"spacex||supplier development engineer, photovoltaics",1858,4.59765625,False,2320,False
8405092002,"spacex||microelectronics technician, starlink",1859,4.59765625,False,2319,False
5167278007,"scoutmotors||specialist, obd integration engineer",1860,4.59765625,False,2318,False
5158862007,"andurilindustries||financial analyst, connected warfare",1861,4.59765625,False,2317,False
5093330007,"andurilindustries||pcb layout designer, intelligence systems",1862,4.59765625,False,2316,False
4890661008,skhynixamerica||construction project coordinator,1863,4.59765625,False,2315,False
4260796009,valaratomics||manufacturing engineer,1864,4.59765625,False,2313,False
8623625002,"spacex||welder, starship launch pad",1865,4.59375,False,2334,False
8580469002,"spacex||supervisor, nde operations (starship) - nights",1866,4.59375,False,2333,False
8570046002,spacex||it network infrastructure engineer,1867,4.59375,False,2332,False
8077403,onemedical||primary care physician - south lake union - sign on bonuses available!,1868,4.59375,False,2331,False
7979762,ardentmc||service desk engineer,1869,4.59375,False,2330,False
7867202,accordion||ai operations associate,1870,4.59375,False,2329,False
5364901008,gigaenergy||people operations generalist,1871,4.59375,False,2328,False
5142486007,"scoutmotors||specialist, process control engineer",1872,4.59375,False,2327,False
4698334006,accenturefederalservices||operations support technician,1873,4.59375,False,2326,False
4687850006,accenturefederalservices||business operator,1874,4.59375,False,2325,False
8617151002,faire||head of revenue operations & ai,1875,4.58984375,False,2342,False
8487596002,spacex||cnc programmer - level 4/5,1876,4.58984375,False,2341,False
7909448,boxinc||ai business automation engineer,1877,4.58984375,False,2340,False
7810003003,fivetran||product counsel,1878,4.58984375,False,2339,False
5121244007,xai||inventory specialist,1879,4.58984375,False,2338,False
5069946007,"andurilindustries||electrical engineer, high speed missiles avionics design",1880,4.58984375,False,2337,False
5033593007,xai||it services technician,1881,4.58984375,False,2336,False
4694074006,pitchbookdata||market development representative,1882,4.58984375,False,2335,False
70c895d0-7b00-496c-891d-0168376f7556,trueml||integrations engineer,1883,4.5859375,False,2347,False
5081910007,"scoutmotors||rex - engineer, obd2",1884,4.5859375,False,2346,False
5078972007,andurilindustries||test technician,1885,4.5859375,False,2345,False
4717124005,paveakatroveinformationtechnologies||analytics engineer,1886,4.5859375,False,2344,False
1f3c0997-899c-432d-8bd3-b2b9771866b8,solace||ux writer,1887,4.5859375,False,2343,False
8605112002,spacex||compressed air technician,1888,4.58203125,False,2353,False
8594822002,"spacex||nde level ii inspector, certified welding inspector (starship mechanisms) - 1st shift",1889,4.58203125,False,2352,False
8530800002,"spacex||machine maintenance technician, solar cells (starlink) - day shift",1890,4.58203125,False,2351,False
7955995,roku||machine learning engineer,1891,4.58203125,False,2350,False
5190070007,zscaler||workday integration developer,1892,4.58203125,False,2349,False
5188358007,"andurilindustries||recruiter, security",1893,4.58203125,False,2348,False
8533959002,"spacex||supplier development engineer, assembly processes",1894,4.578125,False,2359,False
7808731003,vardaspace||production coordinator,1895,4.578125,False,2358,False
7693620002,gotion||network engineer,1896,4.578125,False,2357,False
5148882007,xai||fiber technician,1897,4.578125,False,2356,False
4591779006,accenturefederalservices||deployment strategist - palantir foundry,1898,4.578125,False,2354,False
8631282002,spacex||talent sourcer - temporary,1899,4.57421875,False,2368,False
8618554002,"spacex||supplier development engineer, supply chain",1900,4.57421875,False,2367,False
8044281,onemedical||physician - family medicine - sign-on bonus available,1901,4.57421875,False,2365,False
5165052007,"andurilindustries||electrical engineer, mission systems integration",1902,4.57421875,False,2364,False
5090274007,xai||ai tutor - vietnamese,1903,4.57421875,False,2363,False
5090272007,xai||ai tutor - thai,1904,4.57421875,False,2362,False
R000071331,chevron|wd5|jobs||web developer,1905,4.5703125,False,2383,False
8628908002,spacex||maintenance technician - 2nd shift,1906,4.5703125,False,2382,False
8593342002,"spacex||manufacturing engineer, starship - materials production",1907,4.5703125,False,2381,False
8543809002,spacex||data & control systems technician,1908,4.5703125,False,2380,False
8535755002,udacity||data technical mentor - independent contractor,1909,4.5703125,False,2379,False
8364232002,spacex||supplier development engineer,1910,4.5703125,False,2378,False
8362950002,"spacex||mechanical design engineer, production",1911,4.5703125,False,2377,False
8244341002,gotion||chief engineer - battery systems,1912,4.5703125,False,2376,False
8016516,onemedical||primary care physician (castro) - sign-on bonus available,1913,4.5703125,False,2375,False
5167909007,petag||maintenance tech ii,1914,4.5703125,False,2373,False
5135032007,"scoutmotors||specialist, software update and validation",1915,4.5703125,False,2372,False
4977435007,xai||earth science tutor,1916,4.5703125,False,2371,False
6119481004,mrbeastyoutube||head of production,1917,4.56640625,False,2392,False
5992267004,coursera||learning designer,1918,4.56640625,False,2391,False
5192318007,xai||fiber superintendent,1919,4.56640625,False,2390,False
5112514007,xai||data analyst - physical infrastructure,1920,4.56640625,False,2389,False
5022277007,atwellgroup||civil engineer - municipal,1921,4.56640625,False,2387,False
4691959006,accenturefederalservices||competitive intelligence analyst,1922,4.56640625,False,2386,False
4088135009,woolpert||construction survey crew chief,1923,4.56640625,False,2384,False
7779016,mongodb||salesforce cpq engineer 3,1924,4.5625,False,2396,False
5162260007,atwellgroup||civil/structural designer - oil and gas,1925,4.5625,False,2395,False
5135062007,"scoutmotors||analyst, process engineer - paint shop",1926,4.5625,False,2394,False
4587698006,accenturefederalservices||operations research scientist,1927,4.5625,False,2393,False
8612360002,relativity||propulsion test technician iv,1928,4.55859375,False,2409,False
8604308002,spacex||infrastructure engineer,1929,4.55859375,False,2408,False
8594360002,"spacex||facilities engineer, electrical",1930,4.55859375,False,2407,False
8560090002,"spacex||automation & controls specialist, pcb manufacturing",1931,4.55859375,False,2406,False
8468689002,"spacex||mission integration engineer, c3 - top secret clearance",1932,4.55859375,False,2404,False
8395345002,"spacex||dicing specialist, silicon assembly",1933,4.55859375,False,2403,False
8015761,"roku||architect, front-end/client engineering",1934,4.55859375,False,2402,False
7951682,ripple||learning community specialist,1935,4.55859375,False,2401,False
5166506007,xai||commercial counsel - procurement,1936,4.55859375,False,2400,False
5121253007,"xai||supervisor, logistics - data center operations",1937,4.55859375,False,2399,False
4644334006,accenturefederalservices||user experience designer,1938,4.55859375,False,2398,False
8604948002,spacex||mechanical technician,1939,4.5546875,False,2414,False
8035763,ivalua||it operations engineer,1940,4.5546875,False,2413,False
8016524,onemedical||primary care physician (pacific heights) - sign-on bonus available,1941,4.5546875,False,2412,False
5365018008,pearceservices||entry level bess technician,1942,4.5546875,False,2411,False
5169683007,"xai||supervisor, fiber",1943,4.5546875,False,2410,False
8335226002,spacex||eee parts lab specialist,1944,4.55078125,False,2419,False
8069686,towerresearchcapital||market data strategist,1945,4.55078125,False,2418,False
6591252003,cookunity||logistics driver,1946,4.55078125,False,2417,False
4743546101,tamara||product engineer ii - flutter,1947,4.55078125,False,2416,False
3da64d98-72d3-4477-a43f-2277501ac556,"arcadia||analytics engineer, life sciences delivery operations",1948,4.55078125,False,2415,False
8580936002,"spacex||supervisor, critical transport",1949,4.546875,False,2426,False
8551872002,"spacex||development test engineer, structures",1950,4.546875,False,2425,False
8530284002,cannondesign||health project planner iv,1951,4.546875,False,2424,False
8509400002,spacex||jr. sous chef,1952,4.546875,False,2423,False
4587706006,accenturefederalservices||security operations engineer,1953,4.546875,False,2421,False
JR108412,sabre|wd1|confidential||occ tsmo it operations analyst i,1954,4.54296875,False,2433,False
8642256002,"blinkhealth||pharmacy technician, fulfillment | onsite- chesterfield",1955,4.54296875,False,2432,False
8641353002,wing||head of business operations,1956,4.54296875,False,2431,False
5314837008,"block||territory account executive, uws",1957,4.54296875,False,2430,False
5170993007,"andurilindustries||sip trainer, usasoc",1958,4.54296875,False,2429,False
5115890008,block||asic validation engineer,1959,4.54296875,False,2428,False
4692596006,accenturefederalservices||growth strategist consultant,1960,4.54296875,False,2427,False
8520607002,"spacex||equipment reliability engineer, solar cells",1961,4.5390625,False,2441,False
8031501,onemedical||nurse practitioner or physician assistant (castro) - sign-on bonus available,1962,4.5390625,False,2439,False
7806502003,epickids||qa engineer,1963,4.5390625,False,2438,False
5281189008,apexcompanies||lift station technician,1964,4.5390625,False,2437,False
5155608007,"scoutmotors||systems engineer, audio",1965,4.5390625,False,2436,False
5151485007,xai||hr business partner - engineering,1966,4.5390625,False,2435,False
4679105006,astranis||electrical integration intern - avionics,1967,4.5390625,False,2434,False
WD225459,flextronics|wd1|careers||analyst- accounts receivables,1968,4.53515625,False,2452,False
R014668,aveva|wd3|aveva_careers||tech support engineer,1969,4.53515625,False,2451,False
8612331002,relativity||propulsion test technician iii,1970,4.53515625,False,2450,False
8601014002,spacex||university recruiter,1971,4.53515625,False,2449,False
8031486,onemedical||primary care physician (spear street) - sign-on bonus available,1972,4.53515625,False,2447,False
7886908,roku||technical architect - business applications,1973,4.53515625,False,2445,False
5184796007,andurilindustries||security vetting analyst,1974,4.53515625,False,2443,False
5179331007,atwellgroup||electrical project engineer - oil and gas - pipelines and facilities,1975,4.53515625,False,2442,False
8624491002,axogen||quality analyst,1976,4.53125,False,2463,False
8612484002,cannondesign||project designer iv,1977,4.53125,False,2462,False
8364386002,"spacex||manufacturing engineer, supply chain",1978,4.53125,False,2461,False
8031493,onemedical||primary care physician (clay) - sign-on bonus available,1979,4.53125,False,2460,False
5996188004,redwoodmaterials||production associate,1980,4.53125,False,2459,False
5979759004,boomilp||reporting and analytics advisor,1981,4.53125,False,2458,False
5181261007,andurilindustries||deputy head of trade,1982,4.53125,False,2456,False
4694185006,pitchbookdata||go-to-market analyst,1983,4.53125,False,2455,False
4654930006,sharkninjaoperatingllc||tiktok shop media specialist,1984,4.53125,False,2454,False
JR2730,shi|wd12|shicareers||solutions architect - vmware,1985,4.52734375,False,2469,False
8488303002,spacex||controls technician (starship) - level 4/5,1986,4.52734375,False,2467,False
8466697002,gotion||housing & transportation support associate,1987,4.52734375,False,2466,False
8031487,onemedical||primary care physician (transbay center) - sign-on bonus available,1988,4.52734375,False,2465,False
8457316002,gotion||power station management engineer,1989,4.5234375,False,2477,False
8071510,onemedical||nurse practitioner or physician assistant- sign on bonus available,1990,4.5234375,False,2475,False
8031529,onemedical||nurse practitioner or physician assistant (pacific heights) - sign-on bonus available,1991,4.5234375,False,2474,False
5323679008,"quince||data scientist, planning and forecasting",1992,4.5234375,False,2473,False
5153831007,atwellgroup||renewable energy engineer - solar/bess,1993,4.5234375,False,2472,False
5150787007,xai||documentation control specialist - infrastructure,1994,4.5234375,False,2471,False
5143415007,"scoutmotors||specialist, vehicle ee system validation engineer",1995,4.5234375,False,2470,False
8500856002,"spacex||electrical engineer, propellant generation",1996,4.51953125,False,2487,False
7985637,boxinc||enterprise solutions engineer,1997,4.51953125,False,2485,False
7980840,"ripple||professional services consultant, payments",1998,4.51953125,False,2484,False
6816368002,gotion||commissioning engineer - energy storage,1999,4.51953125,False,2483,False
5710004004,wavemm1||endpoint engineer,2000,4.51953125,False,2482,False
5284884008,swiftsolar||it support engineer,2001,4.51953125,False,2481,False
4674902006,accenturefederalservices||sharepoint migration systems engineer,2002,4.51953125,False,2480,False
4609434006,astranis||recruiting coordination associate,2003,4.51953125,False,2479,False
4173897007,shapercapital||open positions,2004,4.51953125,False,2478,False
8635208002,"spacex||automation & controls specialist, solar cell manufacturing",2005,4.515625,False,2497,False
8569955002,spacex||electromechanical technician,2006,4.515625,False,2496,False
8544587002,"relativity||mechanisms technician ii, second shift",2007,4.515625,False,2495,False
5752976004,lunarenergy||power electronics engineer,2008,4.515625,False,2494,False
5177384007,zscaler||threat response engineer (tre) - early shift,2009,4.515625,False,2493,False
5156974007,"scoutmotors||specialist, process optimization & data management",2010,4.515625,False,2492,False
4670565006,sharkninjaoperatingllc||fall 2026: corporate communications intern,2011,4.515625,False,2491,False
4271627009,"torotms||account executive, mid-market",2012,4.515625,False,2490,False
JR112433,ptc|wd1|ptc||associate product analyst,2013,4.51171875,False,2516,False
8637182002,"axogen||intern, operations",2014,4.51171875,False,2515,False
8564124002,"spacex||gnc engineer, beam planning",2015,4.51171875,False,2514,False
8506464002,"spacex||automation & controls specialist, assembly manufacturing",2016,4.51171875,False,2513,False
8465383002,spacex||city engineer,2017,4.51171875,False,2512,False
8437614002,spacex||fabrication technician (fluid systems) - night shift,2018,4.51171875,False,2511,False
8436532002,"spacex||accountant, starlink",2019,4.51171875,False,2510,False
8399474002,"spacex||supplier development engineer, manufacturing",2020,4.51171875,False,2509,False
8355075002,spacex||avionics test engineer,2021,4.51171875,False,2508,False
8074109,samsara||enterprise implementation consultant,2022,4.51171875,False,2507,False
6108802004,workstream||chief operating officer,2023,4.51171875,False,2506,False
5251519008,lexingtonmedical||head of supply chain,2024,4.51171875,False,2505,False
5179453007,homemarketfoods||maintenance supervisor - 2nd shift,2025,4.51171875,False,2504,False
5157982007,atwellgroup||neta field technician,2026,4.51171875,False,2502,False
4870731007,xai||network engineer,2027,4.51171875,False,2501,False
4716215005,maravailifesciences||process development & manufacturing specialist i,2028,4.51171875,False,2500,False
4715314005,assetwatch||marketing operations analyst,2029,4.51171875,False,2499,False
4193414009,woolpert||project architect,2030,4.51171875,False,2498,False
ea2dd0a4-5e45-4c85-b2f6-7bf7c593ac11,higharc||solutions consultant - estimate,2031,4.5078125,False,2525,False
R00197575,alliance|wd3|nissanprivateexternal||canton production technician - direct hire,2032,4.5078125,False,2524,False
8624678002,spacex||mission integration engineer,2033,4.5078125,False,2523,False
8031655,onemedical||nurse practitioner or physician assistant - capitol hill,2034,4.5078125,False,2521,False
5221536008,americaninstitutesforresearch||power bi developer,2035,4.5078125,False,2520,False
5191522007,"harbingermotors||manufacturing engineer, powertrain",2036,4.5078125,False,2519,False
4691494006,accenturefederalservices||cleared business analyst / tester,2037,4.5078125,False,2518,False
8540414002,spacex||hvac specialist (chilled water/data center) - level 4/5,2038,4.50390625,False,2533,False
8077516,"behavox||account executive, enterprise",2039,4.50390625,False,2532,False
8016528,onemedical||primary care physician (noe valley) - sign-on bonus available,2040,4.50390625,False,2529,False
5185864007,tracelinkinc||technical support engineer ii,2041,4.50390625,False,2528,False
5147274007,atwellgroup||construction inspector,2042,4.50390625,False,2527,False
5182985007,andurilindustries||altium administrator,2043,4.5,False,2539,False
5175305007,andurilindustries||quality specialist,2044,4.5,False,2538,False
5094634007,andurilindustries||composite technician,2045,4.5,False,2537,False
4698708006,akidolabs||physician assistant (physician associate) ripcmg,2046,4.5,False,2536,False
4673206006,inflect||network solutions architect – ai & infrastructure - fully remote!,2047,4.5,False,2535,False
4672851006,accenturefederalservices||scrum master,2048,4.5,False,2534,False
8578957002,spacex||construction engineer,2049,4.49609375,False,2546,False
8525119002,cannondesign||project electrical engineer iv,2050,4.49609375,False,2545,False
8402772002,spacex||optical engineer,2051,4.49609375,False,2544,False
5168684007,"andurilindustries||executive operations, ceo office",2052,4.49609375,False,2542,False
4131600009,woolpert||water resources design project engineer,2053,4.49609375,False,2541,False
3161371,hp|wd5|exteu-ac-careersite||entry level embedded controller firmware developer,2054,4.49609375,False,2540,False
R29396,crowdstrike|wd5|crowdstrikecareers||regional sales engineer,2055,4.4921875,False,2556,False
8642529002,"spacex||mechanical engineer, ai satellites",2056,4.4921875,False,2555,False
8605108002,spacex||hvac technician - 2nd shift,2057,4.4921875,False,2554,False
8527730002,"spacex||site reliability engineer, gnc",2058,4.4921875,False,2553,False
8516396002,wpp||data engineer,2059,4.4921875,False,2552,False
8071528,onemedical||family nurse practitioner or physician assistant- sign on bonus available,2060,4.4921875,False,2551,False
8016531,onemedical||primary care physician (mission valencia) - sign-on bonus available,2061,4.4921875,False,2550,False
6119734004,five9||junior graphic designer,2062,4.4921875,False,2549,False
5082738007,"scoutmotors||quality engineer, total vehicle",2063,4.4921875,False,2548,False
4315044009,industrialelectricmanufacturing||operations supervisor - fabrication 2nd shift,2064,4.4921875,False,2547,False
5170995007,andurilindustries||sip trainer usasoc west,2065,4.48828125,False,2558,False
5161437007,xai||logistics specialist,2066,4.48828125,False,2557,False
8534992002,"spacex||cnc programmer, nx cam (starlink) - level 4/5",2067,4.484375,False,2564,False
8011102002,"blinkhealth||pharmacy technician, fulfillment | onsite- pittsburgh",2068,4.484375,False,2563,False
5186400007,"atwellgroup||civil engineer, eit - land development",2069,4.484375,False,2562,False
5116056007,xai||controls engineer,2070,4.484375,False,2561,False
4696249006,"vast||manufacturing coordinator, integration",2071,4.484375,False,2560,False
068ba58d-0143-4263-b83a-7b389c4d77e6,posthog||developer marketer,2072,4.484375,False,2559,False
R0138784,hitachi|wd1|hitachi||instructional designer – nam training and development,2073,4.48046875,False,2570,False
8593276002,"relativity||mechanisms technician ii, first shift",2074,4.48046875,False,2569,False
7760524003,paystand||pre-sales engineer,2075,4.48046875,False,2568,False
4660738006,accenturefederalservices||network security engineer,2076,4.48046875,False,2566,False
8592829002,"spacex||test engineer, powertrain components",2077,4.4765625,False,2582,False
8533953002,"spacex||supplier development engineer, power electronics",2078,4.4765625,False,2581,False
8476863002,gotion||spare parts specialist,2079,4.4765625,False,2579,False
7924552002,"gotion||visual systems engineer (ccd engineer), cell line",2080,4.4765625,False,2578,False
7741010003,archer56||configuration management - specalist - powertrain,2081,4.4765625,False,2577,False
4679629006,accenturefederalservices||visual designer - product design,2082,4.4765625,False,2574,False
4673920006,accenturefederalservices||operations practitioner,2083,4.4765625,False,2573,False
4672260006,accenturefederalservices||icam architect,2084,4.4765625,False,2572,False
0c018ee1-20fa-4709-bb52-608fab380430,hellobrightline||chief product & technology officer,2085,4.4765625,False,2571,False
8605109002,spacex||plumbing technician - 2nd shift,2086,4.47265625,False,2595,False
8564158002,spacex||security software engineer - top secret clearance,2087,4.47265625,False,2594,False
8511273002,"spacex||manufacturing engineer, components test",2088,4.47265625,False,2593,False
8050418,mongodb||advisory partner solutions architect,2089,4.47265625,False,2592,False
7895968,urbancompass||wpo & facilities coordinator,2090,4.47265625,False,2585,False
4681414006,accenturefederalservices||sap project systems (ps) consultant,2091,4.47265625,False,2584,False
4130504009,woolpert||traffic engineer,2092,4.47265625,False,2583,False
8575988002,"spacex||mechanical engineer, facilities",2093,4.46875,False,2608,False
8561420002,spacex||automation & controls technician,2094,4.46875,False,2607,False
8038696,intercom||business development representative,2095,4.46875,False,2606,False
7983567,boxinc||mid-market solutions engineer,2096,4.46875,False,2604,False
4931834101,nice||support engineer,2097,4.46875,False,2600,False
4925832007,xai||physics tutor,2098,4.46875,False,2599,False
4663877006,accenturefederalservices||erm records management o365 sharepoint & network migration engineer - to37,2099,4.46875,False,2598,False
8628843002,janestreet||windows engineer,2100,4.46484375,False,2616,False
8599262002,spacex||fabrication technician,2101,4.46484375,False,2615,False
8583058002,spacex||manufacturing specialist (satellite transceiver) - 2nd shift,2102,4.46484375,False,2614,False
8564822002,spacex||fabrication technician - 2nd shift,2103,4.46484375,False,2613,False
8549553002,blinkhealth||call center specialist | hiring now | onsite- pittsburgh,2104,4.46484375,False,2612,False
8240312002,gotion||bms application engineer – battery systems,2105,4.46484375,False,2611,False
7516360002,gotion||mechanical engineer - ev,2106,4.46484375,False,2610,False
5118243007,"andurilindustries||emc test engineer, air vehicles",2107,4.46484375,False,2609,False
R014671,aveva|wd3|aveva_careers||technical support engineer i,2108,4.4609375,False,2621,False
8533487002,spacex||integration technician (payloads) - multiple shifts,2109,4.4609375,False,2620,False
5993002004,"sidecarhealth||operations training specialist, member care",2110,4.4609375,False,2618,False
5592281004,lucidsoftwareextra||customer success specialist,2111,4.4609375,False,2617,False
8527628002,cannondesign||health planner iii,2112,4.45703125,False,2628,False
8075885,trace3||test analyst,2113,4.45703125,False,2627,False
7511689003,anchanto||security engineer,2114,4.45703125,False,2626,False
5287804008,apexcompanies||water / wastewater operator,2115,4.45703125,False,2625,False
4800712007,xai||network security engineer,2116,4.45703125,False,2624,False
4679108006,astranis||electrical integration associate - avionics,2117,4.45703125,False,2623,False
4662887006,accenturefederalservices||sap fi/co psm consultant,2118,4.45703125,False,2622,False
8639195002,relativity||accounting generalist,2119,4.453125,False,2637,False
8533957002,"spacex||supplier development engineer, automation & controls",2120,4.453125,False,2636,False
8500921002,"spacex||tig welder, heatshield",2121,4.453125,False,2635,False
8445721002,"spacex||materials r&d technician, silicon wafer engineering",2122,4.453125,False,2634,False
7913850,relaypro||recruiting coordinator,2123,4.453125,False,2633,False
5994376004,bamboohr17||helpdesk technician,2124,4.453125,False,2632,False
5191397007,"harbingermotors||manufacturing engineer, general assembly",2125,4.453125,False,2631,False
5160784007,"scoutmotors||engineer, ride comfort objectivation & simulation",2126,4.453125,False,2630,False
4925823007,xai||materials science tutor,2127,4.453125,False,2629,False
R5026830,envista|wd1|envistacareers||mechanical engineer iii,2128,4.44921875,False,2648,False
8569279002,"spacex||tig welder, chamber and nozzle",2129,4.44921875,False,2645,False
8555061002,"spacex||structural engineer, structural test",2130,4.44921875,False,2644,False
8016525,onemedical||primary care physician (cow hollow) - sign-on bonus available,2131,4.44921875,False,2642,False
7918161,onemedical||primary care nurse practitioner or physician assistant - dc metro center office,2132,4.44921875,False,2641,False
5114254007,zscaler||detection engineer- skillbridge intern,2133,4.44921875,False,2640,False
5040798007,altentechnologyusa||design release engineer- soft trim,2134,4.44921875,False,2639,False
4664779006,"vast||manufacturing coordinator, avionics",2135,4.44921875,False,2638,False
8426061002,spacex||welder (starship launch hardware) - multiple shifts,2136,4.4453125,False,2656,False
8417766002,spacex||edm machinist,2137,4.4453125,False,2655,False
8065547,onemedical||family medicine physician - domain northside,2138,4.4453125,False,2654,False
8052659,onemedical||per diem family medicine physician assistant or nurse practitioner,2139,4.4453125,False,2653,False
7966907,mongodb||hris engineer iii - integrations,2140,4.4453125,False,2652,False
5282545008,block||mid-market account executive,2141,4.4453125,False,2650,False
R21724,pitneybowes|wd1|pbcareers||field service technician,2142,4.44140625,False,2668,False
8641818002,"gotion||battery cell engineer, applications",2143,4.44140625,False,2667,False
8548414002,"spacex||supervisor, tool & die - 2nd shift",2144,4.44140625,False,2666,False
8533945002,"spacex||supplier development engineer, cables",2145,4.44140625,False,2665,False
8529478002,spacex||structures design engineer,2146,4.44140625,False,2664,False
8520151002,spacex||investigations analyst,2147,4.44140625,False,2663,False
7767671,onemedical||family physician - sign-on bonus available,2148,4.44140625,False,2662,False
5171001007,andurilindustries||sip | ranger regiment trainer,2149,4.44140625,False,2661,False
5153175007,atwellgroup||civil engineer - land development,2150,4.44140625,False,2660,False
4785252008,ophelia||it systems engineer iii,2151,4.44140625,False,2659,False
4687724007,"andurilindustries||electrical engineer, maneuver dominance",2152,4.44140625,False,2658,False
4683855006,accenturefederalservices||data visualization specialist,2153,4.44140625,False,2657,False
R5026852,envista|wd1|envistacareers||mechanical engineer ii,2154,4.4375,False,2674,False
8479578002,"spacex||space lasers engineer, satellites",2155,4.4375,False,2673,False
7286050,"intercom||account executive, midmarket",2156,4.4375,False,2672,False
4722696007,alfredbeneschco||project engineer - structures / bridges,2157,4.4375,False,2669,False
R-138723,ferguson|wd1|ferguson_experienced||vdc industrial specialist,2158,4.43359375,False,2687,False
JR-202615752,generalmotors|wd5|careers_gm||design release engineer,2159,4.43359375,False,2686,False
8530730002,"spacex||gas & chemical technician, solar cells (starlink) - day shift",2160,4.43359375,False,2685,False
8398061002,"spacex||manufacturing engineer – supplier development, optics & optomechanical systems",2161,4.43359375,False,2684,False
7983914,boxinc||smb sales engineer,2162,4.43359375,False,2683,False
5192400007,atwellgroup||project coordinator,2163,4.43359375,False,2682,False
5187498007,"andurilindustries||head of mission readiness, ghost",2164,4.43359375,False,2681,False
5187483007,"andurilindustries||head of mission readiness, connected warfare",2165,4.43359375,False,2680,False
5167280007,"scoutmotors||specialist, obd requirements engineer- testing",2166,4.43359375,False,2679,False
5158855007,"andurilindustries||financial analyst ii, connected warfare",2167,4.43359375,False,2678,False
5083569007,xai||tutor - competition math,2168,4.43359375,False,2676,False
5061905007,"zscaler||sales engineer, enterprise - pacnw",2169,4.43359375,False,2675,False
R113310,lithia|wd5|lithiacareers||service technician,2170,4.4296875,False,2694,False
8608298002,axogen||material control technician- 2nd shift,2171,4.4296875,False,2693,False
6587328,mongodb||enterprise account executive,2172,4.4296875,False,2692,False
5166088007,andurilindustries||jr people data analyst,2173,4.4296875,False,2691,False
4716536005,connectwise||data analyst,2174,4.4296875,False,2690,False
4616963006,accenturefederalservices||iam security architect,2175,4.4296875,False,2689,False
4170707009,"woolpert||engineer in training, roadway design",2176,4.4296875,False,2688,False
R0016276,astreya|wd5|life-at-astreya-opportunities||it infrastructure operations engineer ii,2177,4.42578125,False,2702,False
JR107976,sabre|wd1|sabrejobs||it operations analyst i,2178,4.42578125,False,2701,False
8585039002,"spacex||automation & controls specialist, tool & die - 2nd shift",2179,4.42578125,False,2700,False
8423223002,"spacex||test engineer, propulsion components",2180,4.42578125,False,2699,False
6502727003,cookunity||product support engineer,2181,4.42578125,False,2698,False
5294486008,block||gtm strategy & operations - global account management,2182,4.42578125,False,2697,False
4694060006,sharkninjaoperatingllc||line producer,2183,4.42578125,False,2696,False
4593618006,accenturefederalservices||oracle ebs procure to pay (p2p) functional analyst,2184,4.42578125,False,2695,False
8555044002,spacex||liquefied natural gas process/project engineer,2185,4.421875,False,2711,False
8544590002,spacex||insider threat analyst,2186,4.421875,False,2710,False
8077236,carvana||entry-level automotive detailer / lot attendant post production,2187,4.421875,False,2709,False
8055141,latitude||triage associate i,2188,4.421875,False,2708,False
6121303004,nymbusinc||enterprise it support specialist,2189,4.421875,False,2707,False
5342341008,apexcompanies||landscape technician,2190,4.421875,False,2706,False
4273892009,acilearning||admissions advisor,2191,4.421875,False,2704,False
R438757,comcast|wd5|comcast_careers||engineer 2 - planning & design,2192,4.41796875,False,2716,False
8621532002,blinkhealth||customer support supervisor l onsite - pittsburgh,2193,4.41796875,False,2715,False
8572153002,spacex||turbomachinery engineer,2194,4.41796875,False,2714,False
5823618004,"redwoodmaterials||service engineer, energy storage",2195,4.41796875,False,2713,False
5151160008,fambrands||data entry clerk - production & design,2196,4.41796875,False,2712,False
R10252,soti|wd3|careers||technical support specialist level 3,2197,4.4140625,False,2728,False
8497590002,spacex||hvac programmer,2198,4.4140625,False,2726,False
6114147004,turing||product owner,2199,4.4140625,False,2725,False
5180966007,atwellgroup||civil engineer – land development,2200,4.4140625,False,2724,False
5136158007,xai||fire protection engineer,2201,4.4140625,False,2721,False
4303062009,cadwell||manufacturing engineer,2202,4.4140625,False,2720,False
R187494,"maersk|wd3|maersk_careers||analyst, damco ar",2203,4.41015625,False,2741,False
8642813002,brex||startups ambassador,2204,4.41015625,False,2740,False
8495845002,spacex||mechanical engineer - satellite solar array,2205,4.41015625,False,2739,False
8068753,velocityelectronics||sales assistant,2206,4.41015625,False,2737,False
5287381008,apexcompaniescsw||stormwater construction technician,2207,4.41015625,False,2735,False
5287380008,apexcompanies||stormwater construction technician,2208,4.41015625,False,2734,False
5158713007,"andurilindustries||head of integrated product support, ghost",2209,4.41015625,False,2731,False
5146610007,xai||hr business partner,2210,4.41015625,False,2730,False
4049424009,woolpert||site civil engineer pe,2211,4.41015625,False,2729,False
8625406002,gotion||mechanical engineer - construction & capital projects,2212,4.40625,False,2749,False
8075709,"datadog||product designer ii, metrics",2213,4.40625,False,2748,False
8031504,onemedical||nurse practitioner or physician assistant (cow hollow) - sign-on bonus available,2214,4.40625,False,2747,False
5835346004,"redwoodmaterials||field quality engineer, energy storage",2215,4.40625,False,2745,False
4685724006,accenturefederalservices||sap business analyst / tester,2216,4.40625,False,2744,False
4651344006,accenturefederalservices||detection engineer,2217,4.40625,False,2743,False
4321922009,valaratomics||triso chemical plant process engineer,2218,4.40625,False,2742,False
8397053002,"spacex||test specialist, silicon assembly",2219,4.40234375,False,2759,False
5349839008,fiveringsllc||campus full time 2027 - software developer,2220,4.40234375,False,2757,False
5249803008,apexcompaniescsw||landscape technician,2221,4.40234375,False,2755,False
5212579008,apexcompaniescsw||landscape foreman,2222,4.40234375,False,2754,False
5212571008,apexcompanies||landscape foreman,2223,4.40234375,False,2753,False
5192016007,freedomconsulting||test engineer 733,2224,4.40234375,False,2752,False
4587713006,accenturefederalservices||cybersecurity research engineer,2225,4.40234375,False,2750,False
8601388002,spacex||launch pad technician (starship) - multiple shifts,2226,4.3984375,False,2772,False
8569969002,spacex||electromechanical technician (starshield) - level 4/5,2227,4.3984375,False,2771,False
7635802003,cookunity||kitchen operations supervisor,2228,4.3984375,False,2768,False
6567255002,gotion||hv battery electrical system engineer,2229,4.3984375,False,2767,False
5365909008,spsnorthamerica||client services associate,2230,4.3984375,False,2766,False
5167294007,"scoutmotors||specialist, obd requirements engineer iumpr",2231,4.3984375,False,2761,False
4070401009,woolpert||bridge engineer,2232,4.3984375,False,2760,False
8593958002,"spacex||test technician, silicon assembly",2233,4.39453125,False,2786,False
8438220002,spacex||maintenance technician,2234,4.39453125,False,2785,False
7809843003,smxtech||systems engineer - tier ii/iii esc support,2235,4.39453125,False,2784,False
7530885003,"shopmonkey||account executive, smb",2236,4.39453125,False,2783,False
5191423007,"harbingermotors||manufacturing engineer, battery",2237,4.39453125,False,2778,False
5191195007,altentechnologyusa||business analyst – ai solutions,2238,4.39453125,False,2777,False
4739667008,grovecollaborative||full-time week day shift - warehouse associate,2239,4.39453125,False,2775,False
4714580005,aviatrix||cloud network architect,2240,4.39453125,False,2774,False
4678829006,"sharkninjaoperatingllc||financial analyst, global opex",2241,4.39453125,False,2773,False
8573357002,spacex||supplier quality specialist,2242,4.390625,False,2800,False
8382358002,"spacex||it systems administrator, launch",2243,4.390625,False,2799,False
8071534,onemedical||primary care physician - sign on bonus available,2244,4.390625,False,2798,False
7870749,ripple||head of customer success & support,2245,4.390625,False,2797,False
7807143003,cookunity||operations and merchant support associate,2246,4.390625,False,2796,False
7462719,relaypro||enterprise account executive - industrial,2247,4.390625,False,2795,False
5158745007,"andurilindustries||head of integrated product support, connected warfare",2248,4.390625,False,2788,False
4689012006,accenturefederalservices||jr. data scientist,2249,4.390625,False,2787,False
8597930002,spacex||manufacturing engineer - supplier development,2250,4.38671875,False,2817,False
7254820,"intercom||account executive, commercial",2251,4.38671875,False,2816,False
5181680007,"scoutmotors||reev function integration & software planning, specialist",2252,4.38671875,False,2807,False
5147276007,atwellgroup||survey cad technician,2253,4.38671875,False,2806,False
5102807007,zscaler||escalation engineer - dlp,2254,4.38671875,False,2803,False
4692591006,accenturefederalservices||security architect,2255,4.38671875,False,2802,False
4686054006,accenturefederalservices||system administrator,2256,4.38671875,False,2801,False
8548119002,"spacex||technical operations engineer, customer success",2257,4.3828125,False,2834,False
8451903002,"spacex||it infrastructure engineer, virtualization & hardware",2258,4.3828125,False,2833,False
8072217,onemedical||primary care physician,2259,4.3828125,False,2832,False
7811838003,"axon||assistant general counsel, m&a",2260,4.3828125,False,2831,False
7366132,intercom||technical support specialist,2261,4.3828125,False,2830,False
5265109008,block||enterprise account executive,2262,4.3828125,False,2829,False
5168525007,"scoutmotors||specialist, engineer – seats",2263,4.3828125,False,2820,False
5124647007,xai||construction superintendent (night shift) – electrical,2264,4.3828125,False,2819,False
5112803008,apexcompanies||environmental engineer,2265,4.3828125,False,2818,False
7802294003,postman||enterprise account executive,2266,4.37890625,False,2847,False
5308214008,apexcompanies||survey technician,2267,4.37890625,False,2845,False
4238998009,valaratomics||technical illustrator / cad designer,2268,4.37890625,False,2835,False
8611104002,"spacex||mechanical engineer, hvac",2269,4.375,False,2865,False
8417274002,gotion||ftz specialist,2270,4.375,False,2863,False
8038348,onemedical||family medicine physician - sign-on bonus available,2271,4.375,False,2862,False
8031503,onemedical||nurse practitioner or physician assistant (clay st) - sign-on bonus available,2272,4.375,False,2861,False
7810312003,"flyzipline||counsel, real estate",2273,4.375,False,2860,False
5105846008,thinkingmachines||hr business partner,2274,4.375,False,2848,False
8579705002,aegworldwide||la kings - social production assistant,2275,4.37109375,False,2872,False
8515808002,spacex||environmental health & safety engineer,2276,4.37109375,False,2871,False
8417386002,spacex||thermal development technician (starship) - temporary,2277,4.37109375,False,2870,False
5159889007,"atwellgroup||civil engineer, land development",2278,4.37109375,False,2867,False
4301304009,eudia||forward deployed lawyer - eudia for government,2279,4.37109375,False,2866,False
8621662002,"spacex||materials engineer, additive manufacturing",2280,4.3671875,False,2884,False
8054370,onemedical||per diem family medicine nurse practitioner or physician assistant,2281,4.3671875,False,2883,False
8041318,payoneer||marketing automation & operations specialist,2282,4.3671875,False,2882,False
7776013003,ampsortation||production operator,2283,4.3671875,False,2881,False
5143199008,apexcompanies||environmental technician 2,2284,4.3671875,False,2876,False
5099695008,apexcompanies||water treatment process engineer,2285,4.3671875,False,2875,False
4695110006,orioninnovation||product sales engineer,2286,4.3671875,False,2874,False
4617533006,accenturefederalservices||systems administrator,2287,4.3671875,False,2873,False
JR-202614849,generalmotors|wd5|careers_gm||process engineer – reliability & maintainability operational excellence,2288,4.36328125,False,2900,False
8609256002,"spacex||silicon packaging technician, silicon assembly",2289,4.36328125,False,2899,False
8569580002,"spacex||test engineer - electric propulsion, satellites",2290,4.36328125,False,2898,False
8034797,onemedical||primary care physician - sign-on bonus available,2291,4.36328125,False,2896,False
6115492004,lucidsoftware||associate revenue operations analyst - partners,2292,4.36328125,False,2895,False
6103058004,epicgames||animation systems programmer,2293,4.36328125,False,2893,False
5189634007,"scoutmotors||specialist, diagnostic and commissioning engineer",2294,4.36328125,False,2887,False
5122211007,"atwellgroup||land solutions, document management specialist",2295,4.36328125,False,2885,False
8031507,onemedical||nurse practitioner or physician assistant (hayes valley) - sign-on bonus available,2296,4.359375,False,2904,False
5173474007,"scoutmotors||specialist, body in white cad engineer",2297,4.359375,False,2902,False
5128169007,xai||corporate counsel,2298,4.359375,False,2901,False
8601169002,"blinkhealth||supervisor, pharmacy operations | onsite- pittsburgh",2299,4.35546875,False,2912,False
8482159002,spacex||materials r&d technician,2300,4.35546875,False,2911,False
8031517,onemedical||nurse practitioner or physician assistant (inner sunset) - sign-on bonus available,2301,4.35546875,False,2909,False
7775328003,verisign||site reliability engineer - ibm aix,2302,4.35546875,False,2907,False
4992680007,andurilindustries||ui designer,2303,4.35546875,False,2906,False
8618476002,aegworldwide||security officer full-time,2304,4.3515625,False,2927,False
8428315002,spacex||nde inspector trainee (starship) - temporary,2305,4.3515625,False,2926,False
7944199,"elastic||solutions architect - general business, east",2306,4.3515625,False,2925,False
5278895008,mcs||field operations technician,2307,4.3515625,False,2921,False
5098930007,xai||ai tutor - audio editing,2308,4.3515625,False,2915,False
4809166008,block||head of square commercial operations & deal excellence,2309,4.3515625,False,2914,False
4131968009,woolpert||engineering technician,2310,4.3515625,False,2913,False
8455264002,cannondesign||education planner,2311,4.34765625,False,2939,False
8426161002,"spacex||hardware reliability engineer, components",2312,4.34765625,False,2938,False
8056434,"biohub||postdoctoral fellow/ scientist i , synthetic spatial omics",2313,4.34765625,False,2937,False
8016517,onemedical||primary care physician (burlingame) - sign-on bonus available,2314,4.34765625,False,2935,False
7980879,"intercom||account executive, scale",2315,4.34765625,False,2934,False
5155872007,"andurilindustries||emc design engineer, autonomous air vehicles",2316,4.34765625,False,2929,False
8611035002,"spacex||quality specialist, precision machining",2317,4.34375,False,2951,False
8042033,onemedical||family nurse practitioner or physician assistant,2318,4.34375,False,2948,False
7296732,"intercom||account executive (existing business), commercial",2319,4.34375,False,2947,False
6120141004,sonyinteractiveentertainmentglobal||software development engineer in test,2320,4.34375,False,2946,False
4622975006,accenturefederalservices||sap finance consultant,2321,4.34375,False,2941,False
8322729002,"spacex||spaceport designer, interior design",2322,4.33984375,False,2961,False
7819738,ardentmc||application developer,2323,4.33984375,False,2959,False
7027846,"mongodb||enterprise account executive, growth",2324,4.33984375,False,2958,False
5177404007,zscaler||threat response engineer (tre) - day shift,2325,4.33984375,False,2956,False
5122945007,"andurilindustries||financial analyst, trs",2326,4.33984375,False,2955,False
4925859007,xai||pure math tutor,2327,4.33984375,False,2954,False
4664700006,accenturefederalservices||sharepoint configuration specialist,2328,4.33984375,False,2952,False
8574251002,spacex||facilities technician (starlink/akoustis) - night shift,2329,4.3359375,False,2967,False
8530246002,gotion||training specialist,2330,4.3359375,False,2966,False
5363314008,alliancedefendingfreedom||systems administrator,2331,4.3359375,False,2965,False
5171367007,"scoutmotors||engineer, iid switches design responsible engineer",2332,4.3359375,False,2963,False
4925866007,xai||statistics tutor,2333,4.3359375,False,2962,False
9fd9fdbd-3242-435a-8c78-9919f9888f75,endpointclinical||front-end engineer,2334,4.33203125,False,2973,False
8533961002,"spacex||supplier development engineer, routers",2335,4.33203125,False,2972,False
8223146002,gotion||battery product certification engineer,2336,4.33203125,False,2971,False
8196938002,aegworldwide||security officer part-time,2337,4.33203125,False,2970,False
8001412,onemedical||nurse practitioner or physician assistant - sign-on bonus available,2338,4.33203125,False,2969,False
4236171009,numa||solutions engineer,2339,4.33203125,False,2968,False
8433636002,cannondesign||mechanical assessor ii,2340,4.328125,False,2980,False
4036514,agilent|wd5|agilent_careers||field service engineer,2341,4.328125,False,2974,False
8617740002,cannondesign||project specialist ii - yellow brick,2342,4.32421875,False,2992,False
8604712002,"spacex||production scheduler, precision machining",2343,4.32421875,False,2991,False
8533943002,"spacex||supplier development engineer, mechanical metrology",2344,4.32421875,False,2990,False
7870623,"mongodb||account executive, acquisition/growth",2345,4.32421875,False,2987,False
7746553,onemedical||nurse practitioner or physician assistant,2346,4.32421875,False,2986,False
6121064004,"pacvue||business development representative, emea",2347,4.32421875,False,2985,False
5135090007,xai||recruiting coordinator,2348,4.32421875,False,2984,False
4266177009,publicinput||software engineer i,2349,4.32421875,False,2983,False
8633959002,spacex||development test engineer,2350,4.3203125,False,2998,False
8071538,onemedical||per diem family nurse practitioner or physician assistant,2351,4.3203125,False,2996,False
5364827008,skildai-careers||facilities & logistics assistant,2352,4.3203125,False,2994,False
5356640008,trueclassicteesllc||head of technology,2353,4.3203125,False,2993,False
5189374007,zscaler||threat response & remediation engineer,2354,4.31640625,False,3003,False
4698285006,accenturefederalservices||critical infrastructure analyst,2355,4.31640625,False,3002,False
4294937009,woolpert||geobase gis analyst,2356,4.31640625,False,3000,False
R-10399124,fiserv|wd5|ext||hardware operations & client support specialist,2357,4.3125,False,3012,False
8490495002,"spacex||cvd equipment engineer, solar cells",2358,4.3125,False,3011,False
8418770002,spacex||test specialist,2359,4.3125,False,3010,False
7886349,roblox||support escalations specialist,2360,4.3125,False,3009,False
5175094007,xai||human resources coordinator,2361,4.3125,False,3008,False
5158742007,"andurilindustries||head of mission readiness, autonomous airpower",2362,4.3125,False,3007,False
5127519007,xai||mechanical commissioning technician,2363,4.3125,False,3006,False
4681811006,accenturefederalservices||supply chain modeling & analytics consultant,2364,4.3125,False,3005,False
R0136956,hitachi|wd1|hitachi||oracle epm solution architect,2365,4.30859375,False,3023,False
R-50408,kyndryl|wd5|kyndrylprofessionalcareers||network support engineer,2366,4.30859375,False,3022,False
8532514002,"spacex||supervisor, electrical",2367,4.30859375,False,3021,False
8160711002,gotion||kcc career fair,2368,4.30859375,False,3019,False
5287820008,apexcompanies||water / wastewater operator (field services & treatment systems) - part-time,2369,4.30859375,False,3016,False
5156934007,"scoutmotors||specialist, launch management engineer - general assembly",2370,4.30859375,False,3015,False
4294407009,kodiak||field integration engineer,2371,4.30859375,False,3014,False
8611231002,"spacex||quality specialist, precision machining (starlink) - level 4/5",2372,4.3046875,False,3034,False
8184537002,gotion||warehouse associate,2373,4.3046875,False,3033,False
8076832,formlabs||sales support specialist,2374,4.3046875,False,3032,False
7931911,roblox||distinguished machine learning engineer - safety,2375,4.3046875,False,3029,False
7801518003,verisign||engineer ii - web development,2376,4.3046875,False,3028,False
6121022004,"sidecarhealth||operations training specialist, claims",2377,4.3046875,False,3027,False
5180969007,atwellgroup||administrative assistant,2378,4.3046875,False,3026,False
4695686006,accenturefederalservices||proposal development center graphic designer,2379,4.3046875,False,3025,False
4652591006,accenturefederalservices||field service representative,2380,4.3046875,False,3024,False
8560590002,spacex||electrical foreman,2381,4.30078125,False,3042,False
8545923002,spacex||rfic engineer,2382,4.30078125,False,3041,False
8358622002,cannondesign||electrical engineer ii,2383,4.30078125,False,3040,False
8071536,onemedical||family medicine physician- sign on bonus available,2384,4.30078125,False,3039,False
6596365003,"neuralink||software engineer, bci applications",2385,4.30078125,False,3038,False
5176810007,"scoutmotors||concept architect, top hat",2386,4.30078125,False,3037,False
4644089006,accenturefederalservices||sap controlling consultant,2387,4.30078125,False,3035,False
R29444,"crowdstrike|wd5|crowdstrikecareers||analyst, falcon complete",2388,4.296875,False,3053,False
8589956002,gotion||quality inspector - third shift,2389,4.296875,False,3052,False
8571363002,spacex||network operations engineer,2390,4.296875,False,3051,False
8381360002,gotion||environmental equipment engineer,2391,4.296875,False,3049,False
8071531,onemedical||per diem nurse practitioner or physician assistant,2392,4.296875,False,3048,False
8031527,onemedical||nurse practitioner or physician assistant (mission valencia) - sign-on bonus available,2393,4.296875,False,3047,False
5267672008,apexcompanies||project administrator,2394,4.296875,False,3046,False
5166165007,zscaler||associate sales engineer - solutions center,2395,4.296875,False,3045,False
4683750006,pitchbookdata||data analyst,2396,4.296875,False,3043,False
JR00041650,abb|wd3|external_career_page||production planner,2397,4.29296875,False,3067,False
8629130002,spacex||electrical design engineer,2398,4.29296875,False,3066,False
8624124002,gotion||firefighter i,2399,4.29296875,False,3065,False
8622219002,forter||inbound & events sales development representative,2400,4.29296875,False,3064,False
8246217002,gotion||supply chain specialist,2401,4.29296875,False,3063,False
8075792,10xgenomics||customer service specialist,2402,4.29296875,False,3062,False
8031534,onemedical||nurse practitioner or physician assistant (transbay center) - sign-on bonus available,2403,4.29296875,False,3061,False
5990017004,lucidsoftware||workplace experience specialist - part-time,2404,4.29296875,False,3060,False
5363194008,"emporiarevolutionizinghomeenergy||business analyst: electric utility rate, tax equity and financial forecasting",2405,4.29296875,False,3059,False
5155311007,zscaler||partner solution architect - gsi,2406,4.29296875,False,3058,False
5152676007,zscaler||sales engineer - uk,2407,4.29296875,False,3057,False
4687162006,accenturefederalservices||sap data scientist,2408,4.29296875,False,3054,False
REQ-057850,newperkinelmer|wd1|external||field service engineer,2409,4.2890625,False,3075,False
8621590002,"spacex||tig welder, chamber and nozzle (raptor) - 2nd shift",2410,4.2890625,False,3074,False
8072261,onemedical||per diem primary care nurse practitioner or physician assistant,2411,4.2890625,False,3073,False
7741465003,verisign||site reliability engineer,2412,4.2890625,False,3072,False
4694816006,sharkninjaoperatingllc||jr. copywriter,2413,4.2890625,False,3070,False
4686943006,accenturefederalservices||legal strategic programs and operations consultant,2414,4.2890625,False,3068,False
8563022002,spacex||bim specialist,2415,4.28515625,False,3083,False
8516594002,"spacex||manufacturing specialist, components test",2416,4.28515625,False,3082,False
8226031002,gotion||mechanical engineer - battery systems,2417,4.28515625,False,3081,False
7994073,intercom||sales development representative,2418,4.28515625,False,3078,False
5173215007,andurilindustries||infrastructure deployment administrator,2419,4.28515625,False,3077,False
8570074002,"spacex||development process technician, injection molding (starlink) - level 4/5",2420,4.28125,False,3091,False
8168620002,axs||service desk technician ii,2421,4.28125,False,3090,False
7974241,onemedical||family nurse practitioner or physician assistant - sign-on bonus available,2422,4.28125,False,3088,False
7741584003,smxtech||vmware systems administrator,2423,4.28125,False,3087,False
5112655008,apexcompanies||environmental technician 1,2424,4.28125,False,3086,False
4670548006,sharkninjaoperatingllc||fall 2026: employer brand intern,2425,4.28125,False,3085,False
4663556007,shapercapital||shaper portfolio engineering & product talent community,2426,4.28125,False,3084,False
8604523002,spacex||pipe welder (night shift) - level 4,2427,4.27734375,False,3108,False
8589859002,atlassand||ai business partner,2428,4.27734375,False,3107,False
8524776002,"spacex||machine maintenance specialist, solar cells",2429,4.27734375,False,3105,False
8077481,pantheon||technical writer,2430,4.27734375,False,3104,False
8065617,onemedical||per diem physician assistant or nurse practitioner,2431,4.27734375,False,3102,False
8031505,onemedical||nurse practitioner or physician assistant (duboce triangle) - sign-on bonus available,2432,4.27734375,False,3101,False
5257428008,apexcompanies||water/wastewater engineering intern,2433,4.27734375,False,3097,False
5192454007,altentechnologyusa||it support analyst,2434,4.27734375,False,3095,False
4686996006,sharkninjaoperatingllc||compliance engineer,2435,4.27734375,False,3093,False
8635749002,cannondesign||lighting designer iii,2436,4.2734375,False,3118,False
8624109002,spacex||logistics technician,2437,4.2734375,False,3117,False
8583974002,spacex||hardware development electrical engineer,2438,4.2734375,False,3116,False
8055910,onemedical||family nurse practitioner or physician assistant (cow hollow) - sign-on bonus available,2439,4.2734375,False,3115,False
5230966008,apexcompanies||stormwater construction foreman,2440,4.2734375,False,3113,False
5197547008,apexcompaniescsw||stormwater construction foreman,2441,4.2734375,False,3112,False
4657344006,accenturefederalservices||cybersecurity architect,2442,4.2734375,False,3110,False
8593259002,spacex||controls technician,2443,4.26953125,False,3128,False
8587138002,aegworldwide||talent development and learning analyst,2444,4.26953125,False,3127,False
8571923002,"spacex||systems analyst, supply chain",2445,4.26953125,False,3126,False
8075919,carvana||entry-level automotive parts associate,2446,4.26953125,False,3125,False
8030930,"latitude||triage associate i, platform triage - second shift",2447,4.26953125,False,3123,False
8029260,onemedical||per diem nurse practitioner or physician assistant - south lake union,2448,4.26953125,False,3122,False
4005202009,arcanaanalytics||data associate,2449,4.26953125,False,3119,False
R0072019,tsys|wd1|tsys||associate operations analyst,2450,4.265625,False,3145,False
8615030002,spacex||environmental engineer,2451,4.265625,False,3144,False
8555072002,"spacex||supervisor, machining & fabrication",2452,4.265625,False,3142,False
8437266002,cannondesign||project electrical engineer v,2453,4.265625,False,3141,False
8045278,"latitude||triage associate i, platform triage - first shift",2454,4.265625,False,3137,False
5187665007,andurilindustries||contractor special security officer,2455,4.265625,False,3133,False
5155610007,scoutmotors||adas calibration & validation engineer,2456,4.265625,False,3132,False
4326584009,acilearning||technical instructor i - dallas,2457,4.265625,False,3130,False
4318524009,thepacgroup||material handling engineer,2458,4.265625,False,3129,False
8624536002,faire||head of creative,2459,4.26171875,False,3155,False
8585923002,gotion||quality inspector - first shift,2460,4.26171875,False,3154,False
8483041002,gotion||customer quality engineer,2461,4.26171875,False,3153,False
8430198002,aegworldwide||security supervisor - internal only,2462,4.26171875,False,3152,False
8379227002,gotion||hvac & utilities engineer/supervisor,2463,4.26171875,False,3151,False
5249149008,lexingtonmedical||supplier development engineer,2464,4.26171875,False,3149,False
4695060006,sharkninjaoperatingllc||media coordinator,2465,4.26171875,False,3148,False
4687344006,accenturefederalservices||endpoint privilege management operations,2466,4.26171875,False,3147,False
ba26a6c7-af93-418e-8085-5c81b4769419,shopback-2||content specialist,2467,4.2578125,False,3165,False
8544410002,spacex||data center administrator,2468,4.2578125,False,3162,False
8474671002,spacex||welder (starship launch hardware) - level 4/5,2469,4.2578125,False,3161,False
8076149,customerio||contract it specialist,2470,4.2578125,False,3160,False
5253057008,apexcompanies||environmental scientist 2 - project scientist,2471,4.2578125,False,3158,False
R-116513,ingrammicro|wd5|ingrammicro||business development representative,2472,4.25390625,False,3184,False
8638628002,"spacex||sourcing specialist, mechanical commodities",2473,4.25390625,False,3183,False
8505168002,gotion||metrology technician,2474,4.25390625,False,3182,False
8244388002,gotion||thermal engineer - battery systems,2475,4.25390625,False,3181,False
8069317,"roku||solutions engineer, platform experiences, adtech",2476,4.25390625,False,3180,False
7922805,samsara||specialist seller - connected maintenance - public sector,2477,4.25390625,False,3172,False
7711953,formlabs||technical sales representative,2478,4.25390625,False,3171,False
5286261008,apexcompanies||stormwater inspector,2479,4.25390625,False,3170,False
5142979007,xai||electrician,2480,4.25390625,False,3169,False
4680069006,gongio||enterprise revenue architect,2481,4.25390625,False,3168,False
4657749006,accenturefederalservices||sap s/4hana technical migration architect,2482,4.25390625,False,3167,False
4601051006,sharkninjaoperatingllc||industrial design opportunities at sharkninja,2483,4.25390625,False,3166,False
8525777002,"spacex||it systems administrator, mission systems",2484,4.25,False,3193,False
8449038002,spacex||paint technician,2485,4.25,False,3192,False
7809873003,"cascadeloans||production associate (hybrid, in office up to 3x/week) - new grads strongly encouraged to apply!",2486,4.25,False,3189,False
7797969003,coverahealth||patient experience specialist,2487,4.25,False,3188,False
5158512007,zscaler||sales engineer,2488,4.25,False,3187,False
5136156007,xai||permitting specialist,2489,4.25,False,3186,False
4324946009,"gradial||head of sales, canada",2490,4.25,False,3185,False
8052649,onemedical||family medicine physician,2491,4.24609375,False,3200,False
5146284007,scoutmotors||supplier quality engineer - press parts,2492,4.24609375,False,3197,False
4694056006,sharkninjaoperatingllc||social editor,2493,4.24609375,False,3196,False
4316070009,gradial||business development representative,2494,4.24609375,False,3195,False
R1552642,iqvia|wd1|iqvia||logistics analyst,2495,4.2421875,False,3211,False
R-083054,jj|wd5|displacedemployees||engineering technician,2496,4.2421875,False,3210,False
8544586002,spacex||insider risk analyst,2497,4.2421875,False,3209,False
8537897002,"spacex||test specialist, components",2498,4.2421875,False,3208,False
8433665002,cannondesign||mechanical assessor iii,2499,4.2421875,False,3207,False
7811731003,darkwolfsolutions||cloud services architect,2500,4.2421875,False,3206,False
7800504003,sezzle||graphic designer,2501,4.2421875,False,3205,False
4678554006,accenturefederalservices||requirements analyst,2502,4.2421875,False,3201,False
8605834002,"spacex||technical trainer, cnc machining",2503,4.23828125,False,3216,False
5365480008,unlimitedtechnology||sales executive,2504,4.23828125,False,3214,False
4108177009,woolpert||mechanical engineer - mission critical data centers specialized,2505,4.23828125,False,3213,False
8639548002,mediaalpha||data scientist iv,2506,4.234375,False,3223,False
8639247002,"spacex||electrical hardware engineer, ai satellites",2507,4.234375,False,3222,False
8369864002,"spacex||tig welding trainer, gtaw",2508,4.234375,False,3221,False
5998049004,"figma||strategic finance, planning systems",2509,4.234375,False,3220,False
5980021004,sonyinteractiveentertainmentglobal||hardware fleet operations specialist,2510,4.234375,False,3219,False
5109367007,zscaler||transformation architect - healthcare,2511,4.234375,False,3218,False
R46443,oshkoshcorporation|wd5|oshkosh||quality engineer,2512,4.23046875,False,3230,False
R09979,soti|wd3|careers||sales development representative – enterprise outbound,2513,4.23046875,False,3229,False
8041580,"narvar||analytics engineer, data",2514,4.23046875,False,3228,False
4912250101,lotusworks||operations and maintenance technician,2515,4.23046875,False,3226,False
4645450006,accenturefederalservices||soc analyst,2516,4.23046875,False,3225,False
8551799002,cannondesign||education project planner iv,2517,4.2265625,False,3235,False
5150836007,muonspace||camera systems engineer,2518,4.2265625,False,3233,False
R5047629,gevernova|wd5|only_confidential_executive_recruiting||technical support engineer,2519,4.22265625,False,3250,False
8614967002,"spacex||materials engineer, welding",2520,4.22265625,False,3249,False
8536073002,spacex||integration specialist (starlink aviation) - 2nd shift,2521,4.22265625,False,3248,False
8398189002,"spacex||manufacturing engineer, supplier development",2522,4.22265625,False,3247,False
6116835004,redwoodmaterials||associate controls engineer,2523,4.22265625,False,3245,False
6116617004,turing||strategy and operations associate,2524,4.22265625,False,3244,False
5160776007,"scoutmotors||engineer, steering system e/e and sw",2525,4.22265625,False,3238,False
5158567007,scoutmotors||adas calibration and validation engineer,2526,4.22265625,False,3237,False
5083595007,andurilindustries||av technician,2527,4.22265625,False,3236,False
JR-202615309,generalmotors|wd5|careers_gm||industrial engineer,2528,4.21875,False,3261,False
8635913002,spacex||harness engineering specialist,2529,4.21875,False,3260,False
8605049002,spacex||radiation effects engineer,2530,4.21875,False,3259,False
8342601002,spacex||quality specialist,2531,4.21875,False,3258,False
8066841,"latitude||triage associate i - fleet watch, third shift",2532,4.21875,False,3257,False
8060670,"latitude||triage associate i - fleet watch, first shift",2533,4.21875,False,3256,False
4256883009,acilearning||academic account executive,2534,4.21875,False,3252,False
4095316009,woolpert||civil engineer - bridge design,2535,4.21875,False,3251,False
8627395002,spacex||development test technician - 2nd shift,2536,4.21484375,False,3270,False
8389728002,"spacex||supervisor, welding (starship launch hardware) - night shift",2537,4.21484375,False,3269,False
8076834,formlabs||order management specialist,2538,4.21484375,False,3267,False
6056035004,rockbot||av systems solutions engineer,2539,4.21484375,False,3266,False
5085186007,"scoutmotors||specialist, lifecycle management & modelcare",2540,4.21484375,False,3265,False
4681393006,accenturefederalservices||cyber test engineer,2541,4.21484375,False,3264,False
4678879006,gongio||enterprise growth revenue architect,2542,4.21484375,False,3263,False
4608372006,accenturefederalservices||sap wm (warehouse management) consultant,2543,4.21484375,False,3262,False
8559225002,spacex||avionics integration & test technician (starship) - night shift,2544,4.2109375,False,3280,False
8552471002,"spacex||mechanical engineer, precision machining",2545,4.2109375,False,3279,False
7991444,"mongodb||engineer 3, business systems",2546,4.2109375,False,3278,False
7792237,talkdesk2||solutions engineer - enterprise - mixed industries,2547,4.2109375,False,3277,False
5181676007,"scoutmotors||engineer, bev function integration and calibration, specialist",2548,4.2109375,False,3275,False
5174904007,"scoutmotors||specialist, manufacturing engineer-assembly finish & rework",2549,4.2109375,False,3274,False
4715093005,seurat||manufacturing engineer - machining operations,2550,4.2109375,False,3273,False
2a2097e3-319d-4aee-b5f1-982bfb6fea93,servicerocket||delivery architect,2551,4.2109375,False,3271,False
8639190002,spacex||tig welder (starship) - 2nd shift,2552,4.20703125,False,3285,False
8623429002,spacex||logistics technician - 2nd shift,2553,4.20703125,False,3284,False
8038604,equipmentsharecom||cdl delivery driver - class b,2554,4.20703125,False,3283,False
5187339007,zscaler||commercial sales engineer - ny/nj,2555,4.20703125,False,3282,False
4317730009,fanaticsfbg||data engineer ii,2556,4.20703125,False,3281,False
8641229002,blinkhealth||pharmacy benefits /insurance claims specialist | onsite- pittsburgh,2557,4.203125,False,3288,False
4579771006,gongio||gtm sales recruiter,2558,4.203125,False,3286,False
JR107138,hfecorp|wd503|palace_jobs||dutch wonderland inn maintenance,2559,4.19921875,False,3296,False
8597840002,"spacex||production scheduler, starlink machining operations",2560,4.19921875,False,3295,False
8294804002,"spacex||welding technical trainer, gtaw",2561,4.19921875,False,3293,False
7924140002,"gotion||laser welding engineer, cell line",2562,4.19921875,False,3292,False
6117296004,monks||ai generative artist,2563,4.19921875,False,3291,False
5363955008,startale||シニアフロントエンドエンジニア（react / typescript）｜完全オンチェーン取引所「strium」／デジタルアセットのスーパーアプリ「startale app」,2564,4.19921875,False,3290,False
8616015002,spacex||test equipment technician,2565,4.1953125,False,3302,False
8604635002,gotion||ai financial analyst,2566,4.1953125,False,3301,False
8074625,10xgenomics||customer service specialist - bucharest,2567,4.1953125,False,3300,False
8055905,onemedical||expanded care family nurse practitioner or physician assistant,2568,4.1953125,False,3299,False
4866190101,"parloa||agent architect, partner success",2569,4.1953125,False,3298,False
4717110005,"nozominetworks||associate sales engineer, emea",2570,4.1953125,False,3297,False
R2026070096,tarkett|wd3|tsp_careers||repair i,2571,4.19140625,False,3313,False
7528394,ardentmc||salesforce technical architect,2572,4.19140625,False,3310,False
7377294,zuora||solution architect ii,2573,4.19140625,False,3309,False
6007028004,turing||head of platform operations,2574,4.19140625,False,3308,False
5173937007,andurilindustries||electrical cad librarian,2575,4.19140625,False,3306,False
5153452007,atwellgroup||electrical engineer - pv/bess - power & energy,2576,4.19140625,False,3305,False
5132492007,"zscaler||security architect, agentic ai",2577,4.19140625,False,3304,False
4652217006,accenturefederalservices||it system administrator – soc/noc support,2578,4.19140625,False,3303,False
8473716002,spacex||reliability engineer,2579,4.1875,False,3317,False
7894733,roblox||junior incident and investigations specialist,2580,4.1875,False,3316,False
7792862,roblox||workforce management analyst,2581,4.1875,False,3315,False
5349219008,fiveringsllc||summer intern 2027 - quantitative researcher,2582,4.1875,False,3314,False
8379357002,spacex||supply chain planner,2583,4.18359375,False,3322,False
8160722002,gotion||gotion college career fair,2584,4.18359375,False,3321,False
7528412,purestorage||signal integrity hardware engineer,2585,4.18359375,False,3320,False
5153003007,andurilindustries||electrical engineering technician,2586,4.18359375,False,3319,False
4286516009,industrialelectricmanufacturing||production controller,2587,4.18359375,False,3318,False
8527570002,spacex||financial analyst,2588,4.1796875,False,3327,False
8178334002,aegworldwide||service desk technician ii- axs,2589,4.1796875,False,3326,False
7596114,ripple||professional services consultant,2590,4.1796875,False,3324,False
4664256006,astranis||legal counsel,2591,4.1796875,False,3323,False
8627620002,spacex||industrial maintenance technician (starlink) - 2nd shift,2592,4.17578125,False,3332,False
8615562002,spacex||environmental health & safety specialist,2593,4.17578125,False,3331,False
5364615008,pearceservices||experienced generator technician,2594,4.17578125,False,3330,False
5025553007,andurilindustries||electrical cad administrator,2595,4.17578125,False,3329,False
4005208009,arcanaanalytics||financial analyst,2596,4.17578125,False,3328,False
8579623002,spacex||it network infrastructure technician,2597,4.171875,False,3338,False
8076781,latitude||triage engagement and solutions,2598,4.171875,False,3336,False
6111137004,ionq||international logistics specialist,2599,4.171875,False,3335,False
4940364007,"xai||support agent, x money",2600,4.171875,False,3334,False
4931312007,xai||ai healthcare and administration tutor,2601,4.171875,False,3333,False
8601695002,"spacex||supervisor, materials management (starship) - night shift",2602,4.16796875,False,3343,False
6673796,ardentmc||reliability engineer,2603,4.16796875,False,3342,False
5341440004,kairospower||network engineer - it infrastructure - onsite - temporary 6 month contract,2604,4.16796875,False,3341,False
5189279007,xai||hr coordinator,2605,4.16796875,False,3340,False
5169018007,andurilindustries||administrative assistant,2606,4.16796875,False,3339,False
R0016329,astreya|wd5|life-at-astreya-opportunities||it infrastructure operations engineer i,2607,4.1640625,False,3349,False
7263379002,gotion||cell testing engineer,2608,4.1640625,False,3347,False
4685995006,accenturefederalservices||enterprise security architect,2609,4.1640625,False,3346,False
4324948009,"gradial||head of sales, emea",2610,4.1640625,False,3345,False
4324931009,evolver||recruiter,2611,4.1640625,False,3344,False
8617003002,spacex||welding engineer,2612,4.16015625,False,3358,False
8601158002,neweratech||field technician,2613,4.16015625,False,3357,False
8593388002,spacex||security engineer,2614,4.16015625,False,3355,False
8064136,convene||banquet server,2615,4.16015625,False,3353,False
7811433003,"a3c41b8b71eff8c4||software engineer - react native, macos/windows",2616,4.16015625,False,3352,False
6010434004,cannondale||design engineer i - gravel,2617,4.16015625,False,3351,False
5176431007,"atwellgroup||land solutions, administrative assistant",2618,4.16015625,False,3350,False
8074993,"juullabs||territory sales specialist, virginia",2619,4.15625,False,3363,False
8031514,"onemedical||nurse practitioner or physician assistant, hiv medicine (castro) - sign-on bonus available",2620,4.15625,False,3362,False
4695174006,pitchbookdata||quantitative research analyst,2621,4.15625,False,3361,False
4601714006,accenturefederalservices||servicenow business analyst - hrsd,2622,4.15625,False,3360,False
0a5e8d20-7c2e-4674-9b62-64d36e007f90,wpromote||reporting solutions engineer,2623,4.15625,False,3359,False
R-10399136,fiserv|wd5|ext||business systems analysis - professional ii,2624,4.15234375,False,3372,False
8623621002,spacex||internal fleet driver,2625,4.15234375,False,3371,False
8614576002,8451||data architect,2626,4.15234375,False,3370,False
5158418007,scoutmotors||failure resolution process specialist,2627,4.15234375,False,3369,False
5128524007,andurilindustries||facility security officer,2628,4.15234375,False,3367,False
4278498009,acilearning||channel account executive,2629,4.15234375,False,3365,False
8542033002,cannondesign||interior designer ii,2630,4.1484375,False,3378,False
8505407002,spacex||graphic designer,2631,4.1484375,False,3377,False
8473166002,"spacex||test specialist, avionics",2632,4.1484375,False,3376,False
6120995004,oklo||head of manufacturing,2633,4.1484375,False,3375,False
4689615006,pitchbookdata||administrative assistant,2634,4.1484375,False,3374,False
4606402006,accenturefederalservices||sap warehouse management consultant,2635,4.1484375,False,3373,False
R-089547,"jj|wd5|displacedemployees||experienced engineer, manufacturing engineer",2636,4.14453125,False,3390,False
8550124002,"aegworldwide||la galaxy academy, academic tutor",2637,4.14453125,False,3389,False
8048947,urbancompass||user research operations specialist,2638,4.14453125,False,3386,False
7848412,onemedical||family medicine nurse practitioner or physician assistant,2639,4.14453125,False,3385,False
7774173003,"smxtech||unmanned surface vehicle (usv) craft maintainer / operator, maritime",2640,4.14453125,False,3384,False
5288689008,apexcompanies||stormwater maintenance foreman,2641,4.14453125,False,3383,False
5091068007,"zscaler||product specialist, dspm",2642,4.14453125,False,3382,False
26f07297-8f6d-4dd5-86a3-3a1c795219db,corebts||learning & development business partner,2643,4.14453125,False,3380,False
588166,philips|wd3|jobs-and-careers||business platform analyst,2644,4.140625,False,3399,False
5231999008,block||business development rep associate,2645,4.140625,False,3392,False
5065302007,zscaler||phishing analyst-skillbridge intern,2646,4.140625,False,3391,False
R-10399133,fiserv|wd5|ext||supervisor,2647,4.13671875,False,3406,False
8407018002,spacex||integration & test specialist (starlink propulsion) - 1st shift,2648,4.13671875,False,3404,False
4698673006,everway||sales development representative,2649,4.13671875,False,3403,False
4686970006,accenturefederalservices||pmo analyst,2650,4.13671875,False,3402,False
R-067077,jj|wd5|displacedemployees||quality engineer 2 npd,2651,4.1328125,False,3414,False
5270456008,apexcompanies||land surveyor,2652,4.1328125,False,3412,False
5188305007,andurilindustries||personnel security specialist,2653,4.1328125,False,3411,False
5156028007,"zscaler||account executive, commercial",2654,4.1328125,False,3409,False
4697037006,accenturefederalservices||proposal & contract delivery coordinator,2655,4.1328125,False,3408,False
7803164003,coherehealth||business analyst ii,2656,4.12890625,False,3416,False
4658593006,accenturefederalservices||sap funds management consultant,2657,4.12890625,False,3415,False
8639279002,"spacex||supervisor, heatshield materials management",2658,4.125,False,3426,False
8598203002,"aegworldwide||la galaxy academy, performance coach",2659,4.125,False,3425,False
8582700002,gotion||logistics intern,2660,4.125,False,3424,False
8523833002,spacex||tig welder (starship components) - 2nd shift,2661,4.125,False,3422,False
8501168002,spacex||mechanical integration & test engineer,2662,4.125,False,3421,False
8498761002,"spacex||failure analysis engineer, microelectronics",2663,4.125,False,3420,False
8420929002,spacex||spaceport experience specialist,2664,4.125,False,3419,False
7939172,relaypro||technical support specialist iii,2665,4.125,False,3418,False
7811859003,ridgeline||investment operations analyst - reconciliation specialist,2666,4.125,False,3417,False
8523414002,"spacex||accountant, revenue",2667,4.12109375,False,3429,False
8053344,onemedical||phlebotomist/front desk,2668,4.12109375,False,3428,False
4694727006,accenturefederalservices||sap fscm consultant,2669,4.12109375,False,3427,False
R441416,comcast|wd5|comcast_careers||engineer 1 - cyber security operations,2670,4.1171875,False,3440,False
8641580002,axiscompany||project coordinator,2671,4.1171875,False,3439,False
8633422002,spacex||critical lift & transport technician,2672,4.1171875,False,3438,False
8584246002,cannondesign||project administrator - smart buildings,2673,4.1171875,False,3437,False
8546581002,spacex||facilities supervisor,2674,4.1171875,False,3435,False
8512656002,spacex||emc/emi test technician,2675,4.1171875,False,3434,False
8469398002,"wpp||strategy & transformation analyst, crc",2676,4.1171875,False,3433,False
8070953,vaynermedia||india portfolio | project coordinator,2677,4.1171875,False,3432,False
5889595004,perfectserve||shift operations coordinator - us remote,2678,4.1171875,False,3431,False
8642714002,calm||partnerships designer,2679,4.11328125,False,3447,False
8536021002,spacex||integration specialist,2680,4.11328125,False,3446,False
8377059002,"spacex||supervisor, it network infrastructure",2681,4.11328125,False,3445,False
8075730,carvana||automotive technician - post production- (2nd shift) monday - thursday - diff + $6k bonus,2682,4.11328125,False,3444,False
8059825,boxinc||solutions architect,2683,4.11328125,False,3443,False
7758311003,nearform||field cto,2684,4.11328125,False,3442,False
7603703,onemedical||phlebotomist / administrative assistant - west hollywood,2685,4.11328125,False,3441,False
8440651002,"spacex||electrical engineer, energy infrastructure & generation",2686,4.109375,False,3451,False
8393771002,"spacex||thermal development technician, robotic welding (starship) - level 4/5",2687,4.109375,False,3450,False
5179262007,atwellgroup||electrical designer/coordinator - oil & gas,2688,4.109375,False,3449,False
4643594006,accenturefederalservices||sap sales & distribution (sd) gts consultant,2689,4.109375,False,3448,False
8624447002,spacex||propulsion thermal analyst,2690,4.10546875,False,3458,False
5174050007,andurilindustries||electrical engineer lab technician,2691,4.10546875,False,3456,False
5083124007,atwellgroup||temporary archaeology field technician,2692,4.10546875,False,3455,False
31156761,"abbott|wd5|abbottcareers2||clinical sales specialist, structural heart - teer",2693,4.10546875,False,3454,False
8358203002,"spacex||electrical engineer, spacecraft avionics",2694,4.1015625,False,3464,False
7476991,d2l||paid media specialist,2695,4.1015625,False,3463,False
5813757004,turing||growth stratops associate,2696,4.1015625,False,3462,False
5171293007,"atwellgroup||land solutions, right of way acquisition specialist – washington state",2697,4.1015625,False,3459,False
8051907,onemedical||phlebotomist / administrative assistant,2698,4.09765625,False,3468,False
7983156,elationhealth||rcm solutions engineer,2699,4.09765625,False,3467,False
6299167,bloomreach||business development representative,2700,4.09765625,False,3466,False
8029190,gusto||sales associate,2701,4.09375,False,3471,False
5160758007,"scoutmotors||specialist, procurement systems and processes",2702,4.09375,False,3470,False
8533139002,spacex||test stand maintenance technician,2703,4.08984375,False,3479,False
6107621004,penninteractive||vip host,2704,4.08984375,False,3478,False
5743880004,"hextechnologies||sales engineer, commercial mid-market",2705,4.08984375,False,3477,False
5181237007,"scoutmotors||analyst, process change and verification",2706,4.08984375,False,3476,False
5066042007,"scoutmotors||specialist, mechanical engineer - assembly",2707,4.08984375,False,3475,False
4940376007,xai||client partner,2708,4.08984375,False,3474,False
4694865006,"sharkninjaoperatingllc||specialist, global campaigns",2709,4.08984375,False,3473,False
6117147004,alpaca||settlements associate,2710,4.0859375,False,3484,False
6115602004,guidepointsecurity||microsoft security engineer- remote,2711,4.0859375,False,3483,False
5184717007,"scoutmotors||engineer, function development & calibration drivability",2712,4.0859375,False,3482,False
4949035007,"verkada||project architect, global services",2713,4.0859375,False,3481,False
8035238,hubspotjobs||outbound business development representative,2714,4.08203125,False,3491,False
8031361,carvana||experienced automotive technician - post production,2715,4.08203125,False,3490,False
7915807002,"gotion||robot application engineer, cell line",2716,4.08203125,False,3488,False
4712548007,vividseatsllc||customer service representative - seller operations,2717,4.08203125,False,3486,False
4248893009,valaratomics||construction quality inspector,2718,4.08203125,False,3485,False
JR345336,salesforce|wd12|external_career_site||contract specialist,2719,4.078125,False,3502,False
8625409002,gotion||electrical engineer - construction & capital projects,2720,4.078125,False,3501,False
8609480002,spacex||tool & die specialist - level 4/5,2721,4.078125,False,3500,False
8568728002,faire||head of finance systems & data,2722,4.078125,False,3499,False
8064311,"taketwo||coordinator, people operations",2723,4.078125,False,3497,False
6562850,relaypro||sales development representative,2724,4.078125,False,3496,False
5160770007,scoutmotors||hiland requirements coordinator – drive systems,2725,4.078125,False,3495,False
5159273007,"andurilindustries||fpga verification engineer, air vehicles",2726,4.078125,False,3494,False
5080364008,skhynixamerica||local community engagement specialist,2727,4.078125,False,3493,False
4908845101,lotusworks||construction coordinator - 3rd shift,2728,4.078125,False,3492,False
R29406,"crowdstrike|wd5|crowdstrikecareers||analyst i, falcon complete",2729,4.07421875,False,3507,False
7811483003,ampsortation||shift supervisor,2730,4.07421875,False,3505,False
5255884008,skhynixamerica||physical security specialist,2731,4.07421875,False,3504,False
4248868009,valaratomics||construction quality supervisor,2732,4.07421875,False,3503,False
8625576002,"spacex||hardware reliability engineer, electrical",2733,4.0703125,False,3515,False
8610299002,cannondesign||project electrical iv - cyber security,2734,4.0703125,False,3514,False
8363101002,quberesearchandtechnologies||data center operations engineer,2735,4.0703125,False,3511,False
7635374003,celonis||value engineer-scale-nam,2736,4.0703125,False,3510,False
5118271007,andurilindustries||quality control supervisor,2737,4.0703125,False,3509,False
4255957008,appodeal||financial data analyst,2738,4.0703125,False,3508,False
WD30272873,"jci|wd5|jci||welder, 2nd shift",2739,4.06640625,False,3518,False
4687979006,accenturefederalservices||sap mdg (master data governance) business partner analyst,2740,4.06640625,False,3517,False
JR102350,accelya|wd103|careers||specialist - program management- anz,2741,4.0625,False,3523,False
8567600002,spacex||cleanroom technician - microelectronics,2742,4.0625,False,3522,False
8538879002,"aegworldwide||la galaxy, account executive",2743,4.0625,False,3521,False
5106405007,"scoutmotors||specialist, manufacturing engineer body shop",2744,4.0625,False,3520,False
2624730,labcorp|wd1|external||investigator support coordinator i,2745,4.0625,False,3519,False
8602551002,spacex||transport technician,2746,4.05859375,False,3530,False
8563131002,spacex||telecommunications technician,2747,4.05859375,False,3529,False
8524843002,"spacex||manufacturing specialist, solar cells",2748,4.05859375,False,3528,False
8074797,onemedical||phlebotomist,2749,4.05859375,False,3527,False
8031919,onemedical||medical assistant,2750,4.05859375,False,3525,False
4316042009,woolpert||remote sensing technician,2751,4.05859375,False,3524,False
8638534002,connectedcannabis||fleet associate,2752,4.0546875,False,3534,False
8056157,onemedical||flex phlebotomist / administrative assistant,2753,4.0546875,False,3533,False
5365068008,pearceservices||sgre certified travel wind technician,2754,4.0546875,False,3532,False
4587747006,accenturefederalservices||cyber targeting analyst,2755,4.0546875,False,3531,False
8399574002,"spacex||accountant, international",2756,4.05078125,False,3537,False
5172428007,mobentertainment||marketing video production designer,2757,4.05078125,False,3536,False
WD225211,flextronics|wd1|careers||analyst - logistics,2758,4.046875,False,3546,False
8484090002,spacex||additive technician,2759,4.046875,False,3545,False
7744015,gusto||sales compensation analyst,2760,4.046875,False,3543,False
5155553008,skhynixamerica||purchasing specialist,2761,4.046875,False,3541,False
5012351008,block||silicon product and test engineer,2762,4.046875,False,3540,False
5130901007,"zscaler||sales account executive, enterprise",2763,4.04296875,False,3549,False
5113213008,lexingtonmedical||supply chain analyst,2764,4.04296875,False,3548,False
5033305007,atwellgroup||project surveyor - lsit - oil and gas/energy team,2765,4.04296875,False,3547,False
R0016384,astreya|wd5|life-at-astreya-opportunities||us technical recruiter,2766,4.0390625,False,3556,False
8516581002,"spacex||supply chain planner, gateway and solar",2767,4.0390625,False,3554,False
5190693007,scoutmotors||systems administrator,2768,4.0390625,False,3553,False
4959599007,"xai||dispute analyst, x money",2769,4.0390625,False,3552,False
4912078101,valtech||after sales technical architect,2770,4.0390625,False,3551,False
4324995009,weave||solutions architect,2771,4.0390625,False,3550,False
7786459003,smxtech||logistics resupply planner,2772,4.03515625,False,3559,False
4309014009,"woolpert||bim specialist, aviation & airports",2773,4.03515625,False,3557,False
7800661003,sentinellabs||mdr analyst,2774,4.03125,False,3562,False
4698754005,shinvestmentsllc||cyber security engineer,2775,4.03125,False,3561,False
4009580008,fiveringsllc||experienced/lateral - linux systems administrator,2776,4.03125,False,3560,False
R46757,oshkoshcorporation|wd5|oshkosh||quality technician i,2777,4.02734375,False,3570,False
8536253002,"spacex||manufacturing specialist, solar",2778,4.02734375,False,3568,False
7808339003,spycloud||security data analyst - parsing,2779,4.02734375,False,3567,False
7804940003,metropolis||tax intern,2780,4.02734375,False,3566,False
7695258,mongodb||inside account executive,2781,4.02734375,False,3565,False
4694514006,pitchbookdata||account development representative,2782,4.02734375,False,3564,False
25dff7cf-2a35-4f6c-b768-f6f9a8a8048e,solace||creative copywriter,2783,4.02734375,False,3563,False
8072907,twilio||incident commander,2784,4.0234375,False,3575,False
5ededbe9-77d1-4d76-b872-e7f3d5987a87,radai||radiology transcriptionist,2785,4.0234375,False,3574,False
5205083008,splootveterinarycare||veterinarian,2786,4.0234375,False,3573,False
5141678007,"scoutmotors||specialist, jis material planner",2787,4.0234375,False,3572,False
4677279006,accenturefederalservices||user support specialist,2788,4.0234375,False,3571,False
4716904005,ursamajor||liquids test technician ii,2789,4.01953125,False,3577,False
4229787009,kodiaksolutions||product owner,2790,4.01953125,False,3576,False
R-089208,jj|wd5|displacedemployees||engineering manufacturing maintenance supervisor,2791,4.015625,False,3583,False
JR_15048,"guidewire|wd5|external||implementation architect, inow",2792,4.015625,False,3582,False
5179343007,atwellgroup||designer - electrical and gas distribution - small commercial,2793,4.015625,False,3580,False
5165659008,apexcompanies||resident project representative- vertical construction,2794,4.015625,False,3579,False
4663558007,shapercapital||shaper portfolio business & operations talent community,2795,4.015625,False,3578,False
8600091002,spacex||technical writer,2796,4.01171875,False,3588,False
8574247002,spacex||production shift supervisor,2797,4.01171875,False,3587,False
5986543004,monks||battery test engineer,2798,4.01171875,False,3586,False
5173472007,scoutmotors||sheet metal engineer specialist – pickup box,2799,4.01171875,False,3585,False
5141581007,"scoutmotors||specialist, sap plant maintenance",2800,4.01171875,False,3584,False
8641225002,blinkhealth||pharmacy benefits/insurance claims specialist | onsite- boise,2801,4.0078125,False,3598,False
8640196002,modulrfinance||financial crime analyst – transaction monitoring,2802,4.0078125,False,3597,False
8628799002,spacex||mechanical integration and test engineer,2803,4.0078125,False,3596,False
7768983,"reddit||creative technologist, karmalab",2804,4.0078125,False,3595,False
6016396004,epicgames||ui programmer,2805,4.0078125,False,3594,False
5219023008,breakwatercorp||accounts payable (ap) implementation specialist,2806,4.0078125,False,3593,False
5187394008,olsson||telecom revit designer - data centers,2807,4.0078125,False,3592,False
5098387007,andurilindustries||systems security engineer anti-tamper,2808,4.0078125,False,3591,False
4715434005,springhealth66||it support engineer ii,2809,4.0078125,False,3590,False
4675773006,pitchbookdata||customer support specialist,2810,4.0078125,False,3589,False
7997198,datadog||partner solutions architect,2811,4.00390625,False,3605,False
5287127008,quince||talent research associate,2812,4.00390625,False,3604,False
5268876008,swiftsolar||reliability engineer - photovoltaics,2813,4.00390625,False,3603,False
5182322007,"scoutmotors||specialist, hardware & software variant management",2814,4.00390625,False,3602,False
5134220007,xai||electrical commissioning technician,2815,4.00390625,False,3601,False
4203060009,valaratomics||head of facilities,2816,4.00390625,False,3600,False
4088644009,woolpert||aerial sensor operator,2817,4.00390625,False,3599,False
R26_02833,regalrexnord|wd1|careers||quality engineer,2818,4.0,False,3608,False
8339587002,spacex||spacecraft cleanliness technician,2819,4.0,False,3607,False
9314b850-7427-4ce0-b925-419308e44469,strala-ai||auto bodily injury claims adjuster,2820,3.998046875,False,3611,False
7759336003,cookunity||culinary operations supervisor,2821,3.998046875,False,3609,False
7959361,onemedical||phlebotomist / administrative assistant - long beach,2822,3.99609375,False,3613,False
5141571007,"scoutmotors||specialist, manufacturing engineer - assembly interior",2823,3.99609375,False,3612,False
813c5847-01ca-4cf4-94d8-8ed26dd954c6,"raya||product designer, places",2824,3.994140625,False,3614,False
8064592,acquia||enterprise account executive,2825,3.9921875,False,3619,False
8031389,onemedical||float phlebotomist / administrative assistant-meatpacking,2826,3.9921875,False,3617,False
5970980004,pslgroup||head of research delivery,2827,3.9921875,False,3616,False
5361581008,"dlrgroup||civil engineer, entry level",2828,3.9921875,False,3615,False
8642273002,questbridge||data analyst,2829,3.990234375,False,3624,False
8559862002,gotion||recruiting coordinator,2830,3.990234375,False,3623,False
5309632008,apexcompanies||industrial hygienist - scientist ii,2831,3.990234375,False,3621,False
6010428004,cannondale||design engineer i - mountain bikes,2832,3.98828125,False,3625,False
8616291002,day1academies||assistant teacher (float) (part,2833,3.986328125,False,3628,False
8495595002,gotion||indirect supply chain specialist,2834,3.986328125,False,3627,False
JR-202614739,generalmotors|wd5|careers_gm||chassis materials engineer,2835,3.984375,False,3633,False
8532221002,"spacex||materials engineer, polymers",2836,3.984375,False,3631,False
6098225004,"aloyoga||associate product developer, accessories",2837,3.984375,False,3630,False
5187280007,"zscaler||analyst, business operations",2838,3.984375,False,3629,False
7977200,ardentmc||network engineer,2839,3.982421875,False,3634,False
5231182008,apexcompanies||construction safety professional,2840,3.98046875,False,3635,False
7967027,onemedical||phlebotomist / administrative assistant - el segundo,2841,3.978515625,False,3640,False
5147249007,"zscaler||account executive, majors - oregon / washington",2842,3.978515625,False,3639,False
4932950101,stabilityai||product design engineer - audio,2843,3.978515625,False,3638,False
8470464002,"spacex||certified welding inspector, nde",2844,3.9765625,False,3644,False
7691122003,cookunity||warehouse supervisor,2845,3.9765625,False,3643,False
4594611006,accenturefederalservices||cyber operations analyst,2846,3.9765625,False,3642,False
8614340002,"spacex||environmental health & safety engineer, construction",2847,3.974609375,False,3646,False
5166120007,eikontherapeutics||total rewards analyst,2848,3.974609375,False,3645,False
8642283002,spacex||operations specialist,2849,3.97265625,False,3648,False
8072130,simplisafe||financial systems analyst ii,2850,3.97265625,False,3647,False
8455277002,cannondesign||health project planner v,2851,3.970703125,False,3651,False
7727042003,teachforall||head of ai solutions & engineering - technology & innovation,2852,3.970703125,False,3650,False
5142420007,scoutmotors||specialist process optimization supermarket,2853,3.970703125,False,3649,False
559,premierservice||landscape laborer,2854,3.96875,False,3655,False
5191077007,smaamerica||hr & talent acquisition coordinator,2855,3.96875,False,3654,False
4698395006,csw||logistics specialist,2856,3.96875,False,3653,False
8216065002,spacex||electrician,2857,3.966796875,False,3661,False
8075680,hydritechemicalco||controls engineer,2858,3.966796875,False,3660,False
6104050004,doublegood||manufacturing project planner,2859,3.966796875,False,3658,False
451d78a1-6cba-4c40-9afc-d50322e5f8f9,hirehangar||growth & marketing associate,2860,3.966796875,False,3657,False
6006419004,monks||business systems analyst,2861,3.96484375,False,3664,False
4997616007,xai||occupational math tutor,2862,3.96484375,False,3663,False
4976038007,"andurilindustries||head of integrated logistics support, autonomous airpower",2863,3.96484375,False,3662,False
R0129134,hitachi|wd1|hitachi||scm analyst,2864,3.962890625,False,3666,False
71043d66-5f45-4c71-99a0-a161c706cfb2,hirehangar||digital marketing & account management associate,2865,3.962890625,False,3665,False
7931403,urbancompass||business development representative,2866,3.9609375,False,3668,False
5192369007,mcadams||cad technician,2867,3.9609375,False,3667,False
8414377002,gotion||electrical systems engineer,2868,3.958984375,False,3672,False
69c33686-9a00-4dba-8f22-1f45112b4c82,"sewer-ai||account executive, enterprise",2869,3.958984375,False,3671,False
5146366007,scoutmotors||supplier quality engineer,2870,3.958984375,False,3670,False
JR-045005,revvity|wd103|external||digital commerce resolution specialist,2871,3.95703125,False,3678,False
8594150002,"spacex||mechanical engineer, optical & space lasers manufacturing",2872,3.95703125,False,3677,False
8074548,equipmentsharecom||heavy equipment shop technician,2873,3.95703125,False,3676,False
5157858007,"zscaler||sales account executive, majors",2874,3.95703125,False,3675,False
5134376007,veracyte||data scientist iii - temporary,2875,3.95703125,False,3674,False
4105435009,valaratomics||health physics technician,2876,3.95703125,False,3673,False
8569030002,spacex||electrical maintenance supervisor,2877,3.955078125,False,3684,False
8557560002,"spacex||nde inspector, certified welding inspector",2878,3.955078125,False,3683,False
8506288002,gotion||supply chain intern,2879,3.955078125,False,3682,False
8481451002,wpp||workday release analyst,2880,3.955078125,False,3681,False
8065562,onemedical||float phlebotomist / administrative assistant-upper east side,2881,3.955078125,False,3680,False
4595171006,accenturefederalservices||cyber effects operations planner,2882,3.955078125,False,3679,False
8603537002,spacex||materials r&d specialist,2883,3.953125,False,3686,False
4292521009,grvty||electrical engineer,2884,3.953125,False,3685,False
WD224752,flextronics|wd1|careers||analyst - procurement,2885,3.951171875,False,3687,False
7327520002,gotion||quality inspector,2886,3.94921875,False,3689,False
4717111005,keeleyconstruction||traveling superintendent,2887,3.94921875,False,3688,False
8464429002,spacex||satellite policy analyst,2888,3.947265625,False,3690,False
8318794002,cannondesign||interior designer iii,2889,3.9453125,False,3692,False
4658587006,accenturefederalservices||sap sales & distribution (sd) consultant,2890,3.9453125,False,3691,False
7862815,boxinc||ai partnerships,2891,3.943359375,False,3695,False
4696068006,accenturefederalservices||acquisition specialist,2892,3.943359375,False,3694,False
R29421,"crowdstrike|wd5|crowdstrikecareers||workday support analyst, 2pm -11pm ist",2893,3.94140625,False,3700,False
8036155,"stripe||technical writer, docs content",2894,3.94140625,False,3699,False
7646414003,cookunity||fulfillment team member,2895,3.94140625,False,3698,False
6980154,ardentmc||gis systems architect,2896,3.94140625,False,3697,False
8073695,airbnb||technical recruiter,2897,3.9375,False,3706,False
7715014003,intersystems||enterprise solutions advisor - va,2898,3.9375,False,3705,False
5097673007,"zscaler||account executive, majors - bay area",2899,3.9375,False,3704,False
4663312006,accenturefederalservices||sap materials management (mm) - retail in-store merchandising and inventory management consultant,2900,3.9375,False,3703,False
a65220b4-ce53-4e22-bce3-19dc149fc245,aleph||account executive,2901,3.935546875,False,3714,False
R67623,volarisgroup|wd3|volaris||product specialist,2902,3.935546875,False,3713,False
8574330002,"spacex||materials engineer, materials laboratory",2903,3.935546875,False,3712,False
4565985006,sharkninjaoperatingllc||electrical engineering opportunities at sharkninja,2904,3.935546875,False,3707,False
8574025002,spacex||youth activities specialist,2905,3.93359375,False,3716,False
4690180006,accenturefederalservices||pega business analyst,2906,3.93359375,False,3715,False
8612958002,spacex||hvac technician (facilities) - 2nd shift,2907,3.931640625,False,3717,False
8608792002,gotion||ehs technician,2908,3.9296875,False,3719,False
8516852002,spacex||orbital tube welder,2909,3.9296875,False,3718,False
JR97408,"micron|wd1|external||engineer, ipdev layout",2910,3.927734375,False,3722,False
7634455003,cookunity||quality control associate,2911,3.927734375,False,3721,False
5188956007,"scoutmotors||product owner, integrated business planning",2912,3.927734375,False,3720,False
8626827002,sponsorsforeducationalopportunity||10-11th grade ela instructor,2913,3.92578125,False,3729,False
8621897002,spacex||tool & die specialist - 2nd shift,2914,3.92578125,False,3728,False
5152744007,"scoutmotors||specialist, material planner",2915,3.92578125,False,3726,False
4186580009,industrialelectricmanufacturing||field service technician,2916,3.92578125,False,3724,False
112834-JOB,sprinklr|wd1|careers||it ai and automation analyst,2917,3.92578125,False,3723,False
7851555,boxinc||recruiting operations analyst,2918,3.923828125,False,3731,False
8380215002,gotion||utilities equipment engineer,2919,3.921875,False,3733,False
5364667008,nflprivateposting||seasonal redzone production assistant,2920,3.921875,False,3732,False
R4043003,gehc|wd5|gehc_externalsite||field service engineer 2 multi-modality,2921,3.919921875,False,3740,False
8047847,roblox||data center asset management specialist,2922,3.919921875,False,3739,False
7867878,onemedical||family medicine nurse practitioner,2923,3.919921875,False,3738,False
685686cb-5fc7-4dd9-83e6-f63c5368b798,atlas||email marketing operations consultant – contract,2924,3.919921875,False,3737,False
6744237002,gotion||hr generalist,2925,3.919921875,False,3736,False
5677543004,"khealthcareers||weekdays | primary care physician (fm/im) | imlc or fl, ma, nj, ny, or, tx, wi, mn, ia | remote",2926,3.919921875,False,3735,False
5365154008,pearceservices||advanced solar field service technician,2927,3.919921875,False,3734,False
8389476002,spacex||construction superintendent (starship) - night shift,2928,3.91796875,False,3744,False
7805127003,cookunity||stand-up forklift operator & receiver,2929,3.91796875,False,3743,False
7785784,roblox||quality analyst,2930,3.91796875,False,3742,False
4643626006,accenturefederalservices||sap order management sd consultant,2931,3.91796875,False,3741,False
4643471006,accenturefederalservices||sap materials management consultant,2932,3.916015625,False,3746,False
5191069007,trueanomalyinc||data and controls systems test engineer,2933,3.9140625,False,3751,False
5190620007,trueanomalyinc||supplier quality engineer,2934,3.9140625,False,3750,False
4657415006,accenturefederalservices||sap plan to stock (p2s) functional consultant,2935,3.9140625,False,3749,False
4581195006,accenturefederalservices||sap procurement consultant,2936,3.9140625,False,3748,False
e8892f86-d67f-492b-925a-b9d6bd43e154,"handshake||ai tutor, physics specialist (contract), handshake ai",2937,3.912109375,False,3756,False
8637303002,"faire||executive assistant, brand",2938,3.912109375,False,3755,False
8449948002,spacex||crane operator,2939,3.912109375,False,3754,False
4904189101,modoenergy||technical recruiter,2940,3.912109375,False,3752,False
8114761002,gotion||accounts payable accountant,2941,3.91015625,False,3763,False
5103331007,"zscaler||account executive, enterprise - southern california",2942,3.91015625,False,3759,False
4218748009,valaratomics||netsuite erp administrator,2943,3.91015625,False,3757,False
8054423,"dept||architect, martech",2944,3.908203125,False,3767,False
5164842007,"scoutmotors||specialist, control technician",2945,3.908203125,False,3764,False
5743828004,insurify||business analyst,2946,3.90625,False,3771,False
5141661007,"scoutmotors||specialist, pre-series material planner - overseas parts",2947,3.90625,False,3770,False
4695121006,accenturefederalservices||workday payroll consultant,2948,3.90625,False,3769,False
7666424003,cookunity||cooling specialist,2949,3.904296875,False,3773,False
4695984006,"accenturefederalservices||sap grc (governance, risk, and compliance) consultant",2950,3.904296875,False,3772,False
PT-JR040497,"ms|wd5|private||analyst, p1, community affairs : job level - analyst",2951,3.90234375,False,3777,False
6010373004,cannondale||3d cad specialist,2952,3.90234375,False,3776,False
5191407007,tegnainc||motion graphic designer,2953,3.90234375,False,3775,False
4400641004,crescent||forklift operator,2954,3.90234375,False,3774,False
WD30273189,jci|wd5|jci||fire project coordinator,2955,3.900390625,False,3781,False
R9528,renishaw|wd3|renishaw||service & support engineer,2956,3.900390625,False,3780,False
8376377002,faire||data science intern,2957,3.900390625,False,3779,False
7780131003,prizepicks||product analyst,2958,3.900390625,False,3778,False
7800632003,axontalentcommunity||2027 us electrical engineering internship,2959,3.8984375,False,3787,False
6006366004,epicgamesfrench||programmeur sénior en intelligence artificielle,2960,3.8984375,False,3786,False
5156007007,zscaler||account executive - enterprise,2961,3.8984375,False,3783,False
5016446008,res||water resources engineer iii - ecological restoration,2962,3.8984375,False,3782,False
5790958004,"altruist||founding product designer, hazel ai",2963,3.896484375,False,3788,False
8571394002,"spacex||machine maintenance technician, electrical",2964,3.89453125,False,3794,False
8043829,equipmentsharecom||yard technician,2965,3.89453125,False,3792,False
4700296005,"tebra||systems analyst, customer operations",2966,3.89453125,False,3790,False
4274197009,attentive||program coordinator,2967,3.89453125,False,3789,False
4698535006,figureai||jr robot service technician,2968,3.892578125,False,3796,False
4667642006,accenturefederalservices||it service management support,2969,3.892578125,False,3795,False
8533475002,spacex||environmental health & safety professional,2970,3.890625,False,3802,False
6219325,ardentmc||test automation engineer,2971,3.890625,False,3801,False
5177913007,"zscaler||account executive, enterprise",2972,3.890625,False,3800,False
7806577003,sigmacomputing||customer deployment engineer,2973,3.888671875,False,3806,False
6099040004,forbes||designer,2974,3.888671875,False,3805,False
5057173007,"zscaler||account executive, enterprise - heartlands",2975,3.888671875,False,3804,False
4678839006,accenturefederalservices||junior security architect,2976,3.888671875,False,3803,False
8633899002,spacex||dimensional inspector - supply chain,2977,3.88671875,False,3809,False
4713361005,"maravailifesciences||manufacturing associate i, shared services",2978,3.88671875,False,3808,False
4673482006,accenturefederalservices||penetration tester,2979,3.88671875,False,3807,False
7792682003,cookunity||kitchen supervisor,2980,3.884765625,False,3811,False
7311204,mongodb||enterprise sales development representative,2981,3.884765625,False,3810,False
8075100,equipmentsharecom||shop technician,2982,3.8828125,False,3815,False
5023898007,trueanomalyinc||hardware and environments test engineer,2983,3.8828125,False,3813,False
4273223009,valaratomics||fire protection engineer,2984,3.8828125,False,3812,False
R004288,entrust|wd1|entrustcareers||tech trainer,2985,3.880859375,False,3819,False
4696159006,wizinc||growth account executive - taiwan & hong kong,2986,3.880859375,False,3818,False
4021514009,arcanaanalytics||qa engineer,2987,3.880859375,False,3817,False
8072830,quisitivejobs||microsoft security consultant,2988,3.87890625,False,3821,False
5211721008,lexingtonmedical||mechanical engineer,2989,3.87890625,False,3820,False
JR00033094,abb|wd3|external_career_page||field service technician,2990,3.876953125,False,3825,False
8060371,carvana||security operations center associate,2991,3.876953125,False,3824,False
7591922,onemedical||lab services specialist/ member support specialist,2992,3.876953125,False,3823,False
4321339009,brph||mechanical engineer - plumbing,2993,3.876953125,False,3822,False
5262641008,apexcompanies||environmental scientist ii - project scientist,2994,3.875,False,3827,False
4595197006,accenturefederalservices||cyber fires planner,2995,3.875,False,3826,False
5047526007,"trueanomalyinc||electrical engineer i-iii, systems",2996,3.873046875,False,3830,False
4931315007,xai||legal & compliance tutor,2997,3.873046875,False,3829,False
8550946002,cannondesign||experiential graphic designer - entry level,2998,3.87109375,False,3835,False
5156016007,zscaler||account executive - majors,2999,3.87109375,False,3833,False
4659565006,accenturefederalservices||sap acquire to retire (a2r) functional consultant,3000,3.87109375,False,3832,False
R1742841,"cnx|wd1|external_global||specialist, facilities",3001,3.869140625,False,3837,False
4556320008,offshorelaunch||customer service representative,3002,3.869140625,False,3836,False
8641531002,blinkhealth||pharmacy partner coordinator,3003,3.8671875,False,3843,False
8505413002,spacex||hr generalist,3004,3.8671875,False,3842,False
6118796004,galaxydigitalservices||community relations coordinator,3005,3.8671875,False,3841,False
5093266007,"scoutmotors||engineer, chassis wheel guidance",3006,3.8671875,False,3840,False
4696008006,accenturefederalservices||data governance & catalog specialist,3007,3.8671875,False,3839,False
3165839,hp|wd5|exteu-ac-careersite||customer solution center rep,3008,3.8671875,False,3838,False
R00212134,alliance|wd3|nissanprivateexternal||materials engineer 3,3009,3.865234375,False,3844,False
8580854002,faire||head of retailer product marketing,3010,3.86328125,False,3847,False
8055970,"carvana||project specialist, safe and secure operations strategy",3011,3.861328125,False,3855,False
7608720,boxinc||workplace services assistant,3012,3.861328125,False,3854,False
6114884004,vailclinicincdbavailhealthhospital||medical assistant - family med,3013,3.861328125,False,3853,False
5677552004,"khealthcareers||weekends | primary care physician (fm/im) | imlc or fl, ma, nj, ny, or, tx, wi, mn, ia | remote",3014,3.861328125,False,3852,False
5152672007,"zscaler||account executive, majors - fsi",3015,3.861328125,False,3851,False
5150996007,"scoutmotors||specialist, toe energy system",3016,3.861328125,False,3850,False
5104040007,andurilindustries||supplier quality control supervisor,3017,3.861328125,False,3849,False
4984165007,"scoutmotors||engineer, failure analysis process",3018,3.861328125,False,3848,False
8617097002,"spacex||electrician, starship launch pad - night shift",3019,3.859375,False,3859,False
7421284,datadog||enterprise sales executive,3020,3.859375,False,3858,False
5232008008,"block||business development rep associate, new york city",3021,3.859375,False,3857,False
8075798,carvana||automotive detailer / lot attendant,3022,3.857421875,False,3862,False
4681057006,accenturefederalservices||sap data conversion consultant,3023,3.857421875,False,3860,False
8515984002,cannondesign||project administrator,3024,3.85546875,False,3866,False
7826288,ardentmc||geospatial database administrator,3025,3.85546875,False,3865,False
7612260,piaggiofastforward||mechanical engineering machinist,3026,3.85546875,False,3864,False
8451974002,spacex||material flow analyst,3027,3.853515625,False,3871,False
640763ad-fe2a-486d-ae7e-765c7668b79a,uipath||test cloud sales specialist – commercial mid-market,3028,3.853515625,False,3868,False
5122280007,zscaler||account executive - enterprise - bay area,3029,3.853515625,False,3867,False
8525230002,faire||sales development representative,3030,3.8515625,False,3873,False
6117388004,sonyinteractiveentertainmentglobal||technical operations support analyst,3031,3.8515625,False,3872,False
R-248009,amgen|wd1|careers||encryption agility engineer,3032,3.84765625,False,3876,False
8457155002,spacex||hvac technician,3033,3.84765625,False,3875,False
5130554007,"scoutmotors||engineer, battery structures",3034,3.84765625,False,3874,False
8056051,roku||head of content innovation,3035,3.845703125,False,3881,False
7528519,"roku||ux product designer, frndly tv experience",3036,3.845703125,False,3879,False
6026673004,"insider||correspondent, enterprise",3037,3.845703125,False,3878,False
5174356007,"zscaler||account executive, commercial - heartland",3038,3.845703125,False,3877,False
8068235,onemedical||float member support specialist,3039,3.84375,False,3887,False
8037952,purestorage||enterprise ai & integrations analyst,3040,3.84375,False,3886,False
8025877,greenthumbindustries||order fulfillment technician,3041,3.84375,False,3885,False
7812899,urbancompass||performance advisor,3042,3.84375,False,3884,False
7687158002,gotion||electrical technician,3043,3.841796875,False,3889,False
8533955002,"spacex||supplier development engineer, reliability",3044,3.83984375,False,3893,False
8503000002,"spacex||supervisor, thermal hardware",3045,3.83984375,False,3892,False
5172418007,scoutmotors||lighting engineer specialist,3046,3.837890625,False,3894,False
8072842,greenthumbindustries||production technician-remix,3047,3.8359375,False,3899,False
4698553006,orioninnovation||warehouse management and inventory management specialist (mdims).,3048,3.8359375,False,3897,False
7977663,ardentmc||cybersecurity engineer,3049,3.83203125,False,3903,False
7757667,"formationbio||data scientist, portfolio optimization",3050,3.83203125,False,3902,False
5170284007,"scoutmotors||electrical engineer specialist, construction",3051,3.83203125,False,3901,False
8633333002,roofstock||asset management analyst,3052,3.830078125,False,3905,False
7791241003,sentinellabs||channel business representative,3053,3.828125,False,3909,False
7367527,carvana||car detailer,3054,3.828125,False,3908,False
5187970007,zscaler||account executive - majors - texas,3055,3.828125,False,3907,False
8067970,yext||it audit analyst,3056,3.826171875,False,3915,False
8065374,onemedical||float phlebotomist / administrative assistant-fidi,3057,3.826171875,False,3914,False
5365479008,unlimitedtechnology||traveling security technician,3058,3.826171875,False,3913,False
8642124002,"thesciongroupllc||maintenance technician, full-time",3059,3.82421875,False,3924,False
7588928003,cookunity||sanitation supervisor,3060,3.82421875,False,3919,False
6119707004,commonthreadcollective||marketing specialist,3061,3.82421875,False,3918,False
4595130006,accenturefederalservices||cyber joint operations planner,3062,3.82421875,False,3917,False
8536387002,spacex||it network infrastructure specialist,3063,3.822265625,False,3926,False
5167464007,zscaler||specialist account executive - zscaler secops,3064,3.822265625,False,3925,False
8049015,onemedical||float medical assistant,3065,3.8203125,False,3928,False
6119853004,everstreamanalytics||business development representative,3066,3.818359375,False,3930,False
4250656009,arcanaanalytics||portfolio analytics specialist,3067,3.81640625,False,3932,False
JR135397,jdgroupnam|wd1|jdfl_corporate_careers||hardware support tech,3068,3.814453125,False,3940,False
7808075003,abnormalsecurity||enterprise sales engineer - northeast,3069,3.814453125,False,3939,False
6121291004,greenworkssunriseglobalmarketing||content creator and editor: video & photography production,3070,3.814453125,False,3938,False
5309664008,apexcompanies||hazardous waste & environmental specialist,3071,3.814453125,False,3937,False
8573756002,spacex||lab architect,3072,3.8125,False,3946,False
8555271002,"spacex||structural welder, massey's test site - night shift",3073,3.8125,False,3945,False
8540066002,blinkhealth||bilingual customer support specialist,3074,3.8125,False,3944,False
7997890,d2l||performance marketing specialist,3075,3.8125,False,3943,False
7671051003,shopltk||data analyst,3076,3.8125,False,3942,False
8378521002,spacex||development test technician,3077,3.810546875,False,3947,False
a39f8b47-fe51-4320-b76f-25101bf6c134,timely||product designer,3078,3.80859375,False,3953,False
6121274004,greenworkssunriseglobalmarketing||content creator: video & photography production,3079,3.80859375,False,3952,False
5143332007,zscaler||specialist account executive - cellular,3080,3.80859375,False,3950,False
5117828007,scoutmotors||specialist plant engineering - electrics automation,3081,3.80859375,False,3949,False
4678516006,accenturefederalservices||data operations customer support specialist,3082,3.80859375,False,3948,False
7773740003,breezeairways||materials specialist,3083,3.806640625,False,3954,False
8621451002,"spacex||test engineer, battery development",3084,3.8046875,False,3959,False
8563785002,digicert||product designer - 3 months contract,3085,3.8046875,False,3958,False
5731003004,"redwoodmaterials||microgrid controls engineer, energy storage",3086,3.8046875,False,3957,False
8625363002,gotion||inventory control specialist,3087,3.802734375,False,3962,False
8573629002,spacex||barista,3088,3.802734375,False,3961,False
7770233003,sezzle||product qa tester — mid-level,3089,3.80078125,False,3966,False
6103250004,redwoodmaterials||it support specialist,3090,3.80078125,False,3965,False
5069684007,zscaler||federal security operations - skillbridge intern,3091,3.80078125,False,3964,False
4698541006,"newsbreak||executive assistant, people",3092,3.80078125,False,3963,False
R14343,proofpoint|wd5|proofpointcareers||marketing ai automation engineer iii,3093,3.798828125,False,3970,False
7950563,gassouth||service desk technician ii,3094,3.798828125,False,3969,False
7806069003,cookunity||marketplace supervisor,3095,3.798828125,False,3968,False
8407517002,spacex||starlink aviation specialist,3096,3.796875,False,3978,False
8075802,carvana||automotive detailer / lot attendant - 2nd shift,3097,3.796875,False,3977,False
8015833,mongodb||sales operations analyst,3098,3.796875,False,3974,False
6009592004,rockbot||technical support operations,3099,3.796875,False,3972,False
5170837007,"scoutmotors||technical specialist, conformity of product",3100,3.796875,False,3971,False
8583931002,"spacex||supervisor, porter",3101,3.794921875,False,3983,False
8065715,urbancompass||agent experience coordinator,3102,3.794921875,False,3982,False
7736671,roblox||data center asset management analyst,3103,3.794921875,False,3981,False
5254125008,kurosbiosciencesinc||us operator,3104,3.794921875,False,3980,False
4246695009,dedicatedit||it operations coordinator,3105,3.794921875,False,3979,False
8393626002,spacex||starlink aviation integration technician,3106,3.79296875,False,3987,False
8029120,"reddit||machine learning engineer, ads optimization",3107,3.79296875,False,3986,False
5153346007,zscaler||specialist account executive - zt cloud,3108,3.79296875,False,3985,False
5152760007,veracyte||sustaining lab intern,3109,3.79296875,False,3984,False
4658599006,accenturefederalservices||sap materials management (mm) consultant,3110,3.791015625,False,3989,False
4204723009,formativgroup||aladdin technical consultant - front office,3111,3.791015625,False,3988,False
R-10399116,fiserv|wd5|ext||ecs operations specialist,3112,3.7890625,False,3992,False
9ba6a979-5fa6-4aa0-95bb-a3478665237e,teamdynamix||technical consultant,3113,3.787109375,False,3996,False
8552428002,spacex||instrumentation & controls technician,3114,3.787109375,False,3995,False
8399358002,spacex||technical sales architect,3115,3.787109375,False,3994,False
7991479,equipmentsharecom||pm field technician (mechanic) - core solutions,3116,3.787109375,False,3993,False
7628262003,cookunity||warehouse logistics coordinator,3117,3.78515625,False,3998,False
5179466007,"zscaler||specialist account executive, data security - enterprise",3118,3.78515625,False,3997,False
7958993,urbancompass||office administrator,3119,3.783203125,False,4000,False
7463634,"roblox||[2026] data scientist, social",3120,3.783203125,False,3999,False
cf00d3d5-f52a-415b-8df3-a11e500a4061,"mazedesign||head of gtm, research services",3121,3.78125,False,4002,False
8628980002,spacex||crane operator - 2nd shift,3122,3.78125,False,4001,False
8582445002,specterops||training architect,3123,3.779296875,False,4006,False
5183359007,"scoutmotors||specialist, hr operations",3124,3.779296875,False,4005,False
5100618007,zscaler||insider risk analyst - skillbridge intern,3125,3.779296875,False,4004,False
4768908007,"scoutmotors||technical specialist, project coordination, test & pre-series vehicles",3126,3.779296875,False,4003,False
5825151004,vailclinicincdbavailhealthhospital||mammography tech,3127,3.77734375,False,4007,False
7953121002,"aegworldwide||la galaxy, youth programs coach - juniors and skills",3128,3.775390625,False,4009,False
3e1c0b02-7e92-470a-95ae-f7aaf76bdf33,dandy||training enablement specialist,3129,3.775390625,False,4008,False
7168914,"toast||territory account executive , smb",3130,3.7734375,False,4011,False
5162394007,dorsia||hospitality analyst,3131,3.7734375,False,4010,False
5191823007,medsien||account executive,3132,3.771484375,False,4013,False
8576014002,spacex||hvac technician - level 4/5,3133,3.76953125,False,4018,False
8552209002,cannondesign||experiential graphic designer ii,3134,3.76953125,False,4017,False
7810000003,ampsortation||maintenance supervisor,3135,3.76953125,False,4016,False
4657345006,accenturefederalservices||cybersecurity tools administrator,3136,3.76953125,False,4015,False
5198791008,roboforce||data collection operator- ai robotics,3137,3.767578125,False,4020,False
5182512007,"veracyte||intern, ai",3138,3.767578125,False,4019,False
8499362002,dialpad||product and privacy counsel,3139,3.765625,False,4023,False
8053325,onemedical||float phlebotomist / front desk,3140,3.765625,False,4022,False
4696002006,accenturefederalservices||sap vim (vendor invoice management) consultant,3141,3.765625,False,4021,False
8527554002,spacex||payroll analyst,3142,3.763671875,False,4025,False
8071391,weinsteinproperties||maintenance technician - make ready,3143,3.763671875,False,4024,False
R2026070094,tarkett|wd3|tsp_careers||lift truck operator,3144,3.76171875,False,4030,False
7572661,urbancompass||new development sales associate,3145,3.76171875,False,4028,False
5161693007,andurilindustries||electrical engineering lab supervisor,3146,3.76171875,False,4027,False
6115465004,"khealthcareers||overnight | primary care physician (fm/im) | imlc or nj, ct, ma | remote",3147,3.759765625,False,4034,False
4695690006,accenturefederalservices||opentext data migration consultant,3148,3.759765625,False,4033,False
4046811101,davinciderivatives||experienced quant,3149,3.759765625,False,4031,False
5148046007,"scoutmotors||analyst, material & chemical conformity",3150,3.7578125,False,4035,False
8516568002,spacex||apprentice weld support technician,3151,3.755859375,False,4036,False
JR102588,o9solutions|wd5|o9solutionsexternal||associate solution architect-demand planning,3152,3.75390625,False,4040,False
7b75d95c-ddea-4031-add9-80e7b4c33dc5,captivateiq||account executive - enterprise,3153,3.75390625,False,4039,False
4716876005,waymark||general counsel,3154,3.75390625,False,4038,False
4326697009,"nightingalecollege||specialist iii, kit operations",3155,3.75390625,False,4037,False
4715121005,fundraiseup||enterprise account executive,3156,3.751953125,False,4043,False
4713352005,"maravailifesciences||temporary manufacturing associate i, oligo",3157,3.751953125,False,4042,False
4595203006,accenturefederalservices||cyber access planner,3158,3.751953125,False,4041,False
8555569002,spacex||ground network specialist,3159,3.75,False,4046,False
7984077,ripple||proposal specialist,3160,3.75,False,4045,False
6007082004,freshprints||sales development representative,3161,3.75,False,4044,False
WD225396,flextronics|wd1|careers||analyst - gbs procurement,3162,3.748046875,False,4051,False
R013683,sailpoint|wd1|sailpoint||quality management system,3163,3.748046875,False,4050,False
7806902003,cookunity||overnight food safety specialist,3164,3.748046875,False,4049,False
4924873101,"stabilityai||research scientist, professional creative workflows",3165,3.748046875,False,4048,False
48fecc78-bc55-4b8f-bec0-da6e5daea607,strala-ai||auto property damage claims adjuster,3166,3.748046875,False,4047,False
R9269,aspentech|wd5|aspentech||procurement analyst,3167,3.74609375,False,4053,False
8026238,boxinc||large enterprise account executive,3168,3.74609375,False,4052,False
8639251002,spacex||quality inspector (valves) - 2nd shift,3169,3.744140625,False,4056,False
8613948002,"spacex||sourcing specialist, test hardware and equipment",3170,3.744140625,False,4055,False
5181385007,"ians||head of enterprise gtm, mcp",3171,3.744140625,False,4054,False
WD225365,flextronics|wd1|careers||analyst - accounts payable,3172,3.7421875,False,4060,False
R71307,medtronic|wd1|medtroniccareers||strategic sourcing specialist,3173,3.7421875,False,4059,False
JR-202615717,generalmotors|wd5|careers_gm||cost engineer - material cost specialist,3174,3.7421875,False,4058,False
6980100,ardentmc||scrum master,3175,3.7421875,False,4057,False
7738507003,cookunity||warehouse team member,3176,3.740234375,False,4061,False
ff4752ef-4866-4a3a-b40f-8f25f558edb8,strala-ai||subrogation claims adjuster,3177,3.73828125,False,4064,False
6108879004,zyngacareers||concept artist,3178,3.73828125,False,4062,False
WD225041,flextronics|wd1|careers||specialist – logistics,3179,3.736328125,False,4068,False
8623133002,spacex||inventory control clerk,3180,3.736328125,False,4067,False
8617827002,sponsorsforeducationalopportunity||online learning specialist,3181,3.736328125,False,4066,False
8075957,carvana||security systems support specialist,3182,3.736328125,False,4065,False
R10292,soti|wd3|careers||quality assurance specialist 1,3183,3.734375,False,4070,False
5311161008,spsnorthamerica||mailroom associate,3184,3.734375,False,4069,False
7947913,"roblox||law enforcement and digital safety specialist, nevada",3185,3.732421875,False,4072,False
5362496008,zonecompanysoftwareconsultingllc||account executive,3186,3.732421875,False,4071,False
REQ-1000050799,sbdinc|wd1|stanley_black_decker_career_site||general fabricator,3187,3.73046875,False,4074,False
8567163002,"spacex||propulsion technician, raptor chamber and nozzle assembly",3188,3.73046875,False,4073,False
8075710,notexternal||customer support agent role,3189,3.728515625,False,4076,False
6611878003,"a16z||partner 34, communications partner, bio",3190,3.728515625,False,4075,False
7804953003,"affirm||analyst ii, full stack",3191,3.7265625,False,4077,False
R-256775,astrazeneca|wd3|broadbean_external||consultant - sap fico,3192,3.724609375,False,4079,False
8621675002,spacex||propulsion technician - raptor chamber & nozzle assembly & final assembly - 2nd shift,3193,3.72265625,False,4082,False
7171103002,gotion||supplier quality engineer,3194,3.72265625,False,4081,False
4031094009,arcanaanalytics||it support engineer,3195,3.72265625,False,4080,False
7811498003,ampsortation||maintenance mechanic technician,3196,3.71875,False,4083,False
R1558083,iqvia|wd1|iqvia||lab associate,3197,3.716796875,False,4086,False
8390355002,spacex||benefits coordinator,3198,3.716796875,False,4084,False
7918958,carvana||customer care advocate,3199,3.71484375,False,4089,False
5124275007,"zscaler||specialist account executive, zt branch",3200,3.71484375,False,4087,False
4305456009,onenergy||warranty claims coordinator,3201,3.708984375,False,4091,False
8451922002,modernhealth||product security engineer,3202,3.70703125,False,4097,False
8076786,automatticcareers||executive assistant to ceo,3203,3.70703125,False,4096,False
5363819008,archera||enterprise account executive,3204,3.70703125,False,4095,False
4768559101,nice||account executive,3205,3.70703125,False,4094,False
5854606004,"algolia||commercial account executive, dach",3206,3.705078125,False,4098,False
4613649006,"accenturefederalservices||sap otc retail consultant - inventory visibility, store ordering and replenishment analyst",3207,3.703125,False,4100,False
8603155002,aegworldwide||client services specialist ii - theaters and residencies,3208,3.701171875,False,4104,False
8587099002,axs||client services specialist ii - theaters and residencies,3209,3.701171875,False,4103,False
7931396,urbancompass||sales development representative,3210,3.701171875,False,4102,False
5044546007,"scoutmotors||specialist, logistics training coordinator",3211,3.701171875,False,4101,False
8055639,onemedical||medical receptionist,3212,3.69921875,False,4106,False
4912220101,lotusworks||electrical & instrumentation technician - full time internship,3213,3.69921875,False,4105,False
7807628003,"billtrust||vice president, solutions consulting",3214,3.697265625,False,4108,False
4684997006,accenturefederalservices||change management practitioner,3215,3.697265625,False,4107,False
8577643002,spacex||electromagnetic effects engineer,3216,3.6953125,False,4112,False
5184915007,rvi||landscape designer,3217,3.6953125,False,4111,False
4680234008,skhynixamerica||corporate counsel,3218,3.6953125,False,4109,False
8075956,carvana||mid-level automotive parts associate,3219,3.693359375,False,4116,False
8004290,urbancompass||growth marketing operations coordinator,3220,3.693359375,False,4115,False
7918962,greenthumbindustries||production scheduler,3221,3.693359375,False,4114,False
7579841003,cookunity||warehouse associate,3222,3.693359375,False,4113,False
7953986,fanduel||commercial analyst - casino,3223,3.69140625,False,4120,False
6980117,"ardentmc||geospatial scientist, data collection and quality",3224,3.69140625,False,4119,False
5365801008,cooksys||finance/administration specialist,3225,3.69140625,False,4118,False
4587709006,accenturefederalservices||defensive cyber operation analyst,3226,3.69140625,False,4117,False
R2612201,myhrabc|wd5|global||program coordinator,3227,3.6875,False,4128,False
5365823008,cooksys||asset management administrator,3228,3.6875,False,4126,False
5251550008,fiveringsllc||campus recruiter,3229,3.6875,False,4125,False
5124291007,zscaler||specialty sales account executive - data security sled/healthcare,3230,3.6875,False,4124,False
R-10399143,fiserv|wd5|ext||shared services analyst,3231,3.685546875,False,4138,False
JR6154597,rollsroyce|wd3|professional||mechanical design engineer,3232,3.685546875,False,4137,False
8399515002,spacex||it network engineer,3233,3.685546875,False,4136,False
8031265,boxinc||business development representative,3234,3.685546875,False,4133,False
4695154006,accenturefederalservices||workday time tracking consultant - hc hcm,3235,3.685546875,False,4132,False
4693297006,"sharkninjaoperatingllc||marketing specialist, frozen treats",3236,3.685546875,False,4131,False
4690548006,accenturefederalservices||events marketing specialist,3237,3.685546875,False,4130,False
4623720006,accenturefederalservices||sap grant management (gm) functional consultant,3238,3.685546875,False,4129,False
8530506002,spacex||technical recruiter,3239,3.68359375,False,4139,False
8052429,"tubitv||data scientist, growth analytics",3240,3.681640625,False,4143,False
7958711,"boxinc||enterprise account executive, greenfield financial services",3241,3.681640625,False,4142,False
R26_03606,regalrexnord|wd1|careers||quality engineer ii,3242,3.6796875,False,4151,False
8076059,ayahealthcare||locums recruiting associate,3243,3.6796875,False,4150,False
7793176003,"relex||merchandising consultant, pricing and promotions – spanish fluency",3244,3.6796875,False,4148,False
6006495004,"epicgames||game designer, activities",3245,3.6796875,False,4147,False
5140589007,zscaler||security compliance architect,3246,3.6796875,False,4146,False
4691740006,onbe||demand generation specialist,3247,3.6796875,False,4145,False
4280795009,valaratomics||supplier quality engineer,3248,3.6796875,False,4144,False
7687143002,gotion||mechanical equipment technician,3249,3.677734375,False,4153,False
6509422003,paystand||sales development representative,3250,3.677734375,False,4152,False
8567856002,aegworldwide||la kings - head athletic trainer,3251,3.67578125,False,4155,False
5124963007,"zscaler||account executive, strategic accounts",3252,3.67578125,False,4154,False
8077045,greenthumbindustries||production technician,3253,3.673828125,False,4158,False
7996532,"redventures||visual designer, contractor | lonely planet",3254,3.673828125,False,4157,False
5158124008,everdriven||finance analyst,3255,3.673828125,False,4156,False
8621410002,spacex||food services specialist - multiple shifts - level 4/5,3256,3.671875,False,4160,False
7913525,boxinc||sales development representative,3257,3.671875,False,4159,False
7656028002,"alloy||account executive, enterprise",3258,3.669921875,False,4163,False
6104532004,redwoodmaterials||business operations associate,3259,3.669921875,False,4162,False
4170052009,li-thermal-works||field service technician,3260,3.669921875,False,4161,False
8378571002,cannondesign||electrical assessor ii,3261,3.66796875,False,4168,False
7856888,"roblox||data analyst, operations",3262,3.66796875,False,4167,False
6505165003,paystand||account executive,3263,3.66796875,False,4166,False
4687993006,accenturefederalservices||sap receivables management consultant,3264,3.66796875,False,4165,False
4324962009,grvty||cryptologic computer scientist level 1,3265,3.66796875,False,4164,False
8632406002,anaplan||enterprise account executive - tmt,3266,3.666015625,False,4172,False
4930088101,valtech||business analyst,3267,3.666015625,False,4170,False
5170591007,scoutmotors||it infrastructure planning specialist,3268,3.6640625,False,4174,False
8612915002,allinc||maintenance associate,3269,3.662109375,False,4182,False
8059837,wehrtyou||algorithm development (quant research & trading) phd internship – summer 2027,3270,3.662109375,False,4181,False
7783102003,cookunity||maintenance supervisor,3271,3.662109375,False,4180,False
7593636003,"intersystems||veterans affairs account executive, public sector",3272,3.662109375,False,4179,False
6438205,ardentmc||geospatial (gis) business analyst,3273,3.662109375,False,4178,False
5350448008,"anthropic||technical recruiter, security",3274,3.662109375,False,4177,False
4236660009,valaratomics||maintenance technician,3275,3.662109375,False,4176,False
daadd87b-142a-4dbb-8a61-e371fac3c2a7,airdna||strategy & planning analyst,3276,3.66015625,False,4187,False
R72260,medtronic|wd1|medtroniccareers||chemist i,3277,3.66015625,False,4186,False
5160788007,"scoutmotors||engineer, whole vehicle test requirements and validation – body interior",3278,3.66015625,False,4184,False
4715297005,"keenfootwear||cook ii, part-time",3279,3.66015625,False,4183,False
4005204009,arcanaanalytics||portfolio data analyst,3280,3.658203125,False,4188,False
8423849002,spacex||process operator specialist - level 4/5,3281,3.65625,False,4194,False
8042395,urbancompass||chief information security officer,3282,3.65625,False,4193,False
8000380,"zuora||enterprise solution architect - billing, cpq",3283,3.65625,False,4192,False
5191428007,mcadams||survey cad technician,3284,3.65625,False,4191,False
5112546007,ironmountainsolutions||independent verification and validation software analyst,3285,3.65625,False,4190,False
8002983,boxinc||mid-market account executive,3286,3.654296875,False,4198,False
4678552006,accenturefederalservices||information system security officer,3287,3.654296875,False,4197,False
4646658006,instawork||inventory intern,3288,3.654296875,False,4196,False
8550958002,cannondesign||experiential graphic designer ib,3289,3.65234375,False,4202,False
4156686009,guildgaragegroup||garage door - install technician,3290,3.65234375,False,4200,False
8468781002,gotion||hr coordinator,3291,3.650390625,False,4206,False
8456295002,spacex||it network engineer - top secret clearance,3292,3.650390625,False,4205,False
5139668008,fiveringsllc||summer intern 2027 - quantitative trader,3293,3.650390625,False,4204,False
8624292002,alphasense||people business partner,3294,3.6484375,False,4207,False
8626747002,spacex||material flow technician - level 4,3295,3.646484375,False,4217,False
7808402003,smxtech||cyber security engineer,3296,3.646484375,False,4215,False
7586632003,cookunity||fulfillment associate,3297,3.646484375,False,4213,False
5183749007,zscaler||commercial account executive,3298,3.646484375,False,4212,False
5177671007,"inhometherapy||physical therapist, pt",3299,3.646484375,False,4211,False
5174156007,scoutmotors||brand immersion program specialist,3300,3.646484375,False,4210,False
R0129299,hitachi|wd1|hitachi||manufacturing quality assurance professional,3301,3.64453125,False,4220,False
5316511008,"americaninstitutesforresearch||project specialist, tek office",3302,3.64453125,False,4219,False
7963220,"roblox||law enforcement and digital safety specialist, west virginia",3303,3.642578125,False,4221,False
7761373003,smxtech||soc analyst,3304,3.640625,False,4223,False
4695578006,accenturefederalservices||recruiter,3305,3.640625,False,4222,False
4679518006,accenturefederalservices||sap application security specialist,3306,3.638671875,False,4225,False
8629030002,spacex||welder,3307,3.63671875,False,4230,False
5349526008,dlrgroup||architect,3308,3.63671875,False,4229,False
5110108007,"zscaler||head of business value consulting, japan",3309,3.63671875,False,4228,False
4685355006,accenturefederalservices||security access control and alarm technician,3310,3.63671875,False,4227,False
8583707002,"spacex||electrical engineer, facilities infrastructure",3311,3.634765625,False,4231,False
6413393,urbancompass||new development on-site leasing licensed administrator,3312,3.6328125,False,4233,False
5072773007,"scoutmotors||supervisor, logistics supermarket",3313,3.6328125,False,4232,False
8077384,"carvana||automotive technician - 1st shift $4,000-$6,000 bonus",3314,3.630859375,False,4240,False
8075955,"carvana||associate administrator, safe and secure technology",3315,3.630859375,False,4238,False
6980102,"ardentmc||geospatial scientist, data publishing and cataloging",3316,3.630859375,False,4236,False
4663557007,shapercapital||shaper portfolio sales & go-to-market talent community,3317,3.630859375,False,4235,False
8415124002,spacex||supply chain engineer,3318,3.62890625,False,4244,False
8075580,carvana||auto body paint prepper,3319,3.62890625,False,4243,False
5236467008,fambrands||technical designer,3320,3.62890625,False,4242,False
4865529101,"nice||specialist business consultant, actimize",3321,3.62890625,False,4241,False
R1557180,"iqvia|wd1|iqvia||scientist, lab operations",3322,3.626953125,False,4248,False
8617074002,"spacex||supervisor, materials management - 2nd shift",3323,3.626953125,False,4247,False
8614436002,spacex||equipment safety engineer,3324,3.626953125,False,4246,False
7810007003,strategichr||edi supervisor,3325,3.625,False,4249,False
8549512002,cannondesign||coordinator i,3326,3.623046875,False,4252,False
4692034006,accenturefederalservices||cleared instructional training consultant,3327,3.623046875,False,4251,False
4661622006,sharkninjaoperatingllc||marketing specialist - amazon us,3328,3.623046875,False,4250,False
8516545002,spacex||weld support technician,3329,3.62109375,False,4259,False
7804629003,freedomcare||field care specialist i,3330,3.62109375,False,4258,False
7776522003,cookunity||food safety supervisor,3331,3.62109375,False,4257,False
6522736,datadog||strategic account executive,3332,3.62109375,False,4255,False
5755336004,vailclinicincdbavailhealthhospital||surgical technologist,3333,3.62109375,False,4253,False
8540412002,aegworldwide||creative marketing design specialist,3334,3.619140625,False,4263,False
5046298008,fiveringsllc||experienced/lateral - quantitative researcher,3335,3.619140625,False,4262,False
4695705006,accenturefederalservices||sap application security consultant,3336,3.619140625,False,4261,False
4716819005,infuse||presentation designer,3337,3.6171875,False,4268,False
4681256006,accenturefederalservices||sap planning consultant,3338,3.6171875,False,4264,False
7819766,ardentmc||imagery analyst,3339,3.615234375,False,4274,False
7586013,boxinc||ai content creator & social strategist,3340,3.615234375,False,4273,False
7509860003,cookunity||maintenance team member,3341,3.615234375,False,4271,False
5101421007,veracyte||bioinformatics research scientist ii,3342,3.611328125,False,4276,False
8641906002,allcareers||front desk and operations administrator,3343,3.609375,False,4282,False
4932846101,"polyai||founding account executive, mid market",3344,3.609375,False,4281,False
4284501009,vianttechnology||advertising operations coordinator - temp,3345,3.609375,False,4279,False
4118102009,woolpert||electrical engineer,3346,3.609375,False,4278,False
8601783002,"spacex||av administrator, events & experiences",3347,3.607421875,False,4287,False
6112463004,googlefiber||hr application engineer,3348,3.607421875,False,4286,False
5090869007,veracyte||scientist i,3349,3.607421875,False,4285,False
4717122005,mastercontrol||chief information security officer,3350,3.607421875,False,4284,False
4710192005,lisc||program officer (po) – wealth building and workforce development,3351,3.607421875,False,4283,False
JR00040947,abb|wd3|external_career_page||sales specialist - plc & automation,3352,3.60546875,False,4288,False
4666963006,accenturefederalservices||solution advisor - anatomic pathology,3353,3.603515625,False,4289,False
5217923008,swiftsolar||equipment technician | night shift,3354,3.6015625,False,4291,False
4667228006,accenturefederalservices||government security personnel analyst,3355,3.6015625,False,4290,False
4713355005,"maravailifesciences||manufacturing associate i, oligo",3356,3.599609375,False,4293,False
7993042,boxinc||associate technical consultant,3357,3.59765625,False,4297,False
7985785,urbancompass||account executive,3358,3.59765625,False,4296,False
5120697008,ambiententerprises||service technician - mih ohio,3359,3.59765625,False,4295,False
8624498002,spacex||instrumentation & controls technician - 2nd shift,3360,3.595703125,False,4299,False
5172043007,urpt||growth & development team assistant,3361,3.59375,False,4300,False
7960383,"boxinc||large enterprise account executive, financial services",3362,3.591796875,False,4302,False
5364771008,phizenix||asic design engineer,3363,3.591796875,False,4301,False
5181682007,"scoutmotors||feature partner – range extender (reev), specialist",3364,3.58984375,False,4303,False
8619984002,spacex||international infrastructure operations specialist,3365,3.587890625,False,4306,False
4677071006,accenturefederalservices||security transformation practitioner,3366,3.5859375,False,4307,False
7784391003,celonis||associate value engineering - orbit india,3367,3.583984375,False,4309,False
7628843003,cookunity||kitchen technician,3368,3.580078125,False,4313,False
4716871005,place||financial analyst,3369,3.580078125,False,4312,False
R26_0000001992,bbinsurance|wd1|careers||operations support coordinator,3370,3.578125,False,4318,False
8455876002,"spacex||structural welder, ground support equipment - night shift",3371,3.578125,False,4316,False
8049852,carvana||vehicle inspector,3372,3.578125,False,4315,False
6117584004,"veterinaryemergencygroupst||customer experience coordinator - h street, washington, d.c.",3373,3.576171875,False,4320,False
R11997,suddath|wd5|nxtpoint||office administrator,3374,3.57421875,False,4325,False
8455124002,spacex||structural welder,3375,3.57421875,False,4324,False
7811724003,ridgeline||investment operations analyst - trade support,3376,3.57421875,False,4323,False
5191759007,"verkada||fulfillment specialist, tampa",3377,3.57421875,False,4322,False
8579719002,spacex||mechanical superintendent,3378,3.572265625,False,4329,False
8488362002,"spacex||construction superintendent, residential",3379,3.572265625,False,4328,False
6121622004,pathward||intern,3380,3.572265625,False,4326,False
R-423028,humana|wd5|humana_external_career_site||compensation professional,3381,3.5703125,False,4333,False
8073626,greenthumbindustries||process engineer - extraction,3382,3.5703125,False,4332,False
4273859009,mxtechnologiesinc||content strategist,3383,3.5703125,False,4330,False
8039659,equipmentsharecom||telematics installer,3384,3.568359375,False,4335,False
4716418005,beyond||business development representative,3385,3.568359375,False,4334,False
8586495002,axiscompany||mechanical engineer levels 2,3386,3.56640625,False,4342,False
8049241,equipmentsharecom||low voltage technician,3387,3.56640625,False,4341,False
4622045006,accenturefederalservices||sap business planning & consolidation consultant,3388,3.56640625,False,4338,False
8403132002,"spacex||electrical engineer, sensors",3389,3.564453125,False,4344,False
8625626002,spacex||avionics integration & test engineer,3390,3.5625,False,4349,False
8379501002,spacex||mixologist,3391,3.5625,False,4347,False
8013228,"redventures||book designer, trade publishing | lonely planet",3392,3.5625,False,4346,False
5364750008,dlrgroup||laboratory planner,3393,3.5625,False,4345,False
R-248005,amgen|wd1|careers||encryption agility team architect,3394,3.560546875,False,4352,False
8569964002,cannondesign||electrical assessor iii,3395,3.560546875,False,4351,False
4005332009,arcanaanalytics||analyst,3396,3.560546875,False,4350,False
7869625,hubspotjobs||head of performance partnerships,3397,3.55859375,False,4354,False
4689386006,accenturefederalservices||marketing technologist,3398,3.55859375,False,4353,False
8049973,"carvana||experienced auto painter (2nd shift) - $6,000 bonus",3399,3.556640625,False,4355,False
JR102935,djeholdings|wd5|edelman-careers-e200||temporary experience designer,3400,3.5546875,False,4357,False
JR00039688,abb|wd3|external_career_page||process solution and data architect - treasury,3401,3.5546875,False,4356,False
8060518002,centriaautism||clinical apprentice - bcba fieldwork program,3402,3.548828125,False,4362,False
8047672,onemedical||float phlebotomist/administrative assistant,3403,3.548828125,False,4361,False
7638730,zuora||sales development representative,3404,3.548828125,False,4360,False
7892945002,gotion||customer audit engineer,3405,3.546875,False,4366,False
5832672004,submittable||enterprise account executive,3406,3.546875,False,4365,False
4234579009,loganpremiumlogistics||carrier sales agent,3407,3.546875,False,4364,False
8075707,bpcs||korean customer support agent,3408,3.544921875,False,4369,False
8075660,carvana||auto mechanic tech - diagnostics - 1st shift (monday to friday) bonus $4k (b-level) $6k,3409,3.544921875,False,4368,False
8060700,equipmentsharecom||service writer,3410,3.544921875,False,4367,False
7763658002,anaplan||enterprise account executive - retail,3411,3.54296875,False,4372,False
5114488007,"atwellgroup||proposal marketing associate, remote, west coast",3412,3.54296875,False,4371,False
4303328009,mxtechnologiesinc||account executive - fintech,3413,3.54296875,False,4370,False
8476089002,"spacex||account specialist, starlink enterprise account management",3414,3.541015625,False,4376,False
4691250006,accenturefederalservices||a&a specialist,3415,3.541015625,False,4374,False
JR101953,nabancard|wd1|nab||client services representative,3416,3.5390625,False,4379,False
8420461002,"spacex||hardware development engineer, failure analysis",3417,3.5390625,False,4378,False
7735828003,cookunity||quality control supervisor,3418,3.5390625,False,4377,False
5181857007,scoutmotors||customer solutions guide,3419,3.537109375,False,4381,False
8639486002,dialpad||partner marketing coordinator,3420,3.53515625,False,4384,False
8073100,boxinc||commercial account executive,3421,3.53515625,False,4383,False
5789855004,monks||unisys os 2200 infrastructure support specialist,3422,3.53515625,False,4382,False
R5046239,gevernova|wd5|only_confidential_executive_recruiting||ser - site supervisor,3423,3.53125,False,4387,False
8022890,"carvana||automotive mechanic – high-volume shop with $4,000+ bonus",3424,3.53125,False,4386,False
5224232008,trueclassicteesllc||creative strategist,3425,3.53125,False,4385,False
8075035,stackexchange||sales development representative,3426,3.529296875,False,4389,False
8029180,boxinc||enterprise account executive,3427,3.529296875,False,4388,False
89e8c629-36d6-48a3-9b64-0a48d290f36c,acorns||data analyst i,3428,3.52734375,False,4396,False
8636993002,vixxo||hvac trade specialist,3429,3.52734375,False,4395,False
8075592,carvana||auto body airbrush technician,3430,3.52734375,False,4394,False
8074903,equipmentsharecom||heavy equipment field technician,3431,3.52734375,False,4393,False
7810249003,tinginternet||outside plant technician,3432,3.52734375,False,4392,False
7808538003,remotetcx||outside plant technician,3433,3.52734375,False,4391,False
7993168,carvana||experienced auto mechanic tech- 1st shift,3434,3.525390625,False,4399,False
8009949,onemedical||part time medical assistant,3435,3.5234375,False,4405,False
7997981,urbancompass||transaction coordinator,3436,3.5234375,False,4403,False
5344003008,inspiraeducation||law school admissions consultant,3437,3.5234375,False,4401,False
R-10399007,fiserv|wd5|ext||business operations analyst - sla reporting,3438,3.521484375,False,4411,False
8436445002,spacex||elevator mechanic - level 4/5,3439,3.521484375,False,4410,False
4284497009,vianttechnology||advertising operations coordinator,3440,3.521484375,False,4408,False
R-138693,ferguson|wd1|ferguson_experienced||hr technology analyst,3441,3.51953125,False,4414,False
4692666006,accenturefederalservices||sap car data transfer and audit consultant,3442,3.517578125,False,4415,False
5223864008,apexcompanies||industrial hygienist,3443,3.515625,False,4418,False
8626775002,sponsorsforeducationalopportunity||10-11th grade ela associate instructor,3444,3.513671875,False,4423,False
5361400008,magnolia||warehouse - warehouse associate,3445,3.513671875,False,4421,False
5151908007,"scoutmotors||specialist, parts planning",3446,3.513671875,False,4420,False
REQ-844,verily|wd1|verily_careers||clinical informatics data architect,3447,3.509765625,False,4426,False
R0095203,sandvik|wd3|sandvik-jobs||data scientist,3448,3.509765625,False,4425,False
4695617006,accenturefederalservices||vulnerability assessment analyst,3449,3.509765625,False,4424,False
8580488002,veterinarypracticepartners||veterinarian,3450,3.5078125,False,4428,False
7579809003,cookunity||logistics team member,3451,3.5078125,False,4427,False
8629078002,honor||business development advisor,3452,3.505859375,False,4433,False
6118950004,vailclinicincdbavailhealthhospital||surgical technologist - seasonal,3453,3.505859375,False,4430,False
4995538007,"scoutmotors||analyst, purchasing project steering",3454,3.505859375,False,4429,False
8549216002,"spacex||pcb designer, avionics",3455,3.50390625,False,4435,False
7799415003,smxtech||knowledge systems integrator,3456,3.50390625,False,4434,False
4254831009,comstock||barista,3457,3.501953125,False,4437,False
JR-0063769,wework|wd1|wework||analytics engineer,3458,3.5,False,4440,False
8400817002,"spacex||electrician, medium voltage",3459,3.5,False,4439,False
8553703002,spacex||hospitality specialist,3460,3.498046875,False,4444,False
8050527,zuora||customer solutions engineer – payments,3461,3.498046875,False,4442,False
7782560003,neuralink||construction superintendent,3462,3.498046875,False,4441,False
8409072002,spacex||cnc maintenance technician (starship components) - 2nd shift,3463,3.49609375,False,4446,False
7573864003,cookunity||marketplace associate,3464,3.49609375,False,4445,False
8594523002,spacex||comsec analyst,3465,3.4921875,False,4450,False
5167256007,"scoutmotors||specialist, pre series management",3466,3.4921875,False,4449,False
7528402003,parsebiosciences||general application for future consideration,3467,3.490234375,False,4451,False
8638121002,sponsorsforeducationalopportunity||10th grade scholars advisor,3468,3.48828125,False,4452,False
c38407db-8cf5-4698-9ba4-68bedf01d684,clipboard||account executive,3469,3.484375,False,4454,False
5992006004,redwoodmaterials||logistics analyst,3470,3.484375,False,4453,False
ae709554-e52e-4d12-b5ba-eae6fa94c481,"dnb||analyst ii, data science",3471,3.48046875,False,4459,False
8068521,stripe||head of self-serve paid media,3472,3.48046875,False,4458,False
7872299,"zuora||enterprise account executive, expand",3473,3.48046875,False,4455,False
8633045002,"wpp||technology risk & controls analyst, et & corporate",3474,3.478515625,False,4463,False
8055933,fanduel||ux researcher,3475,3.478515625,False,4460,False
4305859009,"arcanaanalytics||vice president, analysts & client support",3476,3.4765625,False,4466,False
4296180009,valaratomics||instrumentation & controls technician,3477,3.4765625,False,4465,False
8634179002,suvoda||associate global study coordinator,3478,3.47265625,False,4471,False
5301144008,strongpointpartners||retirement plan consultant,3479,3.47265625,False,4470,False
JR00041839,abb|wd3|external_career_page||project planning & control specialist,3480,3.470703125,False,4472,False
R0016290,astreya|wd5|life-at-astreya-opportunities||it infrastructure installation services ii,3481,3.46875,False,4476,False
8622863002,sponsorsforeducationalopportunity||executive and program assistant,3482,3.46875,False,4475,False
6022313004,amarok||field service technician,3483,3.46875,False,4474,False
8642702002,thesciongroupllc||maintenance technician,3484,3.466796875,False,4480,False
8626902002,sponsorsforeducationalopportunity||10-11th grade advisory instructor,3485,3.466796875,False,4479,False
8076838,urbancompass||front desk administrator,3486,3.466796875,False,4478,False
8076683,"convene||av technician, live events",3487,3.466796875,False,4477,False
4093274009,loganpremiumlogistics||customer sales representative,3488,3.46484375,False,4481,False
8609318002,addepar1||alternatives data operations analyst,3489,3.462890625,False,4486,False
4716570005,globalhealthcareexchangeinc||project coordinator,3490,3.462890625,False,4485,False
R87743,spartannash|wd1|spartannash_careers||cookie/sweet packaging,3491,3.4609375,False,4490,False
8072224,onemedical||practice coordinator,3492,3.4609375,False,4489,False
4716195005,maravailifesciences||qa operations specialist ii,3493,3.4609375,False,4487,False
7662491003,"commerceiq||customer success specialist, advertising",3494,3.458984375,False,4491,False
8077362,"carvana||experienced automotive technician - 1st shift $4,000-$6,000 bonus",3495,3.45703125,False,4493,False
8068833,boxinc||business systems analyst iii,3496,3.45703125,False,4492,False
RQ111749,bpinternational|wd3|bpcareers||customer quality advisor - castrol,3497,3.451171875,False,4497,False
6117093004,vailclinicincdbavailhealthhospital||maintenance specialist,3498,3.451171875,False,4496,False
5362884008,csciconsulting||data integration & interface analyst,3499,3.451171875,False,4495,False
4745963007,shapercapital||venture builder-in-residence,3500,3.451171875,False,4494,False
8614142002,cortica||operations administrator,3501,3.44921875,False,4498,False
8076891,"carvana||experienced auto body repair technician (2nd shift) - $4,000 bonus",3502,3.447265625,False,4500,False
4313688009,serhant||licensing speciaist,3503,3.447265625,False,4499,False
7810448003,freedomcare||caregiver support specialist,3504,3.4453125,False,4503,False
7782382,"boxinc||enterprise account executive, financial services",3505,3.4453125,False,4502,False
4644674006,accenturefederalservices||identity and access management (iam) sme,3506,3.4453125,False,4501,False
8628973002,tecovas||sales associate - green hills,3507,3.443359375,False,4507,False
5286986008,arizonaliverhealth||ar process strategist,3508,3.443359375,False,4506,False
5183361007,scoutmotors||communications operations specialist,3509,3.443359375,False,4505,False
4318464009,fanaticsfbg||business development representative,3510,3.443359375,False,4504,False
8054531,onemedical||certified medical assistant,3511,3.44140625,False,4508,False
8642007002,trexsolutions||sharepoint engineer,3512,3.439453125,False,4513,False
8075475,hydritechemicalco||warehouse operator - 1st shift,3513,3.439453125,False,4512,False
8071780,"toast||territory account executive, smb",3514,3.439453125,False,4511,False
5364865008,raptortechnologies||installation technician,3515,3.4375,False,4516,False
5226372008,scopely||data analyst,3516,3.4375,False,4515,False
5007261007,xai||security engineer - governance risk compliance,3517,3.4375,False,4514,False
7966785,mongodb||renewals specialist,3518,3.435546875,False,4517,False
5252699008,trueclassicteesllc||part time sales associate,3519,3.43359375,False,4518,False
8622428002,suvoda||sales development representive,3520,3.431640625,False,4523,False
7810313003,grayscaleinvestments||cybersecurity engineer,3521,3.431640625,False,4522,False
6108122004,"vailclinicincdbavailhealthhospital||inventory specialist, float",3522,3.431640625,False,4521,False
4697777006,accenturefederalservices||sap retail pricing & promotions pos consultant,3523,3.431640625,False,4520,False
4140571009,mxtechnologiesinc||enterprise account executive,3524,3.431640625,False,4519,False
7811783003,memic||business analyst,3525,3.4296875,False,4525,False
5363291008,thatch||event marketing associate,3526,3.4296875,False,4524,False
8075649,equipmentsharecom||parts service sales representative,3527,3.42578125,False,4529,False
4b169a40-3c13-4866-b3bf-64e0635c3b83,absorblms||zuora system specialist,3528,3.42578125,False,4528,False
8641635002,veterinarypracticepartners||veterinary technician,3529,3.423828125,False,4532,False
6119915004,veterinaryemergencygroupst||customer experience coordinator,3530,3.423828125,False,4531,False
R25_05746,regalrexnord|wd1|careers||manufacturing engineering technician,3531,3.421875,False,4535,False
4933724101,prolific||human data quality engineer,3532,3.419921875,False,4538,False
913f872d-ad0f-4258-80ee-5adbdcb749ee,pano-ai||head of public sector sales,3533,3.416015625,False,4541,False
5360932008,simpluris||disbursement analyst,3534,3.416015625,False,4540,False
6005845004,"vikingglobalinvestors||execution research fellow, summer / fall 2026",3535,3.4140625,False,4543,False
5980209004,"vailclinicincdbavailhealthhospital||care tech, shaw radiation oncology",3536,3.4140625,False,4542,False
8420958002,"spacex||hardware test specialist, failure analysis",3537,3.412109375,False,4546,False
5173105007,scoutmotors||robot specialist,3538,3.412109375,False,4545,False
37182dcc-a23b-4ad9-a9e6-4489ad4a5073,smiledigitalhealth||account executive- remote us,3539,3.408203125,False,4547,False
8641638002,toropark||veterinary technician,3540,3.40625,False,4554,False
8531855002,"spacex||harnessing engineering specialist, satellites",3541,3.40625,False,4553,False
8425867002,spacex||treasury analyst,3542,3.40625,False,4552,False
8069479,mongodb||financial analyst,3543,3.40625,False,4551,False
6119955004,freshprints||underwriting specialist,3544,3.40625,False,4550,False
6105387004,vailclinicincdbavailhealthhospital||project superintendent,3545,3.40625,False,4549,False
4326130009,grvty||target digital network analyst 1,3546,3.40625,False,4548,False
R0026354,elanco|wd5|external_career||patent agent,3547,3.404296875,False,4555,False
7681972003,cookunity||onboarding coordinator,3548,3.40234375,False,4556,False
JR040968,ms|wd5|private||intern,3549,3.400390625,False,4559,False
8558191002,spacex||hospitality supervisor,3550,3.400390625,False,4558,False
4d57741e-a8cb-4470-a02d-26aab9569785,pattern||junior digital marketing analyst,3551,3.400390625,False,4557,False
R9184,onedigital|wd5|onedigital||claims and implementation specialist - remote,3552,3.3984375,False,4564,False
8642792002,rebag||client advisor - wtc,3553,3.3984375,False,4563,False
8432323002,spacex||environmental health & safety technician,3554,3.3984375,False,4562,False
7980606,mongodb||payroll tax analyst,3555,3.3984375,False,4561,False
7421414,zuora||hris analyst - technical consultant workday,3556,3.3984375,False,4560,False
7810388003,breezeairways||airport agent,3557,3.396484375,False,4565,False
8641143002,tecovas||sales associate,3558,3.39453125,False,4567,False
5058962008,flip||recruiting coordinator,3559,3.39453125,False,4566,False
JR105756,corrohealth|wd1|corro||profee coding quality specialist,3560,3.392578125,False,4570,False
6031056004,epicgamesfrench||chef d'équipe de la sous-traitance en modélisation,3561,3.392578125,False,4569,False
5148698007,"veracyte||system administrator, lab operation support",3562,3.392578125,False,4568,False
4086779009,coolwillys||dispatch,3563,3.390625,False,4571,False
4087170007,"verkada||sales development representative (aae), salt lake city",3564,3.388671875,False,4573,False
5191073007,harborglobal||data quality professional,3565,3.38671875,False,4575,False
5059366007,"scoutmotors||technical specialist, test vehicle management",3566,3.38671875,False,4574,False
6121612004,vailclinicincdbavailhealthhospital||nursing supervisor - prn,3567,3.3828125,False,4579,False
5755320004,vailclinicincdbavailhealthhospital||surgical tech,3568,3.3828125,False,4578,False
4115379009,valaratomics||cfd analyst,3569,3.3828125,False,4577,False
a346ad02-b583-4c3f-bf57-31b171f39896,optro||enterprise account executive,3570,3.380859375,False,4581,False
R26-5068,rockwellautomation|wd1|external_rockwell_automation||maintenance technician - 2nd shift,3571,3.37890625,False,4585,False
7974905,smartsheet||technical support specialist - core apps,3572,3.37890625,False,4584,False
5365598008,vscfiresecurityinc||fire sprinkler designer ll,3573,3.37890625,False,4583,False
5135044007,"scoutmotors||specialist, container management",3574,3.37890625,False,4582,False
7698011,relaypro||vice president of financial planning and analysis,3575,3.376953125,False,4589,False
7689134003,higherlogic||contract specialist,3576,3.376953125,False,4588,False
4699153007,ascendhealthcare||it service technician,3577,3.376953125,False,4586,False
7980770,boxinc||legal counsel,3578,3.375,False,4591,False
2c7cc967-f5fc-4147-8c20-17916ea9f504,clickup||100x marketer - chief marketing officer,3579,3.373046875,False,4592,False
7811504003,ampsortation||heavy equipment operator,3580,3.369140625,False,4593,False
8584666002,spacex||food services specialist - temporary,3581,3.365234375,False,4597,False
7939983,"nuro||autonomous vehicle operator, santa clara",3582,3.365234375,False,4596,False
8642758002,capitalontap||collections officer - midnights team,3583,3.36328125,False,4601,False
8013287,mongodb||enablement delivery specialist,3584,3.36328125,False,4600,False
5189629007,scoutmotors||analyst transportation planning,3585,3.36328125,False,4599,False
4688175006,accenturefederalservices||contract special security officer,3586,3.36328125,False,4598,False
7994509,urbancompass||enterprise account executive,3587,3.361328125,False,4603,False
5365552008,spsnorthamerica||facilities associate,3588,3.361328125,False,4602,False
R26795,nouria|wd1|nec||powerwasher/painter,3589,3.359375,False,4606,False
R019214,admiralbeverage|wd5|external||demand planning coordinator,3590,3.359375,False,4605,False
4875901101,modoenergy||account executive,3591,3.359375,False,4604,False
8586528002,spacex||electromagnetic effectstest engineer,3592,3.357421875,False,4608,False
4697235006,accenturefederalservices||cybersecurity incident response triage ir analyst,3593,3.357421875,False,4607,False
8642072002,allcareers||behavioral therapist,3594,3.35546875,False,4610,False
7868773,ardentmc||security operations center analyst,3595,3.35546875,False,4609,False
8076826,greenthumbindustries||flower technician,3596,3.353515625,False,4611,False
8054166,roku||sales development representative,3597,3.349609375,False,4613,False
5183464007,"scoutmotors||garage e/e technician, specialist",3598,3.34765625,False,4614,False
ac23b101-7664-4ba4-a70e-71cd13020d6d,vanta||people operations specialist,3599,3.345703125,False,4615,False
4919552007,homemarketfoods||maintenance mechanic ii - 1st shift plus $5000 bonus,3600,3.34375,False,4617,False
4698702006,ennoblecare||community liaison,3601,3.34375,False,4616,False
8611037002,aegworldwide||human resources coordinator - temp,3602,3.341796875,False,4618,False
a625ca50-a673-4c54-bfa2-f6edb6111f32,pennylane||expert support technique h/f,3603,3.33984375,False,4621,False
8621275002,spacex||electrical engineer - instrumentation and controls,3604,3.33984375,False,4620,False
7783083003,cookunity||menu planning analyst,3605,3.33984375,False,4619,False
4324959009,oura||paid search specialist,3606,3.337890625,False,4622,False
R-180095,republic|wd5|republic||diesel technician,3607,3.3359375,False,4624,False
8622749002,spacex||comsec responsible officer,3608,3.333984375,False,4626,False
4698274006,vegaamericas||instructional content specialist,3609,3.333984375,False,4625,False
8513671002,spacex||sourcing specialist,3610,3.33203125,False,4628,False
b12862cb-eab8-4e19-b45a-dddf5da198f3,"xsolla||analyst, capital markets intelligence and crm",3611,3.330078125,False,4630,False
8548138002,gotion||hr business partner/employee relations specialist,3612,3.330078125,False,4629,False
8628397002,spacex||equipment operator,3613,3.326171875,False,4635,False
7528108003,cookunity||food safety specialist,3614,3.326171875,False,4632,False
5191220007,"bluelabsanalyticsinc||enterprise sales, public affairs practice",3615,3.326171875,False,4631,False
5365553008,croihealth||hospice house chaplain,3616,3.32421875,False,4636,False
8065500,doordashindia||real time analyst supervisor,3617,3.3203125,False,4639,False
7783938003,cookunity||b2b - customer support specialist,3618,3.3203125,False,4638,False
5138676007,scoutmotors||document control specialist,3619,3.3203125,False,4637,False
4687378006,visiersolutionsinc||account executive,3620,3.318359375,False,4640,False
8438476002,spacex||technical satellite policy analyst,3621,3.31640625,False,4642,False
5365841008,unitedveincenters||medical receptionist,3622,3.31640625,False,4641,False
7815302,tripactions||business travel consultant ii,3623,3.314453125,False,4643,False
7802727003,otterbein||maintenance tech,3624,3.3125,False,4644,False
7809985003,otterbein||culinary aide- part-time,3625,3.30859375,False,4647,False
7793266,relaypro||customer success specialist ii- hospitality,3626,3.30859375,False,4646,False
4105433009,valaratomics||health physicist,3627,3.30859375,False,4645,False
7943771,"nuro||autonomous vehicle operator, south san francisco",3628,3.306640625,False,4649,False
7615794,mongodb||associate commercial growth account executive,3629,3.306640625,False,4648,False
R0132455,hitachi|wd1|hitachi||treasury analyst,3630,3.3046875,False,4651,False
7546057003,breezeairways||crew scheduler,3631,3.3046875,False,4650,False
R606936,circlek|wd3|circlekstorejobs||customer service representative,3632,3.302734375,False,4655,False
8612130002,"spacex||supervisor, security protective operations center",3633,3.302734375,False,4654,False
5224535008,"vaxcyte||associcate scientist ii (contract), drug product analytics",3634,3.302734375,False,4653,False
5190659007,scoutmotors||lineside specialist,3635,3.302734375,False,4652,False
8026424,taskrabbit||partner onboarding specialist,3636,3.30078125,False,4658,False
5755327004,vailclinicincdbavailhealthhospital||operating room technician,3637,3.30078125,False,4657,False
5172213007,veracyte||genomic specialist,3638,3.30078125,False,4656,False
37400eba-34ce-4b53-98a9-3be802c279c3,aisle||head of marketing,3639,3.298828125,False,4659,False
8458702002,gotion||customs clearance specialist,3640,3.296875,False,4661,False
5132316008,"wppmedia||vice president, entertainment & sports",3641,3.296875,False,4660,False
7922914,urbancompass||recruiter,3642,3.294921875,False,4664,False
6117651004,"stokespacetechnologies||environmental, health, safety (ehs) specialist",3643,3.294921875,False,4663,False
4254956009,headlandsresearch||medical assistant - research assistant,3644,3.294921875,False,4662,False
7913056,toast||head of people technology,3645,3.29296875,False,4667,False
5364632008,wecommunications||receptionist,3646,3.29296875,False,4666,False
4615496006,accenturefederalservices||information systems security officer,3647,3.29296875,False,4665,False
8565314002,"alphasense||mid-market account executive, corporate",3648,3.291015625,False,4669,False
8633271002,"spacex||regulatory analyst, starlink",3649,3.2890625,False,4670,False
7810265003,"teachforall||ai specialist, global institute",3650,3.287109375,False,4673,False
7796431003,sezzle||it operations analyst,3651,3.287109375,False,4672,False
5190185007,energysolutions||helpdesk technician ii,3652,3.287109375,False,4671,False
4712005005,effectiveschoolsolutions||part-time strategic implementation advisor,3653,3.28515625,False,4674,False
5722026004,acuitymd||enterprise account executive,3654,3.28125,False,4675,False
R-10399139,"fiserv|wd5|ext||quality assurance, reporting & operations analyst",3655,3.279296875,False,4679,False
8605587002,cannondesign||office administrator,3656,3.279296875,False,4678,False
7792650003,shopltk||integrations specialist,3657,3.279296875,False,4676,False
R178373,ryder|wd5|rydercareers||sourcing & supply analyst - remote,3658,3.27734375,False,4683,False
7928914,toast||capital underwriting specialist ii,3659,3.27734375,False,4682,False
5844582004,monks||unisys os 2200 application support specialist,3660,3.27734375,False,4681,False
4254906009,headlandsresearch||phlebotomist - clinical research assistant,3661,3.27734375,False,4680,False
8642046002,thesciongroupllc||it support specialist - i,3662,3.275390625,False,4685,False
R103192,duboischemicals|wd1|external||technical service representative,3663,3.2734375,False,4688,False
8635665002,spacex||security concierge,3664,3.2734375,False,4686,False
5170130007,"scoutmotors||specialist, customs",3665,3.271484375,False,4690,False
5065266007,verkada||enterprise account executive,3666,3.271484375,False,4689,False
8627145002,sponsorsforeducationalopportunity||10-11th grade math instructor,3667,3.26953125,False,4693,False
6001532004,vailclinicincdbavailhealthhospital||radiology technologist - flex,3668,3.26953125,False,4692,False
5830995004,"billcom||enterprise account executive, supplier growth",3669,3.26953125,False,4691,False
R186843,maersk|wd3|maersk_careers||customer experience associate,3670,3.267578125,False,4697,False
6118869004,kimballequipmentcompany||parts delivery/warehouse specialist,3671,3.267578125,False,4696,False
6099877004,epicgamesfrench||artiste technique,3672,3.267578125,False,4695,False
6004776004,epicgamesfrench||programmeur sénior en interface utilisateur,3673,3.267578125,False,4694,False
8075640,carvana||experienced auto body repair technician,3674,3.265625,False,4699,False
8027383,carvana||dealership attendant,3675,3.263671875,False,4700,False
5188690007,veracyte||specimen processor,3676,3.259765625,False,4703,False
7997545,"stripe||global filing specialist, tax",3677,3.2578125,False,4708,False
7843793,"reformation||sales supervisor, full-time - boston",3678,3.2578125,False,4707,False
6120016004,hopscotchprimarycare||nurse practitioner,3679,3.2578125,False,4706,False
4251468009,vianttechnology||account executive,3680,3.2578125,False,4705,False
8525400002,spacex||security analyst,3681,3.255859375,False,4711,False
8029272,"upstart||head of lifecycle marketing, core products",3682,3.255859375,False,4710,False
4924102101,modoenergy||market analyst,3683,3.255859375,False,4709,False
8293362002,gotion||general counsel,3684,3.25390625,False,4713,False
5355987008,americaninstitutesforresearch||medicaid and prescription drug data analyst,3685,3.25390625,False,4712,False
4347847007,tubescience52||analyst,3686,3.251953125,False,4716,False
JR-202614296,generalmotors|wd5|careers_gm||mechanical journeyperson (toolmaker) - flint naetc,3687,3.248046875,False,4718,False
6119183004,natera||medical science liaison,3688,3.24609375,False,4721,False
5185718007,veracyte||clinical lab scientist (contract) - 2nd shift,3689,3.24609375,False,4720,False
5155520008,mcs||budtender - retail associate,3690,3.24609375,False,4719,False
RQ113670,bpinternational|wd3|bpcareers||gbs crm process analyst accelerator,3691,3.244140625,False,4723,False
8076876,"carvana||hiring now! auto body combo technician - $6,000 bonus",3692,3.244140625,False,4722,False
JR1433,bullhorn|wd1|bullhorncareers||strategic consultant,3693,3.2421875,False,4725,False
8578097002,spacex||candidate specialist,3694,3.2421875,False,4724,False
5160726007,scoutmotors||corporate paralegal,3695,3.23828125,False,4726,False
JR37371,dyson|wd3|dyson_careers||dyson expert - swansea morfa curry's,3696,3.236328125,False,4727,False
8593206002,allcareers||behavioral technician,3697,3.234375,False,4729,False
8076878,renttherunway||corporate paralegal,3698,3.234375,False,4728,False
JR36356,dyson|wd3|dyson_careers||friseur.in/hair stylist.in,3699,3.232421875,False,4734,False
5364394008,spsnorthamerica||client service associate,3700,3.232421875,False,4732,False
4205046009,"headlandsresearch||physician, md/do - clinical research",3701,3.232421875,False,4730,False
6119837004,authenticbrandsgroup||temporary it support specialist,3702,3.23046875,False,4738,False
5295829002,insightrx||clinical applications specialist,3703,3.23046875,False,4737,False
4274546009,industrialelectricmanufacturing||field service technician level iii,3704,3.23046875,False,4736,False
1294e2ed-b0ac-45d1-bc05-4e755eddcc4f,elementsolutions||it support and systems intern,3705,3.23046875,False,4735,False
R1550234,iqvia|wd1|iqvia||scientist,3706,3.228515625,False,4741,False
7295176,ardentmc||mid-level cartographer,3707,3.228515625,False,4740,False
7808135003,glossgenius||people business partner,3708,3.2265625,False,4743,False
6980150,ardentmc||geospatial trainer/outreach,3709,3.2265625,False,4742,False
8626802002,sponsorsforeducationalopportunity||10-11th grade math associate instructor,3710,3.224609375,False,4745,False
7674210,carvana||customer delivery driver,3711,3.224609375,False,4744,False
6105392004,vailclinicincdbavailhealthhospital||par/pct - vail urgent care,3712,3.22265625,False,4747,False
5137287007,veracyte||clinical research associate,3713,3.22265625,False,4746,False
8579716002,spacex||electrical superintendent,3714,3.220703125,False,4748,False
5796565004,vailclinicincdbavailhealthhospital||respiratory therapist,3715,3.21875,False,4749,False
5185621007,"scoutmotors||direct procurement specialist, exterior commodity",3716,3.21484375,False,4750,False
REQ520252,jll|wd1|jllcareers||sales coordinator,3717,3.212890625,False,4753,False
4687994006,accenturefederalservices||sap inventory sub-ledger consultant,3718,3.212890625,False,4752,False
5996254004,monks||strategic engagements partner,3719,3.208984375,False,4755,False
5152339007,veracyte||clinical lab scientist (contract) - 1st shift,3720,3.208984375,False,4754,False
5365764008,bellbros||drain technician,3721,3.20703125,False,4757,False
4297246009,midpenhousing||maintenance technician,3722,3.20703125,False,4756,False
4222301009,corviascorporateservicesllc||maintenance technician i,3723,3.205078125,False,4758,False
8643057002,later||influencer development specialist,3724,3.203125,False,4763,False
7960696,"carvana||customer advocate i, vm, market operations",3725,3.203125,False,4762,False
30205943,carrier|wd5|jobs||journeyman - hvac data center chiller technician waco/austin/dallas - union,3726,3.203125,False,4760,False
6510680003,neuralink||optical engineer,3727,3.201171875,False,4765,False
4326898009,lumimeds||customer service representative,3728,3.201171875,False,4764,False
R260017905,bmo|wd3|external||service specialist,3729,3.19921875,False,4768,False
8064253,"carvana||hiring now! experienced auto body repair tech - $4,000 bonus",3730,3.19921875,False,4767,False
5146928007,"scoutmotors||executive assistant, ceo",3731,3.19921875,False,4766,False
8066969,drweng||trading systems engineer - operations in prediction markets,3732,3.197265625,False,4770,False
5728060004,vailclinicincdbavailhealthhospital||mri technologist,3733,3.197265625,False,4769,False
R-10399114,fiserv|wd5|ext||analyst – transaction monitoring operations,3734,3.1953125,False,4772,False
4253145009,"vitalcaringgroup||social worker, msw - prn",3735,3.1953125,False,4771,False
4695706006,accenturefederalservices||pricing analyst,3736,3.193359375,False,4773,False
R10095606,airliquidehr|wd3|airliquideexternalcareer||product expert,3737,3.19140625,False,4776,False
6117208004,envoyglobalinc||immigration specialist,3738,3.19140625,False,4775,False
5124401007,veracyte||pre-analytical supervisor,3739,3.19140625,False,4774,False
6114519004,optimadermatologycareers||medical receptionist,3740,3.189453125,False,4777,False
7807077003,enviva||mechanical technician,3741,3.1875,False,4782,False
5994544004,vailclinicincdbavailhealthhospital||occupational health care technician,3742,3.1875,False,4781,False
5684421004,pomelocare||bilingual outbound enrollment specialist,3743,3.1875,False,4780,False
5362964008,spsnorthamerica||receptionist,3744,3.1875,False,4779,False
5192108007,fairlife||micro technician,3745,3.1875,False,4778,False
REQ53662,masco|wd1|masco||cybersecurity analyst - operations technology,3746,3.185546875,False,4786,False
7554877,datadog||security sales engineer,3747,3.185546875,False,4785,False
26023449,ghr|wd1|us-emplsv||financial solutions advisor registration candidate - downtown indianapolis financial center,3748,3.185546875,False,4783,False
R-248010,amgen|wd1|careers||encryption agility analyst,3749,3.18359375,False,4788,False
4309233009,stackadapt||commercial & ip counsel,3750,3.18359375,False,4787,False
7758669003,shopltk||public relations specialist,3751,3.181640625,False,4789,False
7785960003,cookunity||accounting analyst,3752,3.1796875,False,4791,False
6115782004,assetliving||regional maintenance supervisor,3753,3.1796875,False,4790,False
R0021734,"ascensushr|wd1|ascensuscareers||financial analyst, 529 back office - india",3754,3.177734375,False,4798,False
8297933002,gotion||general accountant,3755,3.177734375,False,4797,False
7810193003,crfamilyofcompanies||dodaf architect,3756,3.177734375,False,4796,False
7808492003,okx||workplace it specialist,3757,3.177734375,False,4795,False
7295282,ardentmc||junior-level cartographer,3758,3.177734375,False,4794,False
6119953004,millervein||medical technician,3759,3.177734375,False,4793,False
4670120006,accenturefederalservices||sap governance risk and compliance (grc) process controls consultant,3760,3.177734375,False,4792,False
4716938005,mainstreethealth||health navigator,3761,3.17578125,False,4799,False
6016367004,vailclinicincdbavailhealthhospital||mri technologist - prn,3762,3.173828125,False,4800,False
4698430006,jrmconstructionmanagementllc||superintendent,3763,3.169921875,False,4803,False
7943819,carvana||vehicle delivery driver- 4 day work week!,3764,3.166015625,False,4805,False
5355401008,datavant2||client billing specialist,3765,3.166015625,False,4804,False
JR-202615665,generalmotors|wd5|careers_gm||mechanical journeyperson (machine repair) - pontiac ppo,3766,3.1640625,False,4807,False
5197660008,"wppmedia||vice president, strategy",3767,3.1640625,False,4806,False
R00210404,alliance|wd3|nissanjobs||maintenance technician,3768,3.162109375,False,4811,False
5365609008,littlewordsproject||sales associate,3769,3.162109375,False,4809,False
4326312009,summittherapeutics||talent acquisition coordinator,3770,3.162109375,False,4808,False
8290878002,gotion||legal counsel,3771,3.16015625,False,4813,False
7863267,carvana||customer service delivery driver- 4 day work week!,3772,3.16015625,False,4812,False
6004831004,epicgamesfrench||artiste de concepts sénior,3773,3.158203125,False,4814,False
8076948,hydritechemicalco||maintenance mechanic- 3rd shift,3774,3.15625,False,4816,False
7939526,carvana||vehicle delivery driver,3775,3.15625,False,4815,False
8408634002,spacex||fulfillment buyer,3776,3.154296875,False,4817,False
7804410003,"cookunity||associate, product marketing",3777,3.150390625,False,4819,False
8591149002,axs||payment reconciliation coordinator,3778,3.1484375,False,4823,False
7804480003,smxtech||pacom tactical mission network trainer,3779,3.1484375,False,4822,False
6117107004,"vailclinicincdbavailhealthhospital||care technician, patient care unit",3780,3.1484375,False,4821,False
4681257006,accenturefederalservices||sap procurement for the public sector (pps) consultant,3781,3.1484375,False,4820,False
8610647002,allinc||direct support professional,3782,3.146484375,False,4825,False
eaf53e57-0876-48a2-a583-3c042470f409,simpleclosure||operations specialist,3783,3.14453125,False,4828,False
8548093002,"spacex||customer support associate, bilingual - ukrainian",3784,3.14453125,False,4827,False
7768909003,sofi||investment specialist ii,3785,3.14453125,False,4826,False
8401132002,welbehealth||home care coordinator,3786,3.140625,False,4832,False
5173306007,veracyte||clinical lab scientist,3787,3.140625,False,4829,False
8440640002,optiverus||quantitative researcher – hft futures/equities,3788,3.13671875,False,4836,False
7767207003,olympusproperty||maintenance technician - olympus fenwick,3789,3.134765625,False,4837,False
7927852,roku||operations planner,3790,3.1328125,False,4841,False
5199037008,championsgroupholdings||hvac maintenance/sales trainer,3791,3.1328125,False,4839,False
4674778006,accenturefederalservices||compliance/audit specialist,3792,3.1328125,False,4838,False
7810275003,otterbein||maintenance - part time - every 3rd weekend,3793,3.12890625,False,4844,False
5364796008,spsnorthamerica||front desk receptionist,3794,3.125,False,4847,False
8049521,datadog||gtm operations associate,3795,3.123046875,False,4849,False
4683024006,adjustjobs||sales engineer,3796,3.123046875,False,4848,False
5364869008,medelitellc||lpn care coordinator,3797,3.12109375,False,4851,False
8060765,"toast||territory account executive , retail",3798,3.119140625,False,4854,False
5189481007,simtrabps||warehouse coordinator/driver - weekend pm shift,3799,3.119140625,False,4853,False
8077178,carolinatitleloansinc||sales representative,3800,3.1171875,False,4855,False
8188198002,suvoda||account executive,3801,3.115234375,False,4857,False
7810099003,cookunity||sustainability team member - austin,3802,3.115234375,False,4856,False
8001936,urbancompass||marketing advisor,3803,3.11328125,False,4860,False
7948166,carvana||customer service delivery driver - 4 day work week!,3804,3.11328125,False,4859,False
7811659003,nlcventures||ceo | occlunova,3805,3.111328125,False,4867,False
4715463005,goldenhippo||youtube pr intern,3806,3.111328125,False,4865,False
8633366002,"smcp||retail keyholder, sandro meatpacking",3807,3.109375,False,4871,False
7974970,carvana||vehicle delivery driver - 4 day work week!,3808,3.109375,False,4870,False
6291883,squarepointcapital||commercial operator,3809,3.109375,False,4869,False
4385501007,familyofkidz||behavior technician - center based - hawthorne,3810,3.109375,False,4868,False
4324794009,guildgaragegroup||garage door technician apprentice,3811,3.107421875,False,4872,False
6121383004,aloyoga||operations associate (part-time) - palmer square,3812,3.10546875,False,4876,False
5978342004,"redwoodmaterials||functional safety engineer, energy storage",3813,3.10546875,False,4875,False
5139028007,veracyte||molecular technician,3814,3.10546875,False,4874,False
4698578006,metropolitancommercialbank||client service specialist,3815,3.10546875,False,4873,False
a2c6976a-bcb6-4c89-a4e5-c858967f5103,dnb||new customer acquisition representative i,3816,3.103515625,False,4881,False
4202749009,midpenhousing||maintenance and groundskeeper,3817,3.103515625,False,4878,False
8550544002,modernhealth||data analyst,3818,3.1015625,False,4884,False
5169185007,veracyte||inventory management specialist,3819,3.1015625,False,4882,False
4932595101,"modoenergy||chief analyst, usa",3820,3.099609375,False,4885,False
7790654003,paystand||marketing programs intern,3821,3.09765625,False,4887,False
8389716002,spacex||satellite policy associate,3822,3.095703125,False,4891,False
5282339008,datavant2||health information specialist i,3823,3.095703125,False,4890,False
8629373002,spacex||it network administrator,3824,3.09375,False,4904,False
7931133,toast||bilingual hybrid development representative - mandarin,3825,3.09375,False,4892,False
5067799008,"wppmedia||vice president, commerce",3826,3.091796875,False,4905,False
5978264004,vailclinicincdbavailhealthhospital||rn cath lab,3827,3.08984375,False,4906,False
5969084004,aloyoga||operations associate (part-time) - stonebriar centre,3828,3.087890625,False,4907,False
6110905004,mercury||customer support systems & analytics architect,3829,3.0859375,False,4908,False
7846927,redventures||tiktok & instagram reels strategist | the points guy,3830,3.083984375,False,4912,False
7806495003,metrostarsystems||business analyst,3831,3.083984375,False,4911,False
5181463007,shunnarahcareers||case coordinator,3832,3.083984375,False,4910,False
7732691003,paystand||vice president of corporate marketing,3833,3.08203125,False,4914,False
7963253,"monzo||people partner, operations",3834,3.080078125,False,4922,False
5148632007,scoutmotors||direct procurement specialist – metal commodity,3835,3.080078125,False,4916,False
5223600008,ww||studio coach,3836,3.076171875,False,4929,False
8633435002,sonymusicentertainment||executive assistant – latin regional office,3837,3.07421875,False,4935,False
8618015002,suvoda||technical consultant i,3838,3.07421875,False,4934,False
8026778,alphasights||legal & compliance associate,3839,3.07421875,False,4933,False
5323142008,geotab||marketing intern - southeast asia.,3840,3.07421875,False,4932,False
4985448007,harbingermotors||fleet administrator,3841,3.07421875,False,4931,False
8635083002,"spacex||supervisor, distribution center",3842,3.072265625,False,4936,False
7977907,carvana||customer service delivery driver,3843,3.0703125,False,4938,False
8566155002,centriaautism||intake specialist,3844,3.068359375,False,4945,False
8544891002,cannondesign||construction administrator,3845,3.068359375,False,4944,False
7612707,carvana||customer delivery driver 4- day work week!,3846,3.068359375,False,4942,False
5235548008,"ophelia||associate, clinical operations",3847,3.068359375,False,4941,False
8603539002,sonymusicentertainment||content creator (latin music) - awal,3848,3.06640625,False,4953,False
8071206,vaynermedia||french strategist,3849,3.06640625,False,4952,False
5361468008,spsnorthamerica||client services associate - mailroom,3850,3.06640625,False,4949,False
5230877008,convenientmd||paramedic (urgent care tech) - urgent care,3851,3.06640625,False,4948,False
5072804008,hoodhp||technical sanitation specialist,3852,3.06640625,False,4947,False
4217843009,guildgaragegroup||garage door technician,3853,3.06640625,False,4946,False
8590437002,"teamrubicon||associate, operations (east branch) - northeast tx/ok",3854,3.064453125,False,4955,False
3acf329a-c910-493d-bed4-13cb327b1406,campus||teaching assistant,3855,3.064453125,False,4954,False
7796320003,cookunity||sustainability operator - la,3856,3.060546875,False,4960,False
8068082,carvana||vending machine attendant,3857,3.05859375,False,4965,False
8001961,urbancompass||marketing specialist,3858,3.05859375,False,4964,False
7863270,carvana||customer service vehicle delivery driver - 4 day work week!,3859,3.05859375,False,4963,False
REQ-260291,gnw|wd1|gnw||associate claims clinical/care advocacy,3860,3.056640625,False,4968,False
7943816,carvana||customer service vehicle delivery driver- 4 day work week!,3861,3.056640625,False,4967,False
7808197003,dental365||dental front desk coordinator,3862,3.056640625,False,4966,False
8604755002,spacex||employee experience specialist,3863,3.0546875,False,4970,False
5999789004,pathward||financial crimes quality assurance analyst,3864,3.0546875,False,4969,False
7863265,carvana||customer delivery driver - 4 day work week!,3865,3.052734375,False,4972,False
5047415008,fiveringsllc||campus full time - trading assistant,3866,3.05078125,False,4975,False
4687331006,accenturefederalservices||corporate facility security officer,3867,3.05078125,False,4974,False
8603492002,allcareers||play-based behavior technician,3868,3.048828125,False,4984,False
7776081003,verisign||legal operations specialist,3869,3.0390625,False,4990,False
R17476,clarioclinical|wd1|clarioclinical_careers||medical & scientific affairs advisor,3870,3.037109375,False,4995,False
8355157002,allcareers||behavior technician,3871,3.037109375,False,4994,False
8028584,"carvana||customer advocate i, vm, market operations - garden city vending machine",3872,3.03515625,False,4996,False
5318577008,spsnorthamerica||courier route driver floater,3873,3.033203125,False,4999,False
5364806008,vscfiresecurityinc||integrated systems technician,3874,3.03125,False,5003,False
5197627008,"wppmedia||vice president, client services",3875,3.03125,False,5002,False
7863276,carvana||customer vehicle delivery ambassador - 4 day work week!,3876,3.029296875,False,5009,False
6641292003,cookunity||quality assurance associate,3877,3.029296875,False,5005,False
7943807,carvana||customer delivery driver- 4 day work week!,3878,3.02734375,False,5013,False
5177422008,"wppmedia||vice president, marketplace and partnerships",3879,3.025390625,False,5014,False
8072742,fanduel||sports trader,3880,3.0234375,False,5018,False
491fd053-5f14-4e15-88bd-6e9ed97cacdc,skimmer||technical solutions consultant,3881,3.0234375,False,5015,False
4703824005,blackedgecapital||graduate quantitative trader,3882,3.021484375,False,5019,False
JR0000108989,ivytech|wd1|ivy_tech_careers||assistant registrar - data analyst,3883,3.01953125,False,5026,False
7708603003,abclegalservices||legal process server,3884,3.01953125,False,5023,False
8627181002,sponsorsforeducationalopportunity||10-11th grade,3885,3.015625,False,5034,False
5830856004,vailclinicincdbavailhealthhospital||clinical trainer,3886,3.015625,False,5032,False
5131570007,veracyte||genomic specialist (commercial sales) - virginia,3887,3.015625,False,5030,False
4313449009,ensafeinc||industrial wastewater engineer,3888,3.015625,False,5029,False
5239218008,"just-global||supervisor, analytics",3889,3.013671875,False,5036,False
8641203002,allcareers||speech language pathologist,3890,3.01171875,False,5040,False
8641190002,cortica||speech language pathologist,3891,3.01171875,False,5039,False
4324972009,oura||paid social specialist,3892,3.009765625,False,5041,False
6121457004,charliehealth||business development coordinator,3893,3.0078125,False,5045,False
5835838004,huddleup||virtual speech language pathologist,3894,3.0078125,False,5044,False
5286435008,everagtester||payroll administrator,3895,3.0078125,False,5043,False
8636501002,suvoda||it technical consultant,3896,3.00390625,False,5052,False
4313204009,headlandsresearch||laboratory coordinator / phlebotomist,3897,3.00390625,False,5049,False
8042228,"toast||territory account executive, retail",3898,2.998046875,False,5056,False
6120117004,studsinc||sales associate,3899,2.99609375,False,5057,False
6109894004,centrumhealth||bilingual front desk receptionist,3900,2.994140625,False,5063,False
6026667004,"rockbot||inside sales representative, advertising",3901,2.994140625,False,5062,False
6008098004,epicgames||technical designer in animation,3902,2.994140625,False,5061,False
5362895008,csciconsulting||data transmission analyst,3903,2.994140625,False,5060,False
5356075008,"vaxcyte||scientist ii, analytical development",3904,2.994140625,False,5059,False
5185631007,"scoutmotors||counsel, commercial",3905,2.9921875,False,5064,False
5177413007,holisticindustries||security monitoring associate,3906,2.990234375,False,5065,False
8001468,carvana||customer service delivery,3907,2.98828125,False,5071,False
7785584003,cookunity||culinary administrative support specialist,3908,2.98828125,False,5068,False
5148215007,"energysolutions||solar programs, application processing associate",3909,2.98828125,False,5067,False
7810204003,olympusproperty||maintenance technician - montair at somerset hill,3910,2.986328125,False,5072,False
8619966002,"spacex||sourcing specialist, contracts",3911,2.982421875,False,5077,False
5981708004,veterinaryemergencygroupst||emergency credentialed veterinary technician,3912,2.982421875,False,5076,False
5180324007,xometry||technical recruiter,3913,2.982421875,False,5075,False
4716831005,legendcareers||maintenance specialist i/ii,3914,2.982421875,False,5074,False
7992640,toast||bilingual hybrid development representative - thai,3915,2.98046875,False,5080,False
4676856006,accenturefederalservices||supply chain risk management specialist,3916,2.98046875,False,5078,False
4695786006,acurussolutions||rcm trainer,3917,2.974609375,False,5086,False
8541329002,spacex||human resources coordinator,3918,2.97265625,False,5088,False
5779295004,kimballequipmentcompany||parts delivery/warehouse associate,3919,2.97265625,False,5087,False
8643097002,allcareers||entry level play based behavior therapist,3920,2.96875,False,5094,False
6117577004,"veterinaryemergencygroupst||emergency credentialed veterinary technician - georgetown, washington, d.c.",3921,2.96875,False,5093,False
4686244006,specialty1||dental assistant,3922,2.96875,False,5091,False
4289963009,valaratomics||legal counsel,3923,2.96875,False,5090,False
5165566007,rewardsnetwork||collections specialist,3924,2.96484375,False,5095,False
4697311006,iterativehealth||provider growth specialist - cardiology,3925,2.962890625,False,5097,False
7120217,"hubspotjobs||account executive, small business - benelux",3926,2.9609375,False,5099,False
4698427006,ennoblecare||certified home health aide,3927,2.9609375,False,5098,False
5151853007,scoutmotors||direct procurement specialist – interior commodity complete seats,3928,2.958984375,False,5102,False
8600107002,spacex||security officer 3,3929,2.95703125,False,5109,False
8076014,goldenstate||music coordinator,3930,2.95703125,False,5108,False
4683172006,firststepsforkids||board certified behavior analyst | bcba,3931,2.95703125,False,5107,False
4324509009,"kikoff||customer support supervisor, escalations & qa",3932,2.95703125,False,5106,False
7667288,carvana||customer service delivery specialist,3933,2.955078125,False,5111,False
8014349,carvana||vehicle delivery driver - long island ny - patchogue,3934,2.953125,False,5116,False
5793676004,vailclinicincdbavailhealthhospital||retail pharmacy tech - prn,3935,2.953125,False,5113,False
8bb825c2-3fe2-40a1-928a-b30aa77f4b8f,pennylane||spécialiste support services financiers,3936,2.951171875,False,5119,False
5362918008,csciconsulting||quality assurance analyst - onestream implementation,3937,2.94921875,False,5121,False
4714438005,goldenhippo||testimonial video editor intern,3938,2.94921875,False,5120,False
1694375,datadog||commercial account executive,3939,2.947265625,False,5124,False
8641890002,centriaautism||hybrid board certified behavior analyst (bcba) – remote / in-person,3940,2.94140625,False,5130,False
4686273006,accenturefederalservices||cyber forensic specialist,3941,2.94140625,False,5128,False
8634612002,3redpartners||graduate trader,3942,2.939453125,False,5136,False
8427546002,spacex||accounts payable specialist,3943,2.939453125,False,5135,False
7809685003,seed||head of influencer,3944,2.939453125,False,5132,False
5025008008,"wppmedia||associate vice president, media solutions",3945,2.9375,False,5137,False
8074561,internaljobsatlush||casual sales ambassador - bridgewater commons,3946,2.935546875,False,5138,False
6016674004,simplepractice55||support specialist,3947,2.93359375,False,5141,False
8001464,carvana||customer service vehicle delivery driver,3948,2.931640625,False,5147,False
6121270004,"precisionaq||media supervisor, media and engagement",3949,2.931640625,False,5145,False
6119998004,"precisionmedicinegroup||media supervisor, media and engagement",3950,2.931640625,False,5144,False
5981351004,epicgamesfrench||concepteur technique ui sénior,3951,2.931640625,False,5143,False
7778147003,otterbein||registered nurse - rn,3952,2.927734375,False,5154,False
5201702008,convenientmd||medical receptionist,3953,2.927734375,False,5152,False
R0088822,uvmhealth|wd1|external||audiologist,3954,2.923828125,False,5161,False
5350600008,dlrgroup||healthcare interior designer,3955,2.923828125,False,5160,False
7943809,carvana||customer service delivery advocate- 4 day work week!,3956,2.921875,False,5164,False
5145249007,fairlife||maintenance mechanic,3957,2.921875,False,5163,False
5087548007,"scoutmotors||specialist, direct procurement connectivity",3958,2.921875,False,5162,False
8075149,guidepostmontessori||aftercare administrator,3959,2.919921875,False,5170,False
8055241,"toast||territory account executive, retail - morgantown wv",3960,2.919921875,False,5169,False
5050371004,thevascularcaregroup||clinical research coordinator,3961,2.919921875,False,5167,False
8054424,greenthumbindustries||personal care specialist,3962,2.91796875,False,5173,False
7679474003,thinkacademyus||part time math tutor,3963,2.916015625,False,5176,False
5502849004,vailclinicincdbavailhealthhospital||inpatient behavioral health tech (bht) - prn,3964,2.9140625,False,5180,False
5362601008,cc||community engagement coordinator,3965,2.9140625,False,5179,False
6011624004,vailclinicincdbavailhealthhospital||medical laboratory tech (mlt) - nights,3966,2.912109375,False,5183,False
8067427,carvana||vehicle transporter travel trainer,3967,2.91015625,False,5185,False
7741590003,smxtech||network administrator,3968,2.908203125,False,5186,False
4321985009,lakefieldveterinarygroup||registered veterinary technician - rvt - freeland animal hospital,3969,2.90625,False,5194,False
8070187,hydritechemicalco||supply chain coordinator,3970,2.904296875,False,5199,False
8589035002,spacex||environmental specialist,3971,2.90234375,False,5203,False
7863266,carvana||customer service delivery advocate - 4 day work week!,3972,2.90234375,False,5201,False
5186736007,"scoutmotors||specialist, measurement",3973,2.90234375,False,5200,False
8577398002,sponsorsforeducationalopportunity||college persistence advisor,3974,2.900390625,False,5207,False
8642766002,cranialtechnologies||patient services & imaging specialist - los feliz,3975,2.8984375,False,5210,False
8485797002,"discord||data scientist, analytics",3976,2.896484375,False,5216,False
8049262,"toast||territory account executive, retail - scranton",3977,2.896484375,False,5215,False
8047293,"toast||territory account executive, retail - cambridge/somerville",3978,2.896484375,False,5212,False
8055486,zuora||total rewards analyst,3979,2.89453125,False,5217,False
REF085107W,"visa|wd5|visa||analyst, government affairs",3980,2.890625,False,5220,False
7806888003,dental365||dental hygienist,3981,2.890625,False,5219,False
8074805,renttherunway||corporate securities counsel,3982,2.88671875,False,5227,False
JR0000109060,ivytech|wd1|ivy_tech_careers||hospitality customer service representative,3983,2.8828125,False,5230,False
5362830008,csciconsulting||pmo support analyst,3984,2.880859375,False,5231,False
8048975,"toast||territory account executive , retail - winston",3985,2.876953125,False,5242,False
7815811,"toast||territory account executive, retail - fort worth",3986,2.876953125,False,5236,False
4716378005,goldenhippo||email automation intern,3987,2.875,False,5243,False
8074719,humaninterest||compliance qc specialist,3988,2.87109375,False,5247,False
8048977,"toast||territory account executive, retail - tallahassee",3989,2.869140625,False,5252,False
5362928008,csciconsulting||knowledge management analyst - change management,3990,2.869140625,False,5250,False
5218673008,"wppmedia||associate, media solutions",3991,2.869140625,False,5249,False
8498812002,spacex||welding inspector specialist,3992,2.8671875,False,5255,False
5225381008,apexcompanies||junior-mid level industrial hygiene consultant,3993,2.8671875,False,5254,False
4313877009,kikoff||customer support escalations specialist,3994,2.8671875,False,5253,False
R26_03755,regalrexnord|wd1|careers||maintenance technician 1st shift,3995,2.865234375,False,5260,False
5231404008,ophelia||patient engagement specialist,3996,2.865234375,False,5256,False
8639959002,"smcp||retail sales supervisor, sandro/maje at bloomingdale's soho",3997,2.86328125,False,5271,False
8047291,"toast||territory account executive, retail - baltimore",3998,2.86328125,False,5268,False
7576807,"toast||territory account executive, retail - fairfield/bridgeport/danbury",3999,2.86328125,False,5263,False
4289755009,tonixpharmaceuticals||office administrator,4000,2.86328125,False,5261,False
JR26-0983,publicpartnerships|wd1|ppl||medicaid billing clerk,4001,2.861328125,False,5275,False
4696881006,specialty1||patient care coordinator,4002,2.861328125,False,5272,False
R-280888,mastercard|wd1|corporatecareers||executive assistant,4003,2.859375,False,5279,False
8323441002,spacex||corporate counsel,4004,2.859375,False,5278,False
6606638003,coherehealth||workforce management analyst,4005,2.859375,False,5276,False
8074560,lush||casual sales ambassador - bridgewater commons,4006,2.857421875,False,5288,False
8055429,"toast||territory account executive, retail - pensacola",4007,2.857421875,False,5287,False
4303075009,hanwhaenergyusa||accounting analyst – energy accounting,4008,2.857421875,False,5280,False
R5046152,gevernova|wd5|only_confidential_executive_recruiting||partenaire bilingue en acquisition de talents / bilingual talent acquisition partner,4009,2.85546875,False,5297,False
8052380,"toast||territory account executive, retail - columbus north",4010,2.85546875,False,5293,False
7612710,carvana||customer delivery specialist 4- day work week!,4011,2.85546875,False,5290,False
4279482009,loganpremiumlogistics||carrier sales representative,4012,2.85546875,False,5289,False
8403134002,spacex||business analyst,4013,2.853515625,False,5303,False
7765639003,revolutionmedicines||talent acquisition operations analyst ii,4014,2.853515625,False,5302,False
5192157007,birdygrey||office coordinator,4015,2.853515625,False,5301,False
5022152007,scoutmotors||direct procurement specialist – interior commodity,4016,2.853515625,False,5300,False
4250756009,arcanaanalytics||client solutions associate,4017,2.853515625,False,5298,False
JR4975,wellsky|wd1|wellskycareers||validation specialist,4018,2.849609375,False,5310,False
8642079002,"smcp||sales associate, maje meatpacking",4019,2.849609375,False,5309,False
8028841,carvana||customer vehicle delivery ambassador,4020,2.849609375,False,5307,False
8629081002,honor||client care advisor,4021,2.84765625,False,5316,False
5199597008,"wppmedia||associate vice president, marketplace and partnerships",4022,2.84765625,False,5312,False
4698457006,ernestpackagingsolutions||collections specialist,4023,2.84765625,False,5311,False
R003137,"endo|wd1|external||technical assistant, warehouse",4024,2.841796875,False,5324,False
4716903005,godfreydadichpartners||designer,4025,2.841796875,False,5320,False
8616218002,suvoda||technical consultant,4026,2.83984375,False,5330,False
8047289,"toast||territory account executive, retail - harrisburg",4027,2.83984375,False,5329,False
7791656003,prizepicks||game operations analyst - trading optimization,4028,2.83984375,False,5327,False
5218714008,block||head of us public policy and government relations,4029,2.83984375,False,5326,False
5191475007,sandiegocommunitypower||rates analyst,4030,2.83984375,False,5325,False
8067483,"toast||territory account executive, retail - bentonville/ft. smith",4031,2.837890625,False,5333,False
8586178002,"spacex||sourcing specialist, lng supply chain",4032,2.833984375,False,5341,False
5197641008,"wppmedia||associate vice president, client services",4033,2.833984375,False,5338,False
5184826007,veracyte||reimbursement specialist,4034,2.833984375,False,5337,False
8075019,internaljobsatlush||part time sales ambassador - west acres,4035,2.83203125,False,5347,False
8060849,lush||casual sales ambassador - del amo,4036,2.83203125,False,5346,False
5985937004,forbes||temporary social designer,4037,2.83203125,False,5342,False
8642233002,allinc||per diem direct support professional - woodland,4038,2.828125,False,5353,False
7842769,"toast||territory account executive, retail - salt lake city",4039,2.828125,False,5352,False
7612709,carvana||customer service delivery advocate 4- day work week!,4040,2.828125,False,5351,False
7930749,"toast||territory account executive, retail - sioux falls",4041,2.826171875,False,5355,False
8047274,"toast||territory account executive, retail - alaska",4042,2.822265625,False,5359,False
4307554009,headlandsresearch||phlebotomist / laboratory technician,4043,2.822265625,False,5357,False
R-10399122,fiserv|wd5|ext||ecs email coordinator,4044,2.8203125,False,5360,False
8642780002,suvoda||travel & customer service coordinator,4045,2.81640625,False,5368,False
5192491007,strivepharmacy||ehs technician - safety & security,4046,2.81640625,False,5363,False
4314205009,arcanaanalytics||sales development representative,4047,2.81640625,False,5362,False
5094672007,"scoutmotors||specialist, field monitoring - technical field data",4048,2.814453125,False,5369,False
8573885002,edgewoodpartnersinsurancecenter||financial planning and design coordinator with life insurance product expertise,4049,2.8125,False,5371,False
R-10399073,fiserv|wd5|ext||fraud/risk analyst,4050,2.810546875,False,5376,False
8643212002,centriaautism||entry level operations role,4051,2.810546875,False,5375,False
5104461007,communitymanager||maintenance technician,4052,2.80859375,False,5377,False
8642151002,allcareers||licensed behavior analyst -be part of our founding team!,4053,2.806640625,False,5383,False
8610632002,allinc||per diem direct support professional,4054,2.8046875,False,5388,False
8542170002,"spacex||tax analyst, international",4055,2.802734375,False,5390,False
7948167,carvana||customer service delivery advocate,4056,2.802734375,False,5389,False
8642053002,welbehealth||utilization management rn,4057,2.80078125,False,5396,False
5839799004,huddleup||virtual school psychologist,4058,2.80078125,False,5392,False
8055570,carvana||part-time dealership attendant,4059,2.798828125,False,5397,False
8643157002,cortica||counselor,4060,2.796875,False,5405,False
8575267002,spacex||proposal specialist,4061,2.796875,False,5402,False
8055244,"toast||territory account executive, retail - south pittsburgh",4062,2.796875,False,5401,False
6121361004,pfm||clinical research associate ii,4063,2.796875,False,5399,False
8055259,"toast||territory account executive, retail - east cleveland",4064,2.794921875,False,5409,False
7602261,"coinbase||counsel, commercial",4065,2.794921875,False,5408,False
6121350004,precisionmedicinegroup||clinical research associate ii,4066,2.794921875,False,5407,False
4691739005,"thenewyorktimes||express reporter, pacific region",4067,2.794921875,False,5406,False
6516039,ardentmc||information systems security officer,4068,2.79296875,False,5410,False
5781512004,bondvet||dvm student ambassador,4069,2.791015625,False,5417,False
4683723006,specialty1||surgical assistant,4070,2.791015625,False,5415,False
7861971,"toast||territory account executive, retail - new york metro",4071,2.7890625,False,5422,False
6121499004,proshares||portfolio operations analyst,4072,2.7890625,False,5421,False
8053761,"toast||territory account executive, retail - kansas city east",4073,2.78515625,False,5427,False
R26_00705,regalrexnord|wd1|careers||maintenance technician -2nd or 3rd shift,4074,2.779296875,False,5430,False
4113201009,lakefieldveterinarygroup||registered veterinary technician,4075,2.77734375,False,5431,False
R1069,ansira|wd1|ansira_careers||associate paid media strategist,4076,2.775390625,False,5434,False
8010230,"toast||territory account executive, retail - tulsa",4077,2.775390625,False,5433,False
5255334008,fiveringsllc||campus full time 2027 - quantitative trader,4078,2.7734375,False,5435,False
8517412002,spacex||information security analyst,4079,2.76953125,False,5441,False
8068081,carvana||customer service advocate,4080,2.76953125,False,5440,False
5361804008,ophelia||credentialing & enrollment specialist,4081,2.76953125,False,5439,False
4071339009,firsthand||recovery peer specialist,4082,2.767578125,False,5442,False
98c59304-10da-4e75-a4c9-e705b53b235f,"coalfire||associate, vulnerability assessment",4083,2.765625,False,5449,False
8022316,carvana||customer advocate field operations,4084,2.765625,False,5448,False
5365634008,spsnorthamerica||workplace experience coordinator,4085,2.765625,False,5446,False
8627035002,sponsorsforeducationalopportunity||10th-11th grade math associate instructor,4086,2.763671875,False,5450,False
c8d5b8ee-4da3-4c4c-a608-0fbbd60a7282,keyloop||knowledge management specialist,4087,2.759765625,False,5452,False
4691402006,bestpass||customer service representative,4088,2.7578125,False,5453,False
8642769002,cranialtechnologies||patient services & imaging specialist,4089,2.755859375,False,5462,False
8064589,toast||retail account executive - la: long beach,4090,2.755859375,False,5457,False
7842664,carvana||4 day work week! - customer service delivery driver,4091,2.755859375,False,5456,False
5dbdf71e-4434-40e9-9ee7-64b35e291335,expressable||contract coordinator,4092,2.755859375,False,5455,False
4245281009,headlandsresearch||part-time or full-time physician - clinical research,4093,2.755859375,False,5454,False
7958315,carvana||customer vehicle delivery driver - 4 day work week!,4094,2.75390625,False,5464,False
7807564003,"abnormalsecurity||financial analyst, marketing",4095,2.75390625,False,5463,False
8554669002,centriaautism||early intervention bcba – life skills autism academy,4096,2.751953125,False,5466,False
4271526009,headlandsresearch||accounts payable specialist,4097,2.751953125,False,5465,False
f81f4e9c-4b55-49b9-a85e-443174394b07,includedhealth||urgent care nurse practitioner,4098,2.75,False,5468,False
R187235,oreillyauto|wd1|oreilly||parts specialist,4099,2.74609375,False,5477,False
JR104862,calyx|wd1|perceptive||associate imaging research specialist,4100,2.74609375,False,5476,False
8075018,lush||part time sales ambassador - west acres,4101,2.74609375,False,5475,False
5186469007,urpt||recruiting operations & executive support specialist,4102,2.74609375,False,5473,False
5148688007,veracyte||customer care specialist,4103,2.74609375,False,5472,False
4535746007,familyofkidz||teachers aide - ei/ preschool -riverhead,4104,2.74609375,False,5470,False
4110676009,arcanaanalytics||data analyst,4105,2.74609375,False,5469,False
8051321,lendingtree||paid social media buyer and analyst,4106,2.744140625,False,5480,False
7746841003,smxtech||leia sfi mission planners,4107,2.7421875,False,5482,False
6017437004,babylist||showroom host,4108,2.7421875,False,5481,False
REF083191W,visa|wd5|visa||financial analyst,4109,2.740234375,False,5487,False
6121237004,premiermedical||front desk receptionist,4110,2.740234375,False,5486,False
5183602007,urpt||patient care coordinator,4111,2.740234375,False,5485,False
4711223005,effectiveschoolsolutions||licensed school-based clinical program supervisor,4112,2.740234375,False,5484,False
8076658,inizio||workday business analyst,4113,2.73828125,False,5491,False
6119863004,millervein||registered vascular technologist,4114,2.73828125,False,5489,False
R26_2833,ameriprise|wd5|ameriprise||administrative assistant,4115,2.732421875,False,5496,False
5803037004,vailclinicincdbavailhealthhospital||cath lab technologist,4116,2.732421875,False,5494,False
5191088007,abilitypath||individualized support specialist,4117,2.732421875,False,5493,False
8026391,"toast||territory account executive, retail - nashville: east",4118,2.73046875,False,5497,False
4688271006,adjustjobs||account executive,4119,2.728515625,False,5498,False
8047287,"toast||territory account executive, retail - el paso",4120,2.7265625,False,5504,False
4091997009,headlandsresearch||clinical research coordinator,4121,2.7265625,False,5501,False
7798870003,truebill||creative strategist,4122,2.724609375,False,5509,False
7705800,"toast||territory account executive, retail - south texas",4123,2.724609375,False,5505,False
5765985004,vailclinicincdbavailhealthhospital||cath lab technologist- prn,4124,2.72265625,False,5513,False
5365362008,vscfiresecurityinc||fire sprinkler service technician,4125,2.72265625,False,5512,False
4679323006,specialty1||oral surgical assistant,4126,2.720703125,False,5514,False
6110688004,vailclinicincdbavailhealthhospital||ct technologist - prn,4127,2.71875,False,5516,False
R-173413,"vwr|wd1|avantorjobs||head of bioprocessing, japan",4128,2.716796875,False,5519,False
8643094002,cortica||behavioral interventionist,4129,2.71484375,False,5521,False
8626952002,sponsorsforeducationalopportunity||10-11th math instructor,4130,2.71484375,False,5520,False
8631860002,"welbehealth||clinic nurse, rn",4131,2.712890625,False,5524,False
7805102003,crfamilyofcompanies||helpdesk data analyst,4132,2.712890625,False,5522,False
8026787,carvana||customer service delivery advocate - hartford,4133,2.705078125,False,5540,False
7758863003,prizepicks||partnerships coordinator,4134,2.701171875,False,5545,False
4698368006,bluewaterthinking||business analyst,4135,2.701171875,False,5543,False
8635737002,figure||contract talent acquisition partner,4136,2.69921875,False,5551,False
6031092004,vailclinicincdbavailhealthhospital||him / medical records technician,4137,2.69921875,False,5550,False
5364560008,oralsurgerypartners||patient coordinator,4138,2.69921875,False,5549,False
5303196008,unitedveincenters||vascular technologist/ sonographer- $10k sign on bonus,4139,2.69921875,False,5548,False
7979870,carvana||customer service & delivery advocate,4140,2.697265625,False,5552,False
R186975,oreillyauto|wd1|oreilly||retail service specialist,4141,2.69140625,False,5560,False
8604744002,"spacex||supervisor, security",4142,2.69140625,False,5559,False
4716737005,virtru||security governance risk & compliance (grc) analyst,4143,2.689453125,False,5562,False
5295054008,commvault||ai marketing specialist,4144,2.6875,False,5563,False
R-10399092,fiserv|wd5|ext||credit risk analyst,4145,2.68359375,False,5573,False
4257215009,"headlandsresearch||physician assistant - plymouth, ma - clinical research",4146,2.68359375,False,5564,False
bdc0d76c-467d-4c5d-9a07-79ee09156e46,ignite-reading||general interest application,4147,2.681640625,False,5575,False
5254151008,iovancebiotherapeutics||aseptic manufacturing technician i - day shift a [contract to hire],4148,2.6796875,False,5577,False
8551902002,janestreet||securities financing specialist,4149,2.677734375,False,5580,False
8056709,oscar||case management rn,4150,2.677734375,False,5579,False
f60b0b25-3c06-4ef0-8357-0d4333d47442,hirehangar||customer onboarding & training specialist,4151,2.67578125,False,5585,False
4661875005,effectiveschoolsolutions||graduate internship school based mental health clinician,4152,2.67578125,False,5581,False
8602989002,guidepoint||market research operations associate,4153,2.673828125,False,5587,False
4045939007,aviatornation||retail sales associate,4154,2.673828125,False,5586,False
7979827,"flatironhealth||associate, business operations",4155,2.671875,False,5590,False
7444317,carvana||vehicle delivery advocate,4156,2.671875,False,5588,False
8053498,"carvana||customer advocate i, delivery, market operations",4157,2.669921875,False,5591,False
7851543,"toast||bilingual territory account executive , retail (spanish) - san antonio: west",4158,2.662109375,False,5596,False
7799425003,smxtech||intelligence exercise and engagement planner,4159,2.662109375,False,5594,False
R0130107,hitachi|wd1|hitachi||cybersecurity professional,4160,2.66015625,False,5604,False
R5026743,envista|wd1|envistacareers||dexis regional technical specialist,4161,2.658203125,False,5610,False
JR36708,dyson|wd3|dyson_careers||direct retail marketing executive,4162,2.658203125,False,5609,False
7784520003,kyowakirinusa90||north america head of medical affairs operations & excellence,4163,2.65625,False,5611,False
6011473004,vailclinicincdbavailhealthhospital||medical records technician,4164,2.654296875,False,5612,False
6098222004,vailclinicincdbavailhealthhospital||physician - family practice,4165,2.65234375,False,5617,False
8066771,toast||account recovery agent,4166,2.650390625,False,5620,False
6005915004,vailclinicincdbavailhealthhospital||anesthesiologist,4167,2.650390625,False,5619,False
4895529101,moniepoint||people business partner,4168,2.650390625,False,5618,False
e4785435-12a7-4bac-a7f3-510825b5cfa3,lilt-production||ai training contributor - luxembourgish - remote,4169,2.6484375,False,5622,False
8635721002,cannondesign||legal counsel ii,4170,2.646484375,False,5624,False
4716887005,springfertility||registered nurse,4171,2.646484375,False,5623,False
6011616004,vailclinicincdbavailhealthhospital||clinical laboratory scientist - nights,4172,2.64453125,False,5627,False
4246773009,headlandsresearch||research assistant / patient recruitment,4173,2.64453125,False,5625,False
8075202,guidepostmontessori||teacher assistant,4174,2.640625,False,5631,False
5248433008,"just-global||supervisor, omnichannel",4175,2.638671875,False,5632,False
94473fc3-79db-4f39-935f-ab43dce387d6,valeriehealth||customer strategy,4176,2.63671875,False,5638,False
8046576,alphapublicschools||temporary office assistant,4177,2.63671875,False,5637,False
R141786,oreillyauto|wd1|oreilly||delivery specialist,4178,2.634765625,False,5642,False
8056287,carvana||customer advocate delivery driver,4179,2.6328125,False,5644,False
7951961,securityscorecard||commercial counsel,4180,2.630859375,False,5648,False
5971645004,"vailclinicincdbavailhealthhospital||radiology technologist - vail, colorado",4181,2.630859375,False,5646,False
7789969003,rightwayhealthcare||utilization management support technician,4182,2.62890625,False,5649,False
6008718004,rushstreetinteractive||technical compliance analyst,4183,2.626953125,False,5650,False
4318063009,ivxhealth||front desk coordinator,4184,2.625,False,5651,False
5191461007,urpt||prn physical therapist,4185,2.619140625,False,5653,False
4697888006,applovin||crm & lifecycle marketing specialist - growth marketing,4186,2.61328125,False,5656,False
4322651009,comstock||security officer,4187,2.611328125,False,5660,False
6119950004,freshprints||commercial insurance specialist,4188,2.599609375,False,5666,False
5192155007,fairlife||automated equipment technician,4189,2.599609375,False,5665,False
4861383101,davinciderivatives||hr generalist,4190,2.59375,False,5667,False
8070490,fwdus||web intern,4191,2.591796875,False,5669,False
8042112,carvana||customer advocate part-time,4192,2.591796875,False,5668,False
R0000043698,parexel|wd1|parexel_external_careers||laboratory technician i,4193,2.58984375,False,5670,False
5891590004,cottonwoodresidential||maintenance technician,4194,2.587890625,False,5671,False
5173015007,neda||patient services representative - front desk - part-time,4195,2.583984375,False,5675,False
5173014007,phynetdermatology||patient services representative - front desk - part-time,4196,2.583984375,False,5674,False
8070633,accela||account executive,4197,2.580078125,False,5677,False
4326416009,metroveincenters||medical assistant,4198,2.580078125,False,5676,False
7537283003,"cookunity||vice president, growth marketing",4199,2.572265625,False,5679,False
7807754,rocketmiles||marketing consultant,4200,2.5703125,False,5681,False
6017548004,vailclinicincdbavailhealthhospital||dexa tech - part time,4201,2.568359375,False,5682,False
8418663002,spacex||supplier quality specialist - 3rd shift,4202,2.56640625,False,5684,False
7796113003,godaddy||executive admin,4203,2.564453125,False,5685,False
JR-0091825,kiongroup|wd3|kion_scs||electro-mechanical technician level 4,4204,2.5625,False,5687,False
8014303,carvana||customer service delivery advocate - long island ny - patchogue,4205,2.5625,False,5686,False
R4043832,gehc|wd5|gehc_externalsite||biomed technician ii,4206,2.560546875,False,5690,False
8641461002,veterinarypracticepartners||veterinary assistant,4207,2.560546875,False,5689,False
7651504003,shopmonkey||sales development representative,4208,2.560546875,False,5688,False
8643041002,guidepoint||executive recruiter,4209,2.55859375,False,5692,False
8059510,toast||bilingual strategic cuisines account executive,4210,2.55859375,False,5691,False
6114500004,"altoslabs||scientist, in vivo biology",4211,2.556640625,False,5693,False
5365051008,birgo||client services representative,4212,2.552734375,False,5695,False
8053309,alkujobs||personnel services coordinator,4213,2.548828125,False,5696,False
5190770007,brillapubliccharterschools||2026-27 high school placement counselor,4214,2.54296875,False,5698,False
"Otis Elevator Co India Ltd. SAKAR – IX, Sixth Floor Unit Nos. 617 & 618, Beside Old Reserve Bank Of India, Near City Gold, Ashram Road, Ahmedabad 380 009, Gujarat-India",otis|wd5|rec_ext_gateway||executive field service,4215,2.5390625,False,5704,False
8642011002,camp||sales associate,4216,2.5390625,False,5703,False
8069228,"synack||security analyst, part-time",4217,2.5390625,False,5702,False
R0136733,hitachi|wd1|hitachi||hr service specialist,4218,2.537109375,False,5706,False
5278108008,"theknotworldwide||associate, venue business",4219,2.537109375,False,5705,False
6110217004,"vailclinicincdbavailhealthhospital||obstetrics & gynecology physician, nocturnist",4220,2.53515625,False,5707,False
6121526004,focuspartnerswealth||advisory team associate,4221,2.533203125,False,5708,False
6019960004,vailclinicincdbavailhealthhospital||radiation therapist - full time,4222,2.53125,False,5709,False
7811677003,wellthy-care-network||full-time special needs personal assistant,4223,2.525390625,False,5714,False
7686448003,cookunity||sustainability associate,4224,2.525390625,False,5713,False
369a6e96-26df-4c46-b877-0505aabd5dfc,"scribe||account executive, mid market",4225,2.525390625,False,5712,False
6113759004,vailclinicincdbavailhealthhospital||security specialist - days,4226,2.51953125,False,5716,False
8641310002,veterinarypracticepartners||kennel assistant,4227,2.517578125,False,5718,False
8617974002,cannondesign||payroll coordinator ii,4228,2.517578125,False,5717,False
8594579002,spacex||classified cyber assurance analyst,4229,2.513671875,False,5719,False
8641891002,financialtechnologypartners||equity research associate – fintech,4230,2.509765625,False,5721,False
7777261003,prizepicks||associate retention analyst,4231,2.5078125,False,5728,False
6121129004,experigreen||technician ii - turfmen lawns,4232,2.5078125,False,5727,False
5364589008,"siliconranch||associate legal counsel, real estate and project development",4233,2.5078125,False,5726,False
5361271008,spsnorthamerica||office services specialist,4234,2.5078125,False,5725,False
5344957008,help||residential plumber,4235,2.5078125,False,5724,False
8622804002,sponsorsforeducationalopportunity||12th grade scholar advisor,4236,2.505859375,False,5729,False
8599825002,spacex||information system security officer,4237,2.50390625,False,5731,False
R-0000180202,rbc|wd3|rbcglobal1||trade surveillance analyst,4238,2.501953125,False,5733,False
8026766,fanduel||media associate,4239,2.5,False,5735,False
4707565005,imaginepediatrics||mental health therapist,4240,2.5,False,5734,False
4313142009,headlandsresearch||pharmacy coordinator,4241,2.498046875,False,5736,False
8642146002,allcareers||board certified behavior analyst *$5k first year bonus*,4242,2.49609375,False,5737,False
5832809004,corcepttherapeutics||clinical sales specialist,4243,2.4921875,False,5739,False
8641541002,veterinarypracticepartners||veterinary technician- er / overnights,4244,2.490234375,False,5741,False
8468662002,spacex||benefits analyst,4245,2.490234375,False,5740,False
5365127008,medelitellc||certified nursing assistant,4246,2.48828125,False,5743,False
5190784007,phynetdermatology||medical assistant,4247,2.48828125,False,5742,False
R-025837,columbiasportswearcompany|wd5|retail||retail sales associate,4248,2.486328125,False,5747,False
7800587003,"sofi||insurance agent, protect - west coast shift",4249,2.486328125,False,5746,False
5997871004,monks||business analyst,4250,2.486328125,False,5745,False
4696879005,effectiveschoolsolutions||school-based mental health technician,4251,2.486328125,False,5744,False
8526723002,suvoda||pricing & contracts analyst,4252,2.484375,False,5748,False
4047855009,encoura||engagement ambassador - university of delaware,4253,2.482421875,False,5749,False
5826730004,"vailclinicincdbavailhealthhospital||certified registered nurse anesthetist (crna), independent contractor",4254,2.48046875,False,5750,False
8643095002,allcareers||behavioral specialist,4255,2.4765625,False,5751,False
5783183004,vailclinicincdbavailhealthhospital||mohs surgeon - dermatologist,4256,2.474609375,False,5754,False
5202326008,greenpointtechnologies||aircraft inspector iii,4257,2.474609375,False,5753,False
5190471007,"fo||mechanic assistant, seasonal full-time",4258,2.474609375,False,5752,False
8581427002,spacex||hr business partner,4259,2.470703125,False,5758,False
04631c0b-ee28-482d-baaa-15e6c918bbf1,roshalimaging||ultrasound technologist,4260,2.470703125,False,5756,False
7539356,democracypreppublicschools||pre-k teacher's aide,4261,2.46875,False,5761,False
4698277006,ernesta||sales and design consultant,4262,2.46875,False,5760,False
8642774002,cranialtechnologies||business development representative - ventura county,4263,2.466796875,False,5764,False
6112574004,supplyhouse||junior accountant,4264,2.466796875,False,5763,False
5362997008,armstrongtransportgroup||corporate counsel,4265,2.462890625,False,5766,False
7782218003,shopmonkey||customer support representative - u.s. based,4266,2.458984375,False,5768,False
6121473004,guidepointsecurity||field marketing specialist,4267,2.45703125,False,5769,False
4346275007,"powerdigitalmarketing||fashion marketing & account management intern, fall 2026",4268,2.455078125,False,5770,False
5362492008,optimalcare||medical assistant,4269,2.453125,False,5772,False
4625373005,"thenewyorktimes||video reporter, texas",4270,2.453125,False,5771,False
8077194,carvana||security associate - 2nd shift,4271,2.451171875,False,5774,False
4703820005,blackedgecapital||quantitative trader intern,4272,2.447265625,False,5777,False
5777947004,"vailclinicincdbavailhealthhospital||mammography tech - dillon, prn",4273,2.443359375,False,5780,False
7804592003,compasshealthcenter||mental health professional,4274,2.43359375,False,5782,False
JR-032375,centerstone|wd5|centerstonecareers||office professional ccbhc,4275,2.431640625,False,5784,False
4691647005,effectiveschoolsolutions||[2026-2027] school-based mental health technician,4276,2.431640625,False,5783,False
8067162,clever||strategic account executive,4277,2.4296875,False,5786,False
8014302,carvana||security associate - 3rd shift,4278,2.42578125,False,5789,False
7810039003,otterbein||maintenance assistant,4279,2.42578125,False,5788,False
6110526004,vailclinicincdbavailhealthhospital||radiology tech - prn,4280,2.41796875,False,5791,False
4047841009,encoura||engagement ambassador - uc berkeley,4281,2.41796875,False,5790,False
4717086005,found||social media coordinator,4282,2.4140625,False,5793,False
8636916002,centriaautism||junior facilities stager,4283,2.412109375,False,5795,False
R-147237,"nttlimited|wd3|ntt_careers||data privacy officer, apac",4284,2.408203125,False,5799,False
8612010002,suvoda||site support specialist,4285,2.408203125,False,5798,False
7806935003,berkadia||real estate analyst,4286,2.408203125,False,5797,False
4955284007,rvi||planner,4287,2.408203125,False,5796,False
7735577,crunchyroll||head of ecommerce,4288,2.40625,False,5802,False
6112163004,vailclinicincdbavailhealthhospital||hhsm - patient access representative,4289,2.40625,False,5801,False
5174541007,urpt||talent acquisition partner,4290,2.40625,False,5800,False
5188862007,vanguarddermatology||medical assistant,4291,2.40234375,False,5805,False
4593259005,acornhealth||behavior technician,4292,2.40234375,False,5804,False
4299803009,securitize||marketing operations,4293,2.40234375,False,5803,False
5826258004,vailclinicincdbavailhealthhospital||radiology tech,4294,2.3984375,False,5807,False
5316860008,bythebayhealth||certified child life specialist,4295,2.396484375,False,5809,False
8642299002,alphagrepsecurities||accountant,4296,2.39453125,False,5811,False
8026758,"alphasights||legal & compliance, research compliance associate",4297,2.39453125,False,5810,False
8046303,morganfranklinconsultingllc||human resources business partner,4298,2.38671875,False,5813,False
588164,"philips|wd3|jobs-and-careers||biomedical equipment technician - kingston, new york",4299,2.384765625,False,5815,False
5077227007,familyofkidz||speech therapist evaluator- westchester,4300,2.3828125,False,5816,False
5364176008,oralsurgerypartners||surgical assistant,4301,2.380859375,False,5817,False
8636105002,centriaautism||center administrator,4302,2.37890625,False,5818,False
7808085003,crfamilyofcompanies||technical writer,4303,2.376953125,False,5820,False
8642192002,allcareers||aba supervisor - bcba,4304,2.37109375,False,5823,False
6008159004,"treelinebiosciences||vice president, head of quality assurance",4305,2.3671875,False,5825,False
4295479009,lakefieldveterinarygroup||customer service representative,4306,2.361328125,False,5827,False
5833443004,vailclinicincdbavailhealthhospital||physician - internal medicine,4307,2.359375,False,5828,False
4713910005,springfertility||people team specialist,4308,2.357421875,False,5829,False
R-180112,republic|wd5|republic||chemical processing operator i,4309,2.353515625,False,5832,False
8639099002,welbehealth||dietary assistant,4310,2.349609375,False,5836,False
6026675004,huddleup||virtual occupational therapist,4311,2.34765625,False,5837,False
f1d7416c-21e6-4af4-ba4e-f260a6c87af3,tellos||registered behavior technician,4312,2.345703125,False,5841,False
5344724008,jensenhughes||consultant - fire safety & emergency management,4313,2.345703125,False,5840,False
5361696008,spsnorthamerica||junior executive receptionist,4314,2.34375,False,5842,False
8544478002,"spacex||commercial counsel, starlink",4315,2.33984375,False,5846,False
7906106,sweetgreen||assistant coach,4316,2.337890625,False,5849,False
6119728004,hcesquared||medical grant writer,4317,2.337890625,False,5848,False
5172107007,communitymanager||maintenance supervisor,4318,2.337890625,False,5847,False
5184948007,urpt||physical therapist,4319,2.330078125,False,5853,False
4780374008,clearviewhealthcarepartners||life sciences strategy consultant,4320,2.330078125,False,5852,False
8075268,guidepostmontessori||assistant teacher,4321,2.326171875,False,5855,False
8072124,greenthumbindustries||delivery driver,4322,2.322265625,False,5856,False
5765993004,vailclinicincdbavailhealthhospital||nuclear medicine technologist - prn,4323,2.3203125,False,5857,False
5190466007,"inhometherapy||physical therapist assistant, pta",4324,2.318359375,False,5858,False
4710442005,effectiveschoolsolutions||[2026-2027] mental health technician,4325,2.31640625,False,5862,False
4257212009,"headlandsresearch||nurse practitioner - plymouth, ma - clinical research",4326,2.314453125,False,5864,False
8641622002,veterinarypracticepartners||licensed veterinary technician,4327,2.3125,False,5865,False
5529809004,corcepttherapeutics||clinical sales specialist (cs) - jacksonville south,4328,2.3046875,False,5868,False
8075480,greenthumbindustries||outdoor maintenance technician,4329,2.302734375,False,5870,False
ebc2451c-856e-42ab-be2e-278c26b41d08,directive||paid social strategist (remote us)- future opening,4330,2.30078125,False,5872,False
5230876008,convenientmd||licensed practical nurse,4331,2.30078125,False,5871,False
8616003002,optiverus||graduate equity analyst,4332,2.298828125,False,5873,False
5189480007,neda||medical assistant,4333,2.296875,False,5875,False
8075179,guidepostmontessori||spanish assistant teacher,4334,2.294921875,False,5877,False
5713075004,monks||chief creative officer,4335,2.287109375,False,5879,False
5104513007,communitymanager||maintenance apprentice,4336,2.287109375,False,5878,False
4697702006,triumvirateenvironmental||environmental specialist,4337,2.28125,False,5881,False
8075072,"madisonreedcolorbar||colorist, licensed cosmetologist",4338,2.279296875,False,5882,False
5161124007,urpt||physical therapist - part time,4339,2.27734375,False,5884,False
6114872004,vailclinicincdbavailhealthhospital||patient access representative,4340,2.26953125,False,5887,False
6538736003,compasshealthcenter||patient advocate,4341,2.265625,False,5889,False
1371a363-ff11-4123-a24a-255a3633668f,directive||paid social strategist (remote canada) - future opening,4342,2.265625,False,5888,False
R0021762,"ascensushr|wd1|ascensuscareers||associate financial analyst, 529 back office - india",4343,2.259765625,False,5897,False
4684207006,onbe||client support specialist,4344,2.259765625,False,5893,False
R2613925,medline|wd5|medline||analyst prime vendor,4345,2.2578125,False,5901,False
8642225002,allcareers||bcba supervisor,4346,2.2578125,False,5900,False
4716829005,effectiveschoolsolutions||mental health technician,4347,2.2578125,False,5898,False
7494945003,compasshealthcenter||clinical therapist,4348,2.251953125,False,5904,False
4698272006,sagesure||special investigator ii,4349,2.251953125,False,5903,False
4251715009,lakefieldveterinarygroup||neurology veterinary assistant,4350,2.25,False,5905,False
6117700004,vailclinicincdbavailhealthhospital||sonographer,4351,2.248046875,False,5909,False
6009179004,vailclinicincdbavailhealthhospital||retail pharmacist - part time,4352,2.248046875,False,5908,False
5977329004,corcepttherapeutics||clinical sales specialist (cs) - washington d.c. east,4353,2.248046875,False,5907,False
R000072506,chevron|wd5|jobs||geopolitical risk analyst - maritime and transnational,4354,2.244140625,False,5910,False
6120139004,pfm||regulatory and site start up specialist,4355,2.2421875,False,5912,False
6120137004,precisionmedicinegroup||regulatory and site start up specialist,4356,2.2421875,False,5911,False
8640113002,veterinarypracticepartners||veterinary receptionist,4357,2.236328125,False,5916,False
8075165,bbyo||associate talent services,4358,2.234375,False,5918,False
6115057004,natera||pathology support coordinator,4359,2.234375,False,5917,False
8053807,collectivehealth||customer service representative,4360,2.23046875,False,5921,False
5848429004,corcepttherapeutics||clinical sales specialist (cs) - houston southwest,4361,2.23046875,False,5919,False
5594495004,"vailclinicincdbavailhealthhospital||radiology tech - prn, dillon surgery center",4362,2.228515625,False,5924,False
5365605008,heartpaw||veterinary assistant,4363,2.228515625,False,5923,False
7769002,reddit||creative strategist - app dev,4364,2.2265625,False,5927,False
7757578003,"revolutionmedicines||scientist ii, drug product",4365,2.2265625,False,5926,False
8014796,sweetgreen||quality assurance specialist,4366,2.224609375,False,5931,False
4246708009,"headlandsresearch||nurse practitioner or physician assistant - plymouth, ma - clinical research",4367,2.220703125,False,5932,False
5250799008,luminaryhospice||hospice aide,4368,2.21484375,False,5934,False
8614844002,welbehealth||physical therapist,4369,2.212890625,False,5941,False
6118938004,"vailclinicincdbavailhealthhospital||nurse practitioner, acute pain",4370,2.208984375,False,5942,False
4047760009,encoura||engagement ambassador - university of colorado,4371,2.20703125,False,5943,False
R-172576,vwr|wd1|avantorjobs||sales specialist - critical environment & safety,4372,2.1953125,False,5947,False
5190473007,"inhometherapy||certified occupational therapy assistant, cota",4373,2.18359375,False,5951,False
8639546002,spacex||property tax analyst,4374,2.1796875,False,5954,False
8568074002,cannondesign||legal student intern,4375,2.1796875,False,5953,False
6121112004,thoropass||outbound marketing development representative,4376,2.1796875,False,5952,False
8642226002,allcareers||behavior analyst,4377,2.177734375,False,5958,False
8632882002,"theriversidecompany||2026 fundraising support analyst, fundraising and investor relations",4378,2.173828125,False,5961,False
8573889002,centriaautism||north grand rapids- center administrator,4379,2.173828125,False,5960,False
8641527002,veterinarypracticepartners||veterinary assistant and kennel attendant,4380,2.171875,False,5963,False
8642227002,allcareers||board certified behavior analyst,4381,2.16796875,False,5964,False
5206266008,cannabisandglass||retail associate - budtender,4382,2.166015625,False,5965,False
7693216003,smavagmbh||baufinanzierungsberater (w/m/d) im homeoffice,4383,2.162109375,False,5967,False
7811648003,crfamilyofcompanies||social and digital media specialist,4384,2.154296875,False,5968,False
4697812006,naturesbakery||3rd shift sanitation technician,4385,2.15234375,False,5969,False
5362908008,croihealth||full time hospice chaplain,4386,2.150390625,False,5970,False
8642197002,cortica||aba supervisor,4387,2.146484375,False,5973,False
4326570009,headlandsresearch||physician assistant - clinical research,4388,2.146484375,False,5972,False
5191104007,urpt||physical therapist assistant,4389,2.14453125,False,5974,False
4324707009,guildgaragegroup||garage door sales consultant,4390,2.142578125,False,5975,False
7798190003,otterbein||resident assistant,4391,2.140625,False,5976,False
73b6953f-c63c-40c9-a913-26049ebe9e6e,jobs-page-4dc2685b-eb82-46d1-a3f9-1f0764dba814||general counsel @ accrete,4392,2.138671875,False,5977,False
8621439002,spacex||physical security specialist,4393,2.13671875,False,5978,False
4714129005,cbemllc||stabilization interventionist,4394,2.134765625,False,5980,False
4678272006,specialty1||registered dental assistant,4395,2.1328125,False,5981,False
5138579008,luminaryhospice||prn hospice aide,4396,2.12109375,False,5982,False
5364664008,croihealth||medical social worker,4397,2.119140625,False,5984,False
5287436008,guidelighthealth||psychiatric nurse practitioner,4398,2.115234375,False,5985,False
5257072008,cannabisandglass||walk-in retail associate - budtender,4399,2.109375,False,5988,False
4312980009,headlandsresearch||study participant recruiter,4400,2.107421875,False,5989,False
071f5d3d-570d-44df-83c0-3866e14524e4,"directive||account strategist, paid media",4401,2.10546875,False,5991,False
8d19b8fb-498b-4e93-9aae-c308c8be1dfa,directive||paid media strategist,4402,2.103515625,False,5992,False
8619418002,veterinarypracticepartners||grooming assistant,4403,2.08984375,False,5995,False
8076065,"goldenstate||specialist, internal communications",4404,2.08984375,False,5994,False
6008379004,epicgamesfrench||concepteur technique en animation,4405,2.0859375,False,5998,False
5362834008,luminaryhospice||evening hospice aide,4406,2.0859375,False,5996,False
JR48498,weis|wd108|careers||retail crime investigator,4407,2.068359375,False,6000,False
4717143005,acornhealth||board certified behavior analyst,4408,2.0625,False,6003,False
8567815002,"spacex||corporate counsel, securities",4409,2.056640625,False,6005,False
6111846004,vailclinicincdbavailhealthhospital||endocrinologist,4410,2.05078125,False,6007,False
8044880,squarepointcapital||junior credit fundamental research analyst,4411,2.048828125,False,6012,False
6121327004,morganmorganjobsapplynow||litigation assistant,4412,2.041015625,False,6015,False
8054528,fanduel||commercial marketing associate,4413,2.0390625,False,6016,False
8626611002,centriaautism||community outreach specialist (inside sales)- virginia,4414,2.03125,False,6022,False
6121142004,koalafi||customer and merchant advocacy team (cmat) case agent,4415,2.03125,False,6021,False
4313182009,headlandsresearch||clinical research - medical receptionist,4416,2.03125,False,6019,False
4326559009,headlandsresearch||nurse practitioner or physician assistant - clinical research,4417,2.02734375,False,6025,False
8075139,"madisonreedcolorbar||hair color bar assistant, licensed cosmetologist",4418,2.013671875,False,6029,False
4715609005,ensono||commercial counsel,4419,2.01171875,False,6030,False
R32803,allstate|wd5|allstate_careers||nest supplement appraiser,4420,2.0,False,6032,False
6015429004,modernanimal||registered veterinary technician - playa vista,4421,1.9970703125,False,6034,False
5985378004,vailclinicincdbavailhealthhospital||financial counselor,4422,1.994140625,False,6036,False
4698293006,pediatricsplus||part time documentation coordinator,4423,1.982421875,False,6037,False
5182441008,luminaryhospice||prn night hospice aide,4424,1.9814453125,False,6038,False
R2026-6204,rocket|wd5|rocket_careers||accountant,4425,1.9599609375,False,6042,False
6017501004,natera||histology lab operator ii,4426,1.9599609375,False,6041,False
6553227003,compasshealthcenter||teacher's assistant,4427,1.9580078125,False,6043,False
5365980008,moodhealth||licensed mental health counselor,4428,1.95703125,False,6045,False
8076644,greenthumbindustries||asset protection specialist,4429,1.947265625,False,6048,False
5783235004,vailclinicincdbavailhealthhospital||dermatologist,4430,1.947265625,False,6047,False
R189795,maersk|wd3|maersk_careers||industrial trainee,4431,1.9423828125,False,6051,False
PT-JR041003,ms|wd5|external||application and infrastructure security specialist - assistant vice president,4432,1.9423828125,False,6050,False
5191156007,reprofreedomforallinternships||fall 2026 development intern,4433,1.9345703125,False,6052,False
4299365009,nationallifeinsurancecompany||new business case management specialist - mandarin speaking,4434,1.931640625,False,6053,False
8573472002,spacex||industrial hygienist,4435,1.9306640625,False,6054,False
5997100004,vailclinicincdbavailhealthhospital||outpatient behavioral health tech,4436,1.9287109375,False,6055,False
5190432007,imafinancialgroup||financial strategist,4437,1.916015625,False,6058,False
4303630009,advancedspace||contracts specialist,4438,1.9150390625,False,6060,False
4936005003,compasshealthcenter||registered nurse,4439,1.912109375,False,6062,False
JR040093,ms|wd5|private||client relationship analyst,4440,1.9111328125,False,6063,False
4691029006,onbe||product marketing specialist,4441,1.91015625,False,6066,False
JR103283,multimatic|wd10|mmec||front office coordinator,4442,1.9091796875,False,6067,False
6008370004,corcepttherapeutics||clinical research associate ii,4443,1.904296875,False,6068,False
8060408,fwdus||external affairs intern,4444,1.8994140625,False,6069,False
5361609008,renpsg||executive assistant,4445,1.8955078125,False,6070,False
4299355009,nationallifeinsurancecompany||new business case management specialist - spanish speaking,4446,1.89453125,False,6071,False
5291544008,"theknotworldwide||new business field sales representative, portuguese market",4447,1.8916015625,False,6072,False
4321653009,metroveincenters||registered vascular technologist,4448,1.8818359375,False,6075,False
8016767,doordashindia||quality assurance subject matter expert,4449,1.8720703125,False,6076,False
8621499002,welbehealth||occupational therapist,4450,1.86328125,False,6077,False
5980247004,vailclinicincdbavailhealthhospital||clinical research coordinator,4451,1.8505859375,False,6078,False
8525186002,centriahealthcare||bt onboarding specialist,4452,1.849609375,False,6079,False
5137597007,communitymanager||leasing specialist,4453,1.8486328125,False,6080,False
4916007008,luminaryhospice||hospice care consultant,4454,1.8447265625,False,6084,False
8641842002,centriahealthcare||home health nurse- lpn/ rn,4455,1.841796875,False,6086,False
4307110009,nationallutheraninc||fitness specialist,4456,1.83984375,False,6087,False
4680173006,engageseniortherapy||speech-language pathologist - per diem,4457,1.837890625,False,6088,False
4710448005,effectiveschoolsolutions||part-time mental health professional development trainer and coach,4458,1.8330078125,False,6089,False
4698564006,naturesbakery||2nd shift maintenance technician i,4459,1.8271484375,False,6090,False
4515001008,fiveringsllc||experienced/lateral - compliance analyst,4460,1.8173828125,False,6093,False
4856600003,compasshealthcenter||patient care coordinator,4461,1.802734375,False,6099,False
84e0c928-1267-452f-bc89-a673df0876e5,big-leap-health||coding specialist,4462,1.798828125,False,6101,False
5173951007,foundationriskpartners||benefits administration analyst,4463,1.7958984375,False,6103,False
4112953009,"vianttechnology||head of industry, travel",4464,1.7958984375,False,6102,False
5361795008,luminaryhospice||medical social worker (msw) prn,4465,1.7939453125,False,6104,False
8019018,reddit||creative strategist - finance,4466,1.791015625,False,6105,False
JR040877,ms|wd5|external||client relationship analyst,4467,1.7841796875,False,6107,False
4716679005,effectiveschoolsolutions||[2026-2027] bilingual school-based therapist,4468,1.7841796875,False,6106,False
9512,velera|wd5|veleracareers||quality assurance consultant (client delivery experience) - remote,4469,1.76171875,False,6115,False
5238337008,luminaryhospice||medical social worker,4470,1.7529296875,False,6116,False
R-10399189,"fiserv|wd5|ext||vice president, adoption marketing and automation",4471,1.7421875,False,6118,False
R0039971,harriscomputer|wd3|gbs||credentialing specialist,4472,1.728515625,False,6119,False
4674206006,specialty1||treatment coordinator,4473,1.7275390625,False,6120,False
7810327003,ieqcapital||administrative assistant,4474,1.7265625,False,6121,False
5251386008,luminaryhospice||prn medical social worker,4475,1.7255859375,False,6122,False
7810438003,thinkacademyus||remote language arts teacher,4476,1.7216796875,False,6125,False
70,pssmsi||practicum student,4477,1.6962890625,False,6127,False
9fa6a696-7025-4e47-898a-94fb9bcedf1b,meridianlink||client support specialist ii,4478,1.6923828125,False,6128,False
5191082007,elitedentalpartnersllc||dental assistant,4479,1.6826171875,False,6131,False
5152142008,luminaryhospice||hospice volunteer,4480,1.6728515625,False,6133,False
4715716005,cbemllc||critical intervention specialist,4481,1.6552734375,False,6136,False
6119925004,harringtonorthodontics||treatment coordinator,4482,1.642578125,False,6138,False
8542315002,spacex||global immigration and compliance specialist,4483,1.6376953125,False,6140,False
5365171008,theperiscopegroup||physical / occupational therapist consultant,4484,1.6298828125,False,6142,False
5971810004,"vailclinicincdbavailhealthhospital||advanced practice practitioner, internal medicine",4485,1.625,False,6144,False
7796075003,airsculpt||registered nurse,4486,1.6240234375,False,6145,False
4138505009,headlandsresearch||clinical research nurse,4487,1.609375,False,6147,False
8643143002,centriaautism||center-based registered behavior technician,4488,1.60546875,False,6149,False
8643142002,centriaautism||center-based behavior technician,4489,1.578125,False,6153,False
5120034007,urpt||prn - athletic trainer,4490,1.5654296875,False,6159,False
6117649004,vailclinicincdbavailhealthhospital||housekeeper,4491,1.544921875,False,6164,False
8075658,asana||chief accounting officer,4492,1.533203125,False,6169,False
5365471008,msfcareers||donor services assistant,4493,1.515625,False,6171,False
4298294009,headlandsresearch||bilingual patient recruitment specialist,4494,1.513671875,False,6172,False
8592681002,centriaautism||clinical recruiter,4495,1.5107421875,False,6173,False
R-180018,republic|wd5|republic||heavy equipment operator,4496,1.5087890625,False,6174,False
7807661003,airsculpt||licensed vocational nurse,4497,1.4990234375,False,6175,False
4698094006,concentric||executive protection agent,4498,1.4814453125,False,6178,False
6538644003,compasshealthcenter||family therapist,4499,1.47265625,False,6182,False
6115930004,vailclinicincdbavailhealthhospital||presurgical planning rn - prn,4500,1.470703125,False,6183,False
8642196002,unitedfirm||criminal defense attorney,4501,1.4609375,False,6185,False
7808038003,crestwoodcareers||recovery coach | entry-level mental health aide,4502,1.4609375,False,6184,False
5316642008,greenbrookmedical||referral coordinator,4503,1.4599609375,False,6186,False
8642198002,unitedfirm||entry-level criminal defense attorney,4504,1.4423828125,False,6188,False
8639048002,cranialtechnologies||registered nurse,4505,1.4365234375,False,6191,False
8500905002,"mboothhealth||executive vice president, marketing communications",4506,1.4365234375,False,6190,False
8044834,asana||commercial counsel,4507,1.4365234375,False,6189,False
8639045002,cranialtechnologies||physical therapist,4508,1.4208984375,False,6193,False
8639046002,cranialtechnologies||occupational therapist,4509,1.412109375,False,6194,False
4694165006,concentric||corporate security community ambassador,4510,1.38671875,False,6196,False
5183230007,urpt||physical therapy technician,4511,1.3857421875,False,6197,False
5279014008,luminaryhospice||patient team assistant,4512,1.3818359375,False,6198,False
4321805009,kodiaksolutions||unclaimed property consulting associate,4513,1.375,False,6199,False
5849776,democracypreppublicschools||prek teacher’s assistant,4514,1.3701171875,False,6200,False
7810187003,crfamilyofcompanies||financial analyst,4515,1.3681640625,False,6201,False
7788691003,teachforall||media and editorial coordinator,4516,1.3447265625,False,6203,False
5174035007,"urpt||licensed athletic trainer - gulf shores, alabama",4517,1.3251953125,False,6204,False
5148785008,luminaryhospice||prn hospice chaplain,4518,1.3173828125,False,6205,False
5211451008,luminaryhospice||hospice chaplain,4519,1.29296875,False,6210,False
R157728,ntrs|wd1|northerntrust||associate consultant,4520,1.2890625,False,6214,False
6239055003,compasshealthcenter||education specialist,4521,1.275390625,False,6216,False
4520ca85-cf0b-4788-b293-0e724eaa61c1,campus||economics instructor,4522,1.26953125,False,6217,False
5192014007,freedomconsulting||facility security officer / personnel security officer,4523,1.2490234375,False,6220,False
5462266004,"corcepttherapeutics||medical science liaison, endocrinology – mid-atlantic region",4524,1.216796875,False,6222,False
8606954002,"icapitalnetwork||corporate finance, equity - associate",4525,1.2109375,False,6223,False
5962592003,compasshealthcenter||psychiatric nurse practitioner,4526,1.1787109375,False,6225,False
6121118004,optimadermatologycareers||mohs medical assistant,4527,1.177734375,False,6226,False
6106344004,vailclinicincdbavailhealthhospital||clinical trial research assistant,4528,1.171875,False,6227,False
5735790004,optimadermatologycareers||medical assistant,4529,1.134765625,False,6228,False
4697991006,specialty1||accounts payable specialist,4530,1.12890625,False,6229,False
5848558004,vailclinicincdbavailhealthhospital||occupational health nurse,4531,1.123046875,False,6230,False
5076643008,wovencare||qualified autism service practitioner-supervisor,4532,1.1181640625,False,6231,False
R18740,worldacceptance|wd12|world_finance||financial services representative,4533,1.1162109375,False,6232,False
4688856006,specialty1||insurance coordinator,4534,1.1142578125,False,6233,False
R0000043366,parexel|wd1|parexel_external_careers||regulatory affairs consultant- local regulatory affairs operations,4535,1.0869140625,False,6237,False
R1541160,iqvia|wd1|iqvia||snr reg affairs officer,4536,1.0751953125,False,6239,False
8074890,"webflow||associate general counsel, corporate",4537,1.0146484375,False,6242,False
6121491004,morganmorganjobsapplynow||accounting clerk,4538,0.99609375,False,6243,False
8044902,toast||accounting specialist,4539,0.9716796875,False,6245,False
4356871003,compasshealthcenter||adult psychiatrist,4540,0.96728515625,False,6246,False
4738219008,alliancedefendingfreedom||legal counsel,4541,0.9541015625,False,6247,False
4697428006,specialty1||accountant ii,4542,0.91748046875,False,6249,False
238652d9-1063-4219-bd86-aaf64de73116,campus||marketing instructor,4543,0.90673828125,False,6251,False
8639049002,cranialtechnologies||certified prosthetist orthotist,4544,0.89404296875,False,6252,False
7600045,flatironhealth||compliance risk specialist,4545,0.86767578125,False,6253,False
9abaddb9-c919-45e2-a5cd-d6b08084d871,truemed||categorization specialist,4546,0.80615234375,False,6254,False
JR101055,zenithamerican|wd5|zas||benefits billing/operations analyst,4547,0.77685546875,False,6255,False
8588508002,cranialtechnologies||customer service representative – parent liaison,4548,0.72021484375,False,6256,False
7770772003,smxtech||category 1 linguist,4549,0.62890625,False,6257,False
7810314003,otterbein||sales and marketing specialist,4550,0.60498046875,False,6258,False
5364765008,cpgroup||corporate accountant,4551,0.55615234375,False,6259,False
4697766006,specialty1||technical accounting analyst,4552,0.548828125,False,6260,False
7741083003,compasshealthcenter||tms psychiatrist,4553,0.5185546875,False,6262,False
JR105231,insbrk|wd5|rscareers||claims analyst,4554,0.49365234375,False,6263,False
6117887004,onecampaign||chief communications officer,4555,0.490478515625,False,6264,False
7810284003,coherehealth||commercial counsel,4556,0.408203125,False,6265,False
4695152006,specialty1||field marketing specialist,4557,0.40234375,False,6266,False
5192329007,reprofreedomforallinternships||fall 2026 government relations intern,4558,0.1773681640625,False,6267,False
